source,source_type,origin,destination,departure_date,advance_days,airline,flight_number,departure_time,arrival_time,fare_class,base_fare,taxes,convenience_fee,total_fare,currency,airport_path,collection_time,price_status
Ignav,API,DEL,BOM,2026-09-11,1,IndiGo,"5298, 5021",2026-09-11T09:00:00,2026-09-11T13:50:00,economy,,,,6195.0,INR,DEL > DED > BOM,2026-09-10T21:26:17.995903,verified
Ignav,API,DEL,BOM,2026-09-11,1,IndiGo,"6050, 6382",2026-09-11T08:15:00,2026-09-11T13:30:00,economy,,,,6195.0,INR,DEL > IXC > BOM,2026-09-10T21:26:17.996043,verified
Ignav,API,DEL,BOM,2026-09-11,1,Air India,1745,2026-09-11T05:00:00,2026-09-11T07:20:00,economy,,,,6314.0,INR,DEL > BOM,2026-09-10T21:26:17.996062,verified
Ignav,API,DEL,BOM,2026-09-11,1,IndiGo,6218,2026-09-11T06:05:00,2026-09-11T08:20:00,economy,,,,6425.0,INR,DEL > BOM,2026-09-10T21:26:17.996073,verified
Ignav,API,DEL,BOM,2026-09-11,1,IndiGo,6814,2026-09-11T07:15:00,2026-09-11T09:30:00,economy,,,,6425.0,INR,DEL > BOM,2026-09-10T21:26:17.996082,verified
Ignav,API,DEL,BOM,2026-09-11,1,IndiGo,320,2026-09-11T08:00:00,2026-09-11T10:20:00,economy,,,,6425.0,INR,DEL > BOM,2026-09-10T21:26:17.996092,verified
Ignav,API,DEL,BOM,2026-09-11,1,IndiGo,6328,2026-09-11T10:15:00,2026-09-11T12:35:00,economy,,,,6425.0,INR,DEL > BOM,2026-09-10T21:26:17.996100,verified
Ignav,API,DEL,BOM,2026-09-11,1,IndiGo,6107,2026-09-11T09:30:00,2026-09-11T11:55:00,economy,,,,6425.0,INR,DEL > BOM,2026-09-10T21:26:17.996109,verified
Ignav,API,DEL,BOM,2026-09-11,1,Air India,2678,2026-09-11T08:30:00,2026-09-11T10:45:00,economy,,,,6582.0,INR,DEL > BOM,2026-09-10T21:26:17.996121,verified
Ignav,API,DEL,BOM,2026-09-11,1,Air India,2975,2026-09-11T06:30:00,2026-09-11T08:50:00,economy,,,,6582.0,INR,DEL > BOM,2026-09-10T21:26:17.996130,verified
Ignav,API,DEL,BOM,2026-09-11,1,Air India,2995,2026-09-11T10:00:00,2026-09-11T12:25:00,economy,,,,6582.0,INR,DEL > BOM,2026-09-10T21:26:17.996139,verified
Ignav,API,DEL,BOM,2026-09-11,1,Air India,1785,2026-09-11T12:00:00,2026-09-11T14:25:00,economy,,,,6582.0,INR,DEL > BOM,2026-09-10T21:26:17.996148,verified
Ignav,API,DEL,BOM,2026-09-11,1,Air India,2927,2026-09-11T09:30:00,2026-09-11T12:00:00,economy,,,,6582.0,INR,DEL > BOM,2026-09-10T21:26:17.996156,verified
Ignav,API,DEL,BOM,2026-09-11,1,IndiGo,324,2026-09-11T13:00:00,2026-09-11T15:10:00,economy,,,,6583.0,INR,DEL > BOM,2026-09-10T21:26:17.996164,verified
Ignav,API,DEL,BOM,2026-09-11,1,IndiGo,675,2026-09-11T08:45:00,2026-09-11T11:00:00,economy,,,,6583.0,INR,DEL > BOM,2026-09-10T21:26:17.996172,verified
Ignav,API,DEL,BOM,2026-09-11,1,IndiGo,6047,2026-09-11T11:00:00,2026-09-11T13:15:00,economy,,,,6583.0,INR,DEL > BOM,2026-09-10T21:26:17.996180,verified
Ignav,API,DEL,BOM,2026-09-11,1,IndiGo,6676,2026-09-11T12:00:00,2026-09-11T14:15:00,economy,,,,6583.0,INR,DEL > BOM,2026-09-10T21:26:17.996188,verified
Ignav,API,DEL,BOM,2026-09-11,1,IndiGo,6318,2026-09-11T14:45:00,2026-09-11T17:00:00,economy,,,,6583.0,INR,DEL > BOM,2026-09-10T21:26:17.996197,verified
Ignav,API,DEL,BOM,2026-09-11,1,IndiGo,6022,2026-09-11T14:00:00,2026-09-11T16:25:00,economy,,,,6583.0,INR,DEL > BOM,2026-09-10T21:26:17.996208,verified
Ignav,API,DEL,BOM,2026-09-11,1,Air India Express,1056,2026-09-11T05:35:00,2026-09-11T08:05:00,economy,,,,6610.0,INR,DEL > BOM,2026-09-10T21:26:17.996217,verified
Ignav,API,DEL,BOM,2026-09-11,1,Air India,2429,2026-09-11T07:00:00,2026-09-11T09:25:00,economy,,,,6740.0,INR,DEL > BOM,2026-09-10T21:26:17.996229,verified
Ignav,API,DEL,BOM,2026-09-11,1,Air India,2943,2026-09-11T07:30:00,2026-09-11T09:55:00,economy,,,,6740.0,INR,DEL > BOM,2026-09-10T21:26:17.996238,verified
Ignav,API,DEL,BOM,2026-09-11,1,Air India,2945,2026-09-11T11:00:00,2026-09-11T13:25:00,economy,,,,6740.0,INR,DEL > BOM,2026-09-10T21:26:17.996246,verified
Ignav,API,DEL,BOM,2026-09-11,1,IndiGo,449,2026-09-11T05:00:00,2026-09-11T07:15:00,economy,,,,6793.0,INR,DEL > BOM,2026-09-10T21:26:17.996255,verified
Ignav,API,DEL,BOM,2026-09-11,1,IndiGo,864,2026-09-11T15:30:00,2026-09-11T17:45:00,economy,,,,6793.0,INR,DEL > BOM,2026-09-10T21:26:17.996263,verified
Ignav,API,DEL,BOM,2026-09-11,1,Akasa Air,1110,2026-09-11T10:30:00,2026-09-11T12:45:00,economy,,,,6880.0,INR,DEL > BOM,2026-09-10T21:26:17.996272,verified
Ignav,API,DEL,BOM,2026-09-11,1,Akasa Air,1833,2026-09-11T06:50:00,2026-09-11T09:10:00,economy,,,,6880.0,INR,DEL > BOM,2026-09-10T21:26:17.996280,verified
Ignav,API,DEL,BOM,2026-09-11,1,Akasa Air,1119,2026-09-11T08:40:00,2026-09-11T11:05:00,economy,,,,6880.0,INR,DEL > BOM,2026-09-10T21:26:17.996288,verified
Ignav,API,DEL,BOM,2026-09-11,1,Akasa Air,1836,2026-09-11T12:30:00,2026-09-11T14:55:00,economy,,,,6880.0,INR,DEL > BOM,2026-09-10T21:26:17.996300,verified
Ignav,API,DEL,BOM,2026-09-11,1,IndiGo,327,2026-09-11T16:15:00,2026-09-11T18:35:00,economy,,,,8473.0,INR,DEL > BOM,2026-09-10T21:26:17.996309,verified
Ignav,API,DEL,BOM,2026-09-11,1,Akasa Air,1128,2026-09-11T16:00:00,2026-09-11T18:20:00,economy,,,,10235.0,INR,DEL > BOM,2026-09-10T21:26:17.996332,verified
Ignav,API,DEL,BOM,2026-09-11,1,Akasa Air,1826,2026-09-11T19:55:00,2026-09-11T22:20:00,economy,,,,11200.0,INR,DEL > BOM,2026-09-10T21:26:17.996340,verified
Ignav,API,DEL,BOM,2026-09-11,1,IndiGo,322,2026-09-11T23:30:00,2026-09-12T01:45:00,economy,,,,11203.0,INR,DEL > BOM,2026-09-10T21:26:17.996349,verified
Ignav,API,DEL,BOM,2026-09-11,1,IndiGo,6114,2026-09-11T22:45:00,2026-09-12T01:05:00,economy,,,,11203.0,INR,DEL > BOM,2026-09-10T21:26:17.996358,verified
Ignav,API,DEL,BOM,2026-09-11,1,IndiGo,354,2026-09-11T19:00:00,2026-09-11T21:25:00,economy,,,,11203.0,INR,DEL > BOM,2026-09-10T21:26:17.996366,verified
Ignav,API,DEL,BOM,2026-09-11,1,Akasa Air,1820,2026-09-11T17:30:00,2026-09-11T19:45:00,economy,,,,12044.0,INR,DEL > BOM,2026-09-10T21:26:17.996374,verified
Ignav,API,DEL,BOM,2026-09-11,1,IndiGo,853,2026-09-11T20:45:00,2026-09-11T23:00:00,economy,,,,12253.0,INR,DEL > BOM,2026-09-10T21:26:17.996383,verified
Ignav,API,DEL,BOM,2026-09-11,1,IndiGo,395,2026-09-11T21:45:00,2026-09-12T00:05:00,economy,,,,12253.0,INR,DEL > BOM,2026-09-10T21:26:17.996391,verified
Ignav,API,DEL,BOM,2026-09-11,1,IndiGo,303,2026-09-11T20:00:00,2026-09-11T22:10:00,economy,,,,13513.0,INR,DEL > BOM,2026-09-10T21:26:17.996403,verified
Ignav,API,DEL,BOM,2026-09-11,1,IndiGo,6706,2026-09-11T17:00:00,2026-09-11T19:15:00,economy,,,,15088.0,INR,DEL > BOM,2026-09-10T21:26:17.996412,verified
Ignav,API,DEL,BOM,2026-09-11,1,IndiGo,329,2026-09-11T18:00:00,2026-09-11T20:15:00,economy,,,,15088.0,INR,DEL > BOM,2026-09-10T21:26:17.996420,verified
Ignav,API,DEL,BOM,2026-09-11,1,Air India,2981,2026-09-11T21:00:00,2026-09-11T23:20:00,economy,,,,16583.0,INR,DEL > BOM,2026-09-10T21:26:17.996429,verified
Ignav,API,DEL,BOM,2026-09-11,1,Air India,2433,2026-09-11T21:30:00,2026-09-11T23:55:00,economy,,,,16583.0,INR,DEL > BOM,2026-09-10T21:26:17.996437,verified
Ignav,API,DEL,BOM,2026-09-11,1,Air India,2439,2026-09-11T23:00:00,2026-09-12T01:25:00,economy,,,,16583.0,INR,DEL > BOM,2026-09-10T21:26:17.996445,verified
Ignav,API,DEL,BOM,2026-09-11,1,Air India Express,1235,2026-09-11T23:25:00,2026-09-12T01:50:00,economy,,,,16844.0,INR,DEL > BOM,2026-09-10T21:26:17.996453,verified
Ignav,API,DEL,BOM,2026-09-11,1,Air India,2955,2026-09-11T18:00:00,2026-09-11T20:25:00,economy,,,,17350.0,INR,DEL > BOM,2026-09-10T21:26:17.996461,verified
Ignav,API,DEL,BOM,2026-09-11,1,SpiceJet,162,2026-09-11T19:55:00,2026-09-11T22:30:00,economy,,,,19603.0,INR,DEL > BOM,2026-09-10T21:26:17.996469,verified
Ignav,API,DEL,BOM,2026-09-11,1,Air India,2941,2026-09-11T16:30:00,2026-09-11T18:50:00,economy,,,,23844.0,INR,DEL > BOM,2026-09-10T21:26:17.996477,verified
Ignav,API,DEL,BOM,2026-09-11,1,Air India,441,2026-09-11T17:00:00,2026-09-11T19:25:00,economy,,,,23844.0,INR,DEL > BOM,2026-09-10T21:26:17.996489,verified
Ignav,API,DEL,BOM,2026-09-11,1,Air India,2985,2026-09-11T19:30:00,2026-09-11T21:55:00,economy,,,,24747.0,INR,DEL > BOM,2026-09-10T21:26:17.996497,verified
Ignav,API,DEL,BOM,2026-09-11,1,Air India,2951,2026-09-11T13:30:00,2026-09-11T15:50:00,economy,,,,33304.0,INR,DEL > BOM,2026-09-10T21:26:17.996506,verified
Ignav,API,DEL,BOM,2026-09-17,7,SpiceJet,162,2026-09-17T19:55:00,2026-09-17T22:40:00,economy,,,,5424.0,INR,DEL > BOM,2026-09-10T21:26:19.331393,verified
Ignav,API,DEL,BOM,2026-09-17,7,SpiceJet,2802,2026-09-17T22:45:00,2026-09-18T01:25:00,economy,,,,5689.0,INR,DEL > BOM,2026-09-10T21:26:19.331432,verified
Ignav,API,DEL,BOM,2026-09-17,7,Akasa Air,1128,2026-09-17T16:00:00,2026-09-17T18:20:00,economy,,,,5784.0,INR,DEL > BOM,2026-09-10T21:26:19.331445,verified
Ignav,API,DEL,BOM,2026-09-17,7,Akasa Air,1112,2026-09-17T09:20:00,2026-09-17T11:40:00,economy,,,,6180.0,INR,DEL > BOM,2026-09-10T21:26:19.331461,verified
Ignav,API,DEL,BOM,2026-09-17,7,Akasa Air,1836,2026-09-17T12:05:00,2026-09-17T14:25:00,economy,,,,6180.0,INR,DEL > BOM,2026-09-10T21:26:19.331470,verified
Ignav,API,DEL,BOM,2026-09-17,7,Akasa Air,1820,2026-09-17T17:30:00,2026-09-17T19:50:00,economy,,,,6180.0,INR,DEL > BOM,2026-09-10T21:26:19.331480,verified
Ignav,API,DEL,BOM,2026-09-17,7,Akasa Air,1119,2026-09-17T08:40:00,2026-09-17T11:05:00,economy,,,,6180.0,INR,DEL > BOM,2026-09-10T21:26:19.331496,verified
Ignav,API,DEL,BOM,2026-09-17,7,Akasa Air,1110,2026-09-17T10:30:00,2026-09-17T12:55:00,economy,,,,6180.0,INR,DEL > BOM,2026-09-10T21:26:19.331505,verified
Ignav,API,DEL,BOM,2026-09-17,7,Akasa Air,1826,2026-09-17T19:55:00,2026-09-17T22:20:00,economy,,,,6180.0,INR,DEL > BOM,2026-09-10T21:26:19.331514,verified
Ignav,API,DEL,BOM,2026-09-17,7,Akasa Air,1833,2026-09-17T06:50:00,2026-09-17T09:20:00,economy,,,,6180.0,INR,DEL > BOM,2026-09-10T21:26:19.331524,verified
Ignav,API,DEL,BOM,2026-09-17,7,IndiGo,324,2026-09-17T13:00:00,2026-09-17T15:10:00,economy,,,,6354.0,INR,DEL > BOM,2026-09-10T21:26:19.331533,verified
Ignav,API,DEL,BOM,2026-09-17,7,IndiGo,449,2026-09-17T05:00:00,2026-09-17T07:15:00,economy,,,,6354.0,INR,DEL > BOM,2026-09-10T21:26:19.331542,verified
Ignav,API,DEL,BOM,2026-09-17,7,IndiGo,6218,2026-09-17T06:05:00,2026-09-17T08:20:00,economy,,,,6354.0,INR,DEL > BOM,2026-09-10T21:26:19.331551,verified
Ignav,API,DEL,BOM,2026-09-17,7,IndiGo,6814,2026-09-17T07:15:00,2026-09-17T09:30:00,economy,,,,6354.0,INR,DEL > BOM,2026-09-10T21:26:19.331565,verified
Ignav,API,DEL,BOM,2026-09-17,7,IndiGo,675,2026-09-17T08:45:00,2026-09-17T11:00:00,economy,,,,6354.0,INR,DEL > BOM,2026-09-10T21:26:19.331575,verified
Ignav,API,DEL,BOM,2026-09-17,7,IndiGo,6047,2026-09-17T11:00:00,2026-09-17T13:15:00,economy,,,,6354.0,INR,DEL > BOM,2026-09-10T21:26:19.331584,verified
Ignav,API,DEL,BOM,2026-09-17,7,IndiGo,6676,2026-09-17T12:00:00,2026-09-17T14:15:00,economy,,,,6354.0,INR,DEL > BOM,2026-09-10T21:26:19.331594,verified
Ignav,API,DEL,BOM,2026-09-17,7,IndiGo,6318,2026-09-17T14:45:00,2026-09-17T17:00:00,economy,,,,6354.0,INR,DEL > BOM,2026-09-10T21:26:19.331603,verified
Ignav,API,DEL,BOM,2026-09-17,7,IndiGo,864,2026-09-17T15:30:00,2026-09-17T17:45:00,economy,,,,6354.0,INR,DEL > BOM,2026-09-10T21:26:19.331613,verified
Ignav,API,DEL,BOM,2026-09-17,7,IndiGo,322,2026-09-17T23:30:00,2026-09-18T01:45:00,economy,,,,6354.0,INR,DEL > BOM,2026-09-10T21:26:19.331622,verified
Ignav,API,DEL,BOM,2026-09-17,7,IndiGo,320,2026-09-17T08:00:00,2026-09-17T10:20:00,economy,,,,6354.0,INR,DEL > BOM,2026-09-10T21:26:19.331631,verified
Ignav,API,DEL,BOM,2026-09-17,7,IndiGo,6328,2026-09-17T10:15:00,2026-09-17T12:35:00,economy,,,,6354.0,INR,DEL > BOM,2026-09-10T21:26:19.331640,verified
Ignav,API,DEL,BOM,2026-09-17,7,IndiGo,327,2026-09-17T16:15:00,2026-09-17T18:35:00,economy,,,,6354.0,INR,DEL > BOM,2026-09-10T21:26:19.331649,verified
Ignav,API,DEL,BOM,2026-09-17,7,IndiGo,6114,2026-09-17T22:45:00,2026-09-18T01:05:00,economy,,,,6354.0,INR,DEL > BOM,2026-09-10T21:26:19.331663,verified
Ignav,API,DEL,BOM,2026-09-17,7,IndiGo,6107,2026-09-17T09:30:00,2026-09-17T11:55:00,economy,,,,6354.0,INR,DEL > BOM,2026-09-10T21:26:19.331672,verified
Ignav,API,DEL,BOM,2026-09-17,7,IndiGo,6022,2026-09-17T14:00:00,2026-09-17T16:25:00,economy,,,,6354.0,INR,DEL > BOM,2026-09-10T21:26:19.331704,verified
Ignav,API,DEL,BOM,2026-09-17,7,IndiGo,303,2026-09-17T20:00:00,2026-09-17T22:10:00,economy,,,,6406.0,INR,DEL > BOM,2026-09-10T21:26:19.331716,verified
Ignav,API,DEL,BOM,2026-09-17,7,IndiGo,395,2026-09-17T21:45:00,2026-09-18T00:05:00,economy,,,,6406.0,INR,DEL > BOM,2026-09-10T21:26:19.331730,verified
Ignav,API,DEL,BOM,2026-09-17,7,IndiGo,6706,2026-09-17T17:00:00,2026-09-17T19:15:00,economy,,,,6480.0,INR,DEL > BOM,2026-09-10T21:26:19.331740,verified
Ignav,API,DEL,BOM,2026-09-17,7,IndiGo,329,2026-09-17T18:00:00,2026-09-17T20:15:00,economy,,,,6480.0,INR,DEL > BOM,2026-09-10T21:26:19.331751,verified
Ignav,API,DEL,BOM,2026-09-17,7,IndiGo,853,2026-09-17T20:45:00,2026-09-17T23:00:00,economy,,,,6480.0,INR,DEL > BOM,2026-09-10T21:26:19.331760,verified
Ignav,API,DEL,BOM,2026-09-17,7,Air India Express,1235,2026-09-17T23:25:00,2026-09-18T01:50:00,economy,,,,6529.0,INR,DEL > BOM,2026-09-10T21:26:19.331769,verified
Ignav,API,DEL,BOM,2026-09-17,7,Air India Express,1056,2026-09-17T05:35:00,2026-09-17T08:05:00,economy,,,,6529.0,INR,DEL > BOM,2026-09-10T21:26:19.331778,verified
Ignav,API,DEL,BOM,2026-09-17,7,Air India Express,"1165, 1027",2026-09-17T05:45:00,2026-09-17T11:05:00,economy,,,,6529.0,INR,DEL > LKO > BOM,2026-09-10T21:26:19.331794,verified
Ignav,API,DEL,BOM,2026-09-17,7,IndiGo,"5119, 5146",2026-09-17T05:10:00,2026-09-17T09:35:00,economy,,,,6562.0,INR,DEL > AMD > BOM,2026-09-10T21:26:19.331805,verified
Ignav,API,DEL,BOM,2026-09-17,7,IndiGo,"6171, 233",2026-09-17T05:40:00,2026-09-17T10:25:00,economy,,,,6562.0,INR,DEL > HSR > BOM,2026-09-10T21:26:19.331815,verified
Ignav,API,DEL,BOM,2026-09-17,7,IndiGo,"2076, 5078",2026-09-17T07:30:00,2026-09-17T12:20:00,economy,,,,6562.0,INR,DEL > AMD > BOM,2026-09-10T21:26:19.331825,verified
Ignav,API,DEL,BOM,2026-09-17,7,IndiGo,"931, 6351",2026-09-17T19:35:00,2026-09-18T00:30:00,economy,,,,6562.0,INR,DEL > AMD > BOM,2026-09-10T21:26:19.331835,verified
Ignav,API,DEL,BOM,2026-09-17,7,IndiGo,"2013, 6205",2026-09-17T21:50:00,2026-09-18T02:55:00,economy,,,,6562.0,INR,DEL > AMD > BOM,2026-09-10T21:26:19.331846,verified
Ignav,API,DEL,BOM,2026-09-17,7,IndiGo,"6983, 2104",2026-09-17T15:35:00,2026-09-17T20:50:00,economy,,,,6562.0,INR,DEL > HSR > BOM,2026-09-10T21:26:19.331856,verified
Ignav,API,DEL,BOM,2026-09-17,7,IndiGo,"6261, 6285",2026-09-17T00:15:00,2026-09-17T05:30:00,economy,,,,6618.0,INR,DEL > AMD > BOM,2026-09-10T21:26:19.331866,verified
Ignav,API,DEL,BOM,2026-09-17,7,IndiGo,"5119, 6468",2026-09-17T05:10:00,2026-09-17T10:30:00,economy,,,,6618.0,INR,DEL > AMD > BOM,2026-09-10T21:26:19.331876,verified
Ignav,API,DEL,BOM,2026-09-17,7,IndiGo,"2331, 5139",2026-09-17T12:20:00,2026-09-17T18:25:00,economy,,,,6618.0,INR,DEL > AMD > BOM,2026-09-10T21:26:19.331886,verified
Ignav,API,DEL,BOM,2026-09-17,7,IndiGo,"2169, 6598",2026-09-17T19:40:00,2026-09-17T23:45:00,economy,,,,6694.0,INR,DEL > IDR > BOM,2026-09-10T21:26:19.331900,verified
Ignav,API,DEL,BOM,2026-09-17,7,IndiGo,"2249, 5132",2026-09-17T15:00:00,2026-09-17T19:35:00,economy,,,,6694.0,INR,DEL > BHO > BOM,2026-09-10T21:26:19.331911,verified
Ignav,API,DEL,BOM,2026-09-17,7,IndiGo,"6443, 5344",2026-09-17T09:00:00,2026-09-17T13:45:00,economy,,,,6694.0,INR,DEL > NAG > BOM,2026-09-10T21:26:19.331921,verified
Ignav,API,DEL,BOM,2026-09-17,7,IndiGo,"6829, 552",2026-09-17T17:20:00,2026-09-17T22:05:00,economy,,,,6694.0,INR,DEL > IDR > BOM,2026-09-10T21:26:19.331931,verified
Ignav,API,DEL,BOM,2026-09-17,7,Air India,1745,2026-09-17T05:00:00,2026-09-17T07:20:00,economy,,,,6730.0,INR,DEL > BOM,2026-09-10T21:26:19.331941,verified
Ignav,API,DEL,BOM,2026-09-17,7,Air India,2439,2026-09-17T23:00:00,2026-09-18T01:25:00,economy,,,,6730.0,INR,DEL > BOM,2026-09-10T21:26:19.331949,verified
Ignav,API,DEL,BOM,2026-09-17,7,IndiGo,354,2026-09-17T19:00:00,2026-09-17T21:25:00,economy,,,,6737.0,INR,DEL > BOM,2026-09-10T21:26:19.331958,verified
Ignav,API,DEL,BOM,2026-09-17,7,IndiGo,"6459, 594",2026-09-17T05:55:00,2026-09-17T11:35:00,economy,,,,6750.0,INR,DEL > RPR > BOM,2026-09-10T21:26:19.331968,verified
Ignav,API,DEL,BOM,2026-09-17,7,IndiGo,"6433, 5133",2026-09-17T16:30:00,2026-09-17T22:20:00,economy,,,,6750.0,INR,DEL > NAG > BOM,2026-09-10T21:26:19.331978,verified
Ignav,API,DEL,BOM,2026-09-17,7,IndiGo,"5298, 5021",2026-09-17T09:00:00,2026-09-17T13:50:00,economy,,,,6772.0,INR,DEL > DED > BOM,2026-09-10T21:26:19.331993,verified
Ignav,API,DEL,BOM,2026-09-17,7,IndiGo,"6479, 2058",2026-09-17T21:25:00,2026-09-18T02:15:00,economy,,,,6772.0,INR,DEL > LKO > BOM,2026-09-10T21:26:19.332008,verified
Ignav,API,DEL,BOM,2026-09-17,7,IndiGo,"5206, 708",2026-09-17T13:20:00,2026-09-17T18:30:00,economy,,,,6772.0,INR,DEL > LKO > BOM,2026-09-10T21:26:19.332018,verified
Ignav,API,DEL,BOM,2026-09-17,7,IndiGo,"758, 5083",2026-09-17T16:10:00,2026-09-17T21:20:00,economy,,,,6772.0,INR,DEL > HBX > BOM,2026-09-10T21:26:19.332028,verified
Ignav,API,DEL,BOM,2026-09-17,7,IndiGo,"6050, 6382",2026-09-17T08:15:00,2026-09-17T13:30:00,economy,,,,6772.0,INR,DEL > IXC > BOM,2026-09-10T21:26:19.332038,verified
Ignav,API,DEL,BOM,2026-09-17,7,IndiGo,"6601, 6363",2026-09-17T19:45:00,2026-09-18T01:00:00,economy,,,,6904.0,INR,DEL > HYD > BOM,2026-09-10T21:26:19.332048,verified
Ignav,API,DEL,BOM,2026-09-17,7,Air India,9484,2026-09-17T23:25:00,2026-09-18T01:50:00,economy,,,,6922.0,INR,DEL > BOM,2026-09-10T21:26:19.332062,verified
Ignav,API,DEL,BOM,2026-09-17,7,Air India,9486,2026-09-17T05:35:00,2026-09-17T08:05:00,economy,,,,6922.0,INR,DEL > BOM,2026-09-10T21:26:19.332071,verified
Ignav,API,DEL,BOM,2026-09-17,7,IndiGo,"6282, 5259",2026-09-17T13:30:00,2026-09-17T18:50:00,economy,,,,6960.0,INR,DEL > HYD > BOM,2026-09-10T21:26:19.332081,verified
Ignav,API,DEL,BOM,2026-09-17,7,IndiGo,"882, 5143",2026-09-17T23:15:00,2026-09-18T04:35:00,economy,,,,6960.0,INR,DEL > HYD > BOM,2026-09-10T21:26:19.332091,verified
Ignav,API,DEL,BOM,2026-09-17,7,IndiGo,"704, 6196",2026-09-17T02:25:00,2026-09-17T07:55:00,economy,,,,6960.0,INR,DEL > HYD > BOM,2026-09-10T21:26:19.332101,verified
Ignav,API,DEL,BOM,2026-09-17,7,IndiGo,"6497, 6619",2026-09-17T18:40:00,2026-09-18T00:45:00,economy,,,,6960.0,INR,DEL > PAT > BOM,2026-09-10T21:26:19.332114,verified
Ignav,API,DEL,BOM,2026-09-17,7,Air India,2678,2026-09-17T08:30:00,2026-09-17T10:45:00,economy,,,,7000.0,INR,DEL > BOM,2026-09-10T21:26:19.332124,verified
Ignav,API,DEL,BOM,2026-09-17,7,Air India,2963,2026-09-17T09:00:00,2026-09-17T11:15:00,economy,,,,7000.0,INR,DEL > BOM,2026-09-10T21:26:19.332135,verified
Ignav,API,DEL,BOM,2026-09-17,7,Air India,2941,2026-09-17T16:30:00,2026-09-17T18:50:00,economy,,,,7000.0,INR,DEL > BOM,2026-09-10T21:26:19.332145,verified
Ignav,API,DEL,BOM,2026-09-17,7,Air India,2995,2026-09-17T10:00:00,2026-09-17T12:25:00,economy,,,,7000.0,INR,DEL > BOM,2026-09-10T21:26:19.332154,verified
Ignav,API,DEL,BOM,2026-09-17,7,Air India,2945,2026-09-17T11:00:00,2026-09-17T13:25:00,economy,,,,7000.0,INR,DEL > BOM,2026-09-10T21:26:19.332163,verified
Ignav,API,DEL,BOM,2026-09-17,7,Air India,1785,2026-09-17T12:00:00,2026-09-17T14:25:00,economy,,,,7000.0,INR,DEL > BOM,2026-09-10T21:26:19.332173,verified
Ignav,API,DEL,BOM,2026-09-17,7,Air India,2933,2026-09-17T15:30:00,2026-09-17T17:55:00,economy,,,,7000.0,INR,DEL > BOM,2026-09-10T21:26:19.332182,verified
Ignav,API,DEL,BOM,2026-09-17,7,Air India,1777,2026-09-17T16:00:00,2026-09-17T18:25:00,economy,,,,7000.0,INR,DEL > BOM,2026-09-10T21:26:19.332192,verified
Ignav,API,DEL,BOM,2026-09-17,7,Air India,441,2026-09-17T17:00:00,2026-09-17T19:25:00,economy,,,,7000.0,INR,DEL > BOM,2026-09-10T21:26:19.332201,verified
Ignav,API,DEL,BOM,2026-09-17,7,Air India,887,2026-09-17T21:00:00,2026-09-17T23:25:00,economy,,,,7000.0,INR,DEL > BOM,2026-09-10T21:26:19.332214,verified
Ignav,API,DEL,BOM,2026-09-17,7,Air India,2927,2026-09-17T09:30:00,2026-09-17T12:00:00,economy,,,,7000.0,INR,DEL > BOM,2026-09-10T21:26:19.332223,verified
Ignav,API,DEL,BOM,2026-09-17,7,Air India,1780,2026-09-17T16:10:00,2026-09-17T20:00:00,economy,,,,7000.0,INR,DEL > BOM,2026-09-10T21:26:19.332232,verified
Ignav,API,DEL,BOM,2026-09-17,7,Air India,"1780, 1780",2026-09-17T16:10:00,2026-09-17T20:00:00,economy,,,,7000.0,INR,DEL > IDR > BOM,2026-09-10T21:26:19.332242,verified
Ignav,API,DEL,BOM,2026-09-17,7,IndiGo,"358, 5231",2026-09-17T12:15:00,2026-09-17T17:50:00,economy,,,,7038.0,INR,DEL > GOI > BOM,2026-09-10T21:26:19.332255,verified
Ignav,API,DEL,BOM,2026-09-17,7,Air India,2975,2026-09-17T06:30:00,2026-09-17T08:50:00,economy,,,,7159.0,INR,DEL > BOM,2026-09-10T21:26:19.332269,verified
Ignav,API,DEL,BOM,2026-09-17,7,IndiGo,"5038, 5234",2026-09-17T14:00:00,2026-09-17T19:35:00,economy,,,,7352.0,INR,DEL > IXC > BOM,2026-09-10T21:26:19.332280,verified
Ignav,API,DEL,BOM,2026-09-17,7,Air India,2951,2026-09-17T13:30:00,2026-09-17T15:50:00,economy,,,,7369.0,INR,DEL > BOM,2026-09-10T21:26:19.332288,verified
Ignav,API,DEL,BOM,2026-09-17,7,Air India,2429,2026-09-17T07:00:00,2026-09-17T09:25:00,economy,,,,7369.0,INR,DEL > BOM,2026-09-10T21:26:19.332298,verified
Ignav,API,DEL,BOM,2026-09-17,7,Air India,2943,2026-09-17T07:30:00,2026-09-17T09:55:00,economy,,,,7369.0,INR,DEL > BOM,2026-09-10T21:26:19.332307,verified
Ignav,API,DEL,BOM,2026-09-17,7,Air India,2433,2026-09-17T21:30:00,2026-09-17T23:55:00,economy,,,,7552.0,INR,DEL > BOM,2026-09-10T21:26:19.332319,verified
Ignav,API,DEL,BOM,2026-09-17,7,Air India,2805,2026-09-17T20:00:00,2026-09-17T22:25:00,economy,,,,7614.0,INR,DEL > BOM,2026-09-10T21:26:19.332329,verified
Ignav,API,DEL,BOM,2026-09-17,7,Air India,2981,2026-09-17T21:00:00,2026-09-17T23:20:00,economy,,,,7630.0,INR,DEL > BOM,2026-09-10T21:26:19.332338,verified
Ignav,API,DEL,BOM,2026-09-17,7,Air India,2985,2026-09-17T19:30:00,2026-09-17T21:55:00,economy,,,,7630.0,INR,DEL > BOM,2026-09-10T21:26:19.332347,verified
Ignav,API,DEL,BOM,2026-09-17,7,Air India,2957,2026-09-17T20:30:00,2026-09-17T23:05:00,economy,,,,7630.0,INR,DEL > BOM,2026-09-10T21:26:19.332356,verified
Ignav,API,DEL,BOM,2026-09-17,7,IndiGo,"5138, 5049",2026-09-17T19:10:00,2026-09-18T00:10:00,economy,,,,7793.0,INR,DEL > RPR > BOM,2026-09-10T21:26:19.332367,verified
Ignav,API,DEL,BOM,2026-09-17,7,Air India,2955,2026-09-17T18:00:00,2026-09-17T20:25:00,economy,,,,7798.0,INR,DEL > BOM,2026-09-10T21:26:19.332376,verified
Ignav,API,DEL,BOM,2026-09-17,7,Air India,2977,2026-09-17T19:00:00,2026-09-17T21:25:00,economy,,,,7950.0,INR,DEL > BOM,2026-09-10T21:26:19.332385,verified
Ignav,API,DEL,BOM,2026-09-17,7,IndiGo,"357, 6156",2026-09-17T19:30:00,2026-09-18T01:25:00,economy,,,,8138.0,INR,DEL > GOI > BOM,2026-09-10T21:26:19.332396,verified
Ignav,API,DEL,BOM,2026-09-17,7,Air India,"2499, 9752",2026-09-17T05:55:00,2026-09-17T11:05:00,economy,,,,10022.0,INR,DEL > LKO > BOM,2026-09-10T21:26:19.332421,verified
Ignav,API,DEL,BOM,2026-09-17,7,Air India,"1717, 2492",2026-09-17T14:20:00,2026-09-18T16:40:00,economy,,,,10130.0,INR,DEL > LKO > BOM,2026-09-10T21:26:19.332432,verified
Ignav,API,DEL,BOM,2026-09-17,7,Air India,"2499, 2492",2026-09-17T05:55:00,2026-09-17T16:40:00,economy,,,,10351.0,INR,DEL > LKO > BOM,2026-09-10T21:26:19.332442,verified
Ignav,API,DEL,BOM,2026-09-17,7,Air India,"1710, 2492",2026-09-17T18:35:00,2026-09-18T16:40:00,economy,,,,10501.0,INR,DEL > LKO > BOM,2026-09-10T21:26:19.332452,verified
Ignav,API,DEL,BOM,2026-09-17,7,Air India,"9920, 2998",2026-09-17T10:50:00,2026-09-17T16:05:00,economy,,,,10579.0,INR,DEL > ATQ > BOM,2026-09-10T21:26:19.332462,verified
Ignav,API,DEL,BOM,2026-09-17,7,Air India Express,"1068, 1241",2026-09-17T11:55:00,2026-09-17T19:50:00,economy,,,,10930.0,INR,DEL > GOI > BOM,2026-09-10T21:26:19.332472,verified
Ignav,API,DEL,BOM,2026-09-17,7,Air India Express,"1003, 1243",2026-09-17T19:10:00,2026-09-18T08:15:00,economy,,,,10930.0,INR,DEL > BBI > BOM,2026-09-10T21:26:19.332482,verified
Ignav,API,DEL,BOM,2026-09-17,7,Air India,"2569, 2492",2026-09-17T20:25:00,2026-09-18T16:40:00,economy,,,,10931.0,INR,DEL > LKO > BOM,2026-09-10T21:26:19.332491,verified
Ignav,API,DEL,BOM,2026-09-17,7,Air India,"423, 2504",2026-09-17T09:30:00,2026-09-17T16:35:00,economy,,,,10975.0,INR,DEL > AMD > BOM,2026-09-10T21:26:19.332501,verified
Ignav,API,DEL,BOM,2026-09-17,7,Air India,"2509, 9559",2026-09-17T06:55:00,2026-09-17T12:50:00,economy,,,,11531.0,INR,DEL > VNS > BOM,2026-09-10T21:26:19.332515,verified
Ignav,API,DEL,BOM,2026-09-17,7,Air India,"9757, 2492",2026-09-17T11:50:00,2026-09-17T16:40:00,economy,,,,11596.0,INR,DEL > LKO > BOM,2026-09-10T21:26:19.332529,verified
Ignav,API,DEL,BOM,2026-09-17,7,Air India,"9759, 2492",2026-09-17T05:45:00,2026-09-17T16:40:00,economy,,,,11596.0,INR,DEL > LKO > BOM,2026-09-10T21:26:19.332539,verified
Ignav,API,DEL,BOM,2026-09-17,7,Air India,"465, 2584",2026-09-17T16:20:00,2026-09-17T23:50:00,economy,,,,11803.0,INR,DEL > NAG > BOM,2026-09-10T21:26:19.332549,verified
Ignav,API,DEL,BOM,2026-09-17,7,Air India Express,"1108, 1241",2026-09-17T05:00:00,2026-09-17T19:50:00,economy,,,,11930.0,INR,DEL > GOI > BOM,2026-09-10T21:26:19.332559,verified
Ignav,API,DEL,BOM,2026-09-17,7,Air India,"487, 2478",2026-09-17T16:00:00,2026-09-18T16:30:00,economy,,,,12051.0,INR,DEL > GOI > BOM,2026-09-10T21:26:19.332569,verified
Ignav,API,DEL,BOM,2026-09-17,7,Air India,"2715, 2504",2026-09-17T11:40:00,2026-09-17T16:35:00,economy,,,,12130.0,INR,DEL > AMD > BOM,2026-09-10T21:26:19.332583,verified
Ignav,API,DEL,BOM,2026-09-17,7,Air India,"1705, 9890",2026-09-17T06:30:00,2026-09-17T12:20:00,economy,,,,12180.0,INR,DEL > BHO > BOM,2026-09-10T21:26:19.332594,verified
Ignav,API,DEL,BOM,2026-09-17,7,Air India,"487, 2746",2026-09-17T16:00:00,2026-09-18T18:55:00,economy,,,,12211.0,INR,DEL > GOI > BOM,2026-09-10T21:26:19.332604,verified
Ignav,API,DEL,BOM,2026-09-17,7,Air India,"9418, 1780",2026-09-17T13:10:00,2026-09-17T20:00:00,economy,,,,12284.0,INR,DEL > IDR > BOM,2026-09-10T21:26:19.332614,verified
Ignav,API,DEL,BOM,2026-09-17,7,Air India,"817, 2504",2026-09-17T05:55:00,2026-09-17T16:35:00,economy,,,,12467.0,INR,DEL > AMD > BOM,2026-09-10T21:26:19.332623,verified
Ignav,API,DEL,BOM,2026-09-17,7,Air India,"2909, 2918",2026-09-17T22:30:00,2026-09-18T07:45:00,economy,,,,12486.0,INR,DEL > AMD > BOM,2026-09-10T21:26:19.332637,verified
Ignav,API,DEL,BOM,2026-09-17,7,IndiGo,"5073, 868",2026-09-17T17:05:00,2026-09-17T23:00:00,economy,,,,12593.0,INR,DEL > AMD > BOM,2026-09-10T21:26:19.332647,verified
Ignav,API,DEL,BOM,2026-09-17,7,Air India,"465, 2582",2026-09-17T16:20:00,2026-09-18T09:35:00,economy,,,,12681.0,INR,DEL > NAG > BOM,2026-09-10T21:26:19.332656,verified
Ignav,API,DEL,BOM,2026-09-17,7,Air India,"487, 604",2026-09-17T16:00:00,2026-09-18T08:30:00,economy,,,,12699.0,INR,DEL > GOI > BOM,2026-09-10T21:26:19.332666,verified
Ignav,API,DEL,BOM,2026-09-17,7,Air India,"1719, 9719",2026-09-17T11:55:00,2026-09-17T19:15:00,economy,,,,12708.0,INR,DEL > JAI > BOM,2026-09-10T21:26:19.332676,verified
Ignav,API,DEL,BOM,2026-09-17,7,IndiGo,"2381, 6951",2026-09-17T13:45:00,2026-09-17T19:30:00,economy,,,,12934.0,INR,DEL > GOP > BOM,2026-09-10T21:26:19.332686,verified
Ignav,API,DEL,BOM,2026-09-17,7,Air India Express,"5975, 5986",2026-09-17T21:00:00,2026-09-18T04:35:00,economy,,,,13216.0,INR,DEL > BLR > BOM,2026-09-10T21:26:19.332696,verified
Ignav,API,DEL,BOM,2026-09-17,7,Air India,"817, 2848",2026-09-17T05:55:00,2026-09-17T13:40:00,economy,,,,13265.0,INR,DEL > AMD > BOM,2026-09-10T21:26:19.332706,verified
Ignav,API,DEL,BOM,2026-09-17,7,Air India,"2939, 2494",2026-09-17T16:40:00,2026-09-17T22:40:00,economy,,,,13327.0,INR,DEL > AMD > BOM,2026-09-10T21:26:19.332716,verified
Ignav,API,DEL,BOM,2026-09-17,7,Air India Express,"1817, 2368",2026-09-17T19:30:00,2026-09-18T10:35:00,economy,,,,13339.0,INR,DEL > GOX > BOM,2026-09-10T21:26:19.332725,verified
Ignav,API,DEL,BOM,2026-09-17,7,Air India Express,"1070, 5986",2026-09-17T18:20:00,2026-09-18T04:35:00,economy,,,,13473.0,INR,DEL > BLR > BOM,2026-09-10T21:26:19.332739,verified
Ignav,API,DEL,BOM,2026-09-17,7,Air India,"531, 2918",2026-09-17T19:20:00,2026-09-18T07:45:00,economy,,,,13641.0,INR,DEL > AMD > BOM,2026-09-10T21:26:19.332753,verified
Ignav,API,DEL,BOM,2026-09-17,7,Air India,"2909, 2848",2026-09-17T22:30:00,2026-09-18T13:40:00,economy,,,,13641.0,INR,DEL > AMD > BOM,2026-09-10T21:26:19.332762,verified
Ignav,API,DEL,BOM,2026-09-17,7,Air India,"2545, 2848",2026-09-17T20:30:00,2026-09-18T13:40:00,economy,,,,13641.0,INR,DEL > AMD > BOM,2026-09-10T21:26:19.332773,verified
Ignav,API,DEL,BOM,2026-09-17,7,Air India,"2537, 2731",2026-09-17T17:30:00,2026-09-18T19:25:00,economy,,,,13657.0,INR,DEL > HSR > BOM,2026-09-10T21:26:19.332783,verified
Ignav,API,DEL,BOM,2026-09-17,7,Air India,"2909, 494",2026-09-17T22:30:00,2026-09-18T10:30:00,economy,,,,13747.0,INR,DEL > AMD > BOM,2026-09-10T21:26:19.332793,verified
Ignav,API,DEL,BOM,2026-09-17,7,Air India,"2545, 494",2026-09-17T20:30:00,2026-09-18T10:30:00,economy,,,,13747.0,INR,DEL > AMD > BOM,2026-09-10T21:26:19.333290,verified
Ignav,API,DEL,BOM,2026-09-17,7,Air India,"531, 494",2026-09-17T19:20:00,2026-09-18T10:30:00,economy,,,,13747.0,INR,DEL > AMD > BOM,2026-09-10T21:26:19.333333,verified
Ignav,API,DEL,BOM,2026-09-17,7,Air India,"2909, 2916",2026-09-17T22:30:00,2026-09-18T19:40:00,economy,,,,13747.0,INR,DEL > AMD > BOM,2026-09-10T21:26:19.333346,verified
Ignav,API,DEL,BOM,2026-09-17,7,IndiGo,"5073, 5160",2026-09-17T17:05:00,2026-09-17T21:05:00,economy,,,,14096.0,INR,DEL > AMD > BOM,2026-09-10T21:26:19.333366,verified
Ignav,API,DEL,BOM,2026-09-17,7,Air India,"2545, 2918",2026-09-17T20:30:00,2026-09-18T07:45:00,economy,,,,14324.0,INR,DEL > AMD > BOM,2026-09-10T21:26:19.333387,verified
Ignav,API,DEL,BOM,2026-09-17,7,Air India,"2939, 2918",2026-09-17T16:40:00,2026-09-18T07:45:00,economy,,,,14324.0,INR,DEL > AMD > BOM,2026-09-10T21:26:19.333397,verified
Ignav,API,DEL,BOM,2026-09-17,7,Air India,"2939, 494",2026-09-17T16:40:00,2026-09-18T10:30:00,economy,,,,14430.0,INR,DEL > AMD > BOM,2026-09-10T21:26:19.333408,verified
Ignav,API,DEL,BOM,2026-09-17,7,Air India,"881, 2916",2026-09-17T13:35:00,2026-09-17T19:40:00,economy,,,,14482.0,INR,DEL > AMD > BOM,2026-09-10T21:26:19.333418,verified
Ignav,API,DEL,BOM,2026-09-17,7,Air India,"2601, 472",2026-09-17T17:00:00,2026-09-18T11:20:00,economy,,,,14557.0,INR,DEL > IXC > BOM,2026-09-10T21:26:19.333428,verified
Ignav,API,DEL,BOM,2026-09-17,7,Air India,"817, 2916",2026-09-17T05:55:00,2026-09-17T19:40:00,economy,,,,14699.0,INR,DEL > AMD > BOM,2026-09-10T21:26:19.333438,verified
Ignav,API,DEL,BOM,2026-09-17,7,Air India,"2761, 622",2026-09-17T16:25:00,2026-09-17T21:35:00,economy,,,,14760.0,INR,DEL > JAI > BOM,2026-09-10T21:26:19.333449,verified
Ignav,API,DEL,BOM,2026-09-17,7,Air India,"1719, 622",2026-09-17T11:55:00,2026-09-17T21:35:00,economy,,,,14760.0,INR,DEL > JAI > BOM,2026-09-10T21:26:19.333460,verified
Ignav,API,DEL,BOM,2026-09-17,7,Air India,"2761, 414",2026-09-17T16:25:00,2026-09-18T08:00:00,economy,,,,14760.0,INR,DEL > JAI > BOM,2026-09-10T21:26:19.333470,verified
Ignav,API,DEL,BOM,2026-09-17,7,Air India,"1719, 414",2026-09-17T11:55:00,2026-09-18T08:00:00,economy,,,,14760.0,INR,DEL > JAI > BOM,2026-09-10T21:26:19.333480,verified
Ignav,API,DEL,BOM,2026-09-17,7,Air India Express,"1049, 1209",2026-09-17T18:40:00,2026-09-18T00:05:00,economy,,,,14769.0,INR,DEL > GOX > BOM,2026-09-10T21:26:19.333494,verified
Ignav,API,DEL,BOM,2026-09-17,7,Air India Express,"1082, 2368",2026-09-17T21:25:00,2026-09-18T10:35:00,economy,,,,14769.0,INR,DEL > GOX > BOM,2026-09-10T21:26:19.333504,verified
Ignav,API,DEL,BOM,2026-09-17,7,Air India Express,"1049, 2368",2026-09-17T18:40:00,2026-09-18T10:35:00,economy,,,,14769.0,INR,DEL > GOX > BOM,2026-09-10T21:26:19.333518,verified
Ignav,API,DEL,BOM,2026-09-17,7,Air India Express,"1108, 1214",2026-09-17T05:00:00,2026-09-17T15:40:00,economy,,,,14929.0,INR,DEL > GOI > BOM,2026-09-10T21:26:19.333527,verified
Ignav,API,DEL,BOM,2026-09-17,7,Air India,"809, 2494",2026-09-17T17:40:00,2026-09-17T22:40:00,economy,,,,15165.0,INR,DEL > AMD > BOM,2026-09-10T21:26:19.333537,verified
Ignav,API,DEL,BOM,2026-09-17,7,Air India,"2715, 2916",2026-09-17T11:40:00,2026-09-17T19:40:00,economy,,,,15165.0,INR,DEL > AMD > BOM,2026-09-10T21:26:19.333547,verified
Ignav,API,DEL,BOM,2026-09-17,7,Air India,"881, 2494",2026-09-17T13:35:00,2026-09-17T22:40:00,economy,,,,15165.0,INR,DEL > AMD > BOM,2026-09-10T21:26:19.333564,verified
Ignav,API,DEL,BOM,2026-09-17,7,IndiGo,"705, 5384",2026-09-17T08:30:00,2026-09-17T14:25:00,economy,,,,16345.0,INR,DEL > HYD > BOM,2026-09-10T21:26:19.333574,verified
Ignav,API,DEL,BOM,2026-09-17,7,Air India Express,"1059, 1025",2026-09-17T12:15:00,2026-09-17T23:05:00,economy,,,,17657.0,INR,DEL > BBI > BOM,2026-09-10T21:26:19.333584,verified
Ignav,API,DEL,BOM,2026-09-17,7,Air India Express,"1783, 1025",2026-09-17T07:20:00,2026-09-17T23:05:00,economy,,,,18077.0,INR,DEL > BBI > BOM,2026-09-10T21:26:19.333594,verified
Ignav,API,DEL,BOM,2026-09-25,15,Air India,1745,2026-09-25T05:00:00,2026-09-25T07:20:00,economy,,,,6314.0,INR,DEL > BOM,2026-09-10T21:26:20.240289,verified
Ignav,API,DEL,BOM,2026-09-25,15,IndiGo,449,2026-09-25T05:00:00,2026-09-25T07:15:00,economy,,,,6425.0,INR,DEL > BOM,2026-09-10T21:26:20.240323,verified
Ignav,API,DEL,BOM,2026-09-25,15,IndiGo,675,2026-09-25T08:45:00,2026-09-25T11:00:00,economy,,,,6425.0,INR,DEL > BOM,2026-09-10T21:26:20.240335,verified
Ignav,API,DEL,BOM,2026-09-25,15,IndiGo,6047,2026-09-25T11:00:00,2026-09-25T13:15:00,economy,,,,6425.0,INR,DEL > BOM,2026-09-10T21:26:20.240344,verified
Ignav,API,DEL,BOM,2026-09-25,15,IndiGo,6676,2026-09-25T12:00:00,2026-09-25T14:15:00,economy,,,,6425.0,INR,DEL > BOM,2026-09-10T21:26:20.240354,verified
Ignav,API,DEL,BOM,2026-09-25,15,IndiGo,6318,2026-09-25T14:45:00,2026-09-25T17:00:00,economy,,,,6425.0,INR,DEL > BOM,2026-09-10T21:26:20.240364,verified
Ignav,API,DEL,BOM,2026-09-25,15,IndiGo,864,2026-09-25T15:30:00,2026-09-25T17:45:00,economy,,,,6425.0,INR,DEL > BOM,2026-09-10T21:26:20.240373,verified
Ignav,API,DEL,BOM,2026-09-25,15,IndiGo,6328,2026-09-25T10:15:00,2026-09-25T12:35:00,economy,,,,6425.0,INR,DEL > BOM,2026-09-10T21:26:20.240382,verified
Ignav,API,DEL,BOM,2026-09-25,15,IndiGo,6107,2026-09-25T09:30:00,2026-09-25T11:55:00,economy,,,,6425.0,INR,DEL > BOM,2026-09-10T21:26:20.240392,verified
Ignav,API,DEL,BOM,2026-09-25,15,IndiGo,6022,2026-09-25T14:00:00,2026-09-25T16:25:00,economy,,,,6425.0,INR,DEL > BOM,2026-09-10T21:26:20.240401,verified
Ignav,API,DEL,BOM,2026-09-25,15,Air India,2678,2026-09-25T08:30:00,2026-09-25T10:45:00,economy,,,,6582.0,INR,DEL > BOM,2026-09-10T21:26:20.240410,verified
Ignav,API,DEL,BOM,2026-09-25,15,Air India,2425,2026-09-25T10:30:00,2026-09-25T12:50:00,economy,,,,6582.0,INR,DEL > BOM,2026-09-10T21:26:20.240419,verified
Ignav,API,DEL,BOM,2026-09-25,15,Air India,2951,2026-09-25T13:30:00,2026-09-25T15:50:00,economy,,,,6582.0,INR,DEL > BOM,2026-09-10T21:26:20.240428,verified
Ignav,API,DEL,BOM,2026-09-25,15,Air India,2441,2026-09-25T14:10:00,2026-09-25T16:30:00,economy,,,,6582.0,INR,DEL > BOM,2026-09-10T21:26:20.240437,verified
Ignav,API,DEL,BOM,2026-09-25,15,Air India,2995,2026-09-25T10:00:00,2026-09-25T12:25:00,economy,,,,6582.0,INR,DEL > BOM,2026-09-10T21:26:20.240446,verified
Ignav,API,DEL,BOM,2026-09-25,15,Air India,2945,2026-09-25T11:00:00,2026-09-25T13:25:00,economy,,,,6582.0,INR,DEL > BOM,2026-09-10T21:26:20.240455,verified
Ignav,API,DEL,BOM,2026-09-25,15,Air India,1785,2026-09-25T12:00:00,2026-09-25T14:25:00,economy,,,,6582.0,INR,DEL > BOM,2026-09-10T21:26:20.240464,verified
Ignav,API,DEL,BOM,2026-09-25,15,Air India,2933,2026-09-25T15:30:00,2026-09-25T17:55:00,economy,,,,6582.0,INR,DEL > BOM,2026-09-10T21:26:20.240473,verified
Ignav,API,DEL,BOM,2026-09-25,15,Air India,1777,2026-09-25T16:00:00,2026-09-25T18:25:00,economy,,,,6582.0,INR,DEL > BOM,2026-09-10T21:26:20.240482,verified
Ignav,API,DEL,BOM,2026-09-25,15,IndiGo,324,2026-09-25T13:00:00,2026-09-25T15:10:00,economy,,,,6583.0,INR,DEL > BOM,2026-09-10T21:26:20.240491,verified
Ignav,API,DEL,BOM,2026-09-25,15,IndiGo,6218,2026-09-25T06:05:00,2026-09-25T08:20:00,economy,,,,6583.0,INR,DEL > BOM,2026-09-10T21:26:20.240500,verified
Ignav,API,DEL,BOM,2026-09-25,15,IndiGo,327,2026-09-25T16:15:00,2026-09-25T18:35:00,economy,,,,6583.0,INR,DEL > BOM,2026-09-10T21:26:20.240509,verified
Ignav,API,DEL,BOM,2026-09-25,15,Air India Express,1056,2026-09-25T05:35:00,2026-09-25T08:05:00,economy,,,,6610.0,INR,DEL > BOM,2026-09-10T21:26:20.240518,verified
Ignav,API,DEL,BOM,2026-09-25,15,Air India,2975,2026-09-25T06:30:00,2026-09-25T08:50:00,economy,,,,6740.0,INR,DEL > BOM,2026-09-10T21:26:20.240527,verified
Ignav,API,DEL,BOM,2026-09-25,15,Air India,2941,2026-09-25T16:30:00,2026-09-25T18:50:00,economy,,,,6740.0,INR,DEL > BOM,2026-09-10T21:26:20.240536,verified
Ignav,API,DEL,BOM,2026-09-25,15,IndiGo,6814,2026-09-25T07:15:00,2026-09-25T09:30:00,economy,,,,6793.0,INR,DEL > BOM,2026-09-10T21:26:20.240545,verified
Ignav,API,DEL,BOM,2026-09-25,15,IndiGo,6706,2026-09-25T17:00:00,2026-09-25T19:15:00,economy,,,,6793.0,INR,DEL > BOM,2026-09-10T21:26:20.240554,verified
Ignav,API,DEL,BOM,2026-09-25,15,IndiGo,6114,2026-09-25T22:45:00,2026-09-26T01:05:00,economy,,,,6793.0,INR,DEL > BOM,2026-09-10T21:26:20.240563,verified
Ignav,API,DEL,BOM,2026-09-25,15,Akasa Air,1110,2026-09-25T10:30:00,2026-09-25T12:45:00,economy,,,,6880.0,INR,DEL > BOM,2026-09-10T21:26:20.240571,verified
Ignav,API,DEL,BOM,2026-09-25,15,Akasa Air,1820,2026-09-25T17:30:00,2026-09-25T19:45:00,economy,,,,6880.0,INR,DEL > BOM,2026-09-10T21:26:20.240581,verified
Ignav,API,DEL,BOM,2026-09-25,15,Akasa Air,1833,2026-09-25T06:50:00,2026-09-25T09:10:00,economy,,,,6880.0,INR,DEL > BOM,2026-09-10T21:26:20.240631,verified
Ignav,API,DEL,BOM,2026-09-25,15,Akasa Air,1112,2026-09-25T09:20:00,2026-09-25T11:40:00,economy,,,,6880.0,INR,DEL > BOM,2026-09-10T21:26:20.240643,verified
Ignav,API,DEL,BOM,2026-09-25,15,Akasa Air,1128,2026-09-25T16:00:00,2026-09-25T18:20:00,economy,,,,6880.0,INR,DEL > BOM,2026-09-10T21:26:20.240652,verified
Ignav,API,DEL,BOM,2026-09-25,15,Akasa Air,1119,2026-09-25T08:40:00,2026-09-25T11:05:00,economy,,,,6880.0,INR,DEL > BOM,2026-09-10T21:26:20.240662,verified
Ignav,API,DEL,BOM,2026-09-25,15,Akasa Air,1836,2026-09-25T12:30:00,2026-09-25T14:55:00,economy,,,,6880.0,INR,DEL > BOM,2026-09-10T21:26:20.240671,verified
Ignav,API,DEL,BOM,2026-09-25,15,Air India,2429,2026-09-25T07:00:00,2026-09-25T09:25:00,economy,,,,6950.0,INR,DEL > BOM,2026-09-10T21:26:20.240681,verified
Ignav,API,DEL,BOM,2026-09-25,15,Air India,2943,2026-09-25T07:30:00,2026-09-25T09:55:00,economy,,,,6950.0,INR,DEL > BOM,2026-09-10T21:26:20.240691,verified
Ignav,API,DEL,BOM,2026-09-25,15,Air India,441,2026-09-25T17:00:00,2026-09-25T19:25:00,economy,,,,6950.0,INR,DEL > BOM,2026-09-10T21:26:20.240700,verified
Ignav,API,DEL,BOM,2026-09-25,15,IndiGo,329,2026-09-25T18:00:00,2026-09-25T20:15:00,economy,,,,7055.0,INR,DEL > BOM,2026-09-10T21:26:20.240709,verified
Ignav,API,DEL,BOM,2026-09-25,15,IndiGo,853,2026-09-25T20:45:00,2026-09-25T23:00:00,economy,,,,7055.0,INR,DEL > BOM,2026-09-10T21:26:20.240718,verified
Ignav,API,DEL,BOM,2026-09-25,15,IndiGo,322,2026-09-25T23:30:00,2026-09-26T01:45:00,economy,,,,7055.0,INR,DEL > BOM,2026-09-10T21:26:20.240727,verified
Ignav,API,DEL,BOM,2026-09-25,15,IndiGo,320,2026-09-25T08:00:00,2026-09-25T10:20:00,economy,,,,7055.0,INR,DEL > BOM,2026-09-10T21:26:20.240737,verified
Ignav,API,DEL,BOM,2026-09-25,15,IndiGo,395,2026-09-25T21:45:00,2026-09-26T00:05:00,economy,,,,7055.0,INR,DEL > BOM,2026-09-10T21:26:20.240749,verified
Ignav,API,DEL,BOM,2026-09-25,15,Akasa Air,1826,2026-09-25T19:55:00,2026-09-25T22:20:00,economy,,,,7079.0,INR,DEL > BOM,2026-09-10T21:26:20.240758,verified
Ignav,API,DEL,BOM,2026-09-25,15,Air India,2985,2026-09-25T19:30:00,2026-09-25T21:55:00,economy,,,,7181.0,INR,DEL > BOM,2026-09-10T21:26:20.240768,verified
Ignav,API,DEL,BOM,2026-09-25,15,Air India,2957,2026-09-25T20:30:00,2026-09-25T23:05:00,economy,,,,7212.0,INR,DEL > BOM,2026-09-10T21:26:20.240777,verified
Ignav,API,DEL,BOM,2026-09-25,15,Air India Express,1235,2026-09-25T23:25:00,2026-09-26T01:50:00,economy,,,,7261.0,INR,DEL > BOM,2026-09-10T21:26:20.240786,verified
Ignav,API,DEL,BOM,2026-09-25,15,IndiGo,303,2026-09-25T20:00:00,2026-09-25T22:10:00,economy,,,,7370.0,INR,DEL > BOM,2026-09-10T21:26:20.240795,verified
Ignav,API,DEL,BOM,2026-09-25,15,Air India,2977,2026-09-25T19:00:00,2026-09-25T21:25:00,economy,,,,7406.0,INR,DEL > BOM,2026-09-10T21:26:20.240804,verified
Ignav,API,DEL,BOM,2026-09-25,15,IndiGo,354,2026-09-25T19:00:00,2026-09-25T21:25:00,economy,,,,7685.0,INR,DEL > BOM,2026-09-10T21:26:20.240813,verified
Ignav,API,DEL,BOM,2026-09-25,15,Air India,2955,2026-09-25T18:00:00,2026-09-25T20:25:00,economy,,,,7690.0,INR,DEL > BOM,2026-09-10T21:26:20.240822,verified
Ignav,API,DEL,BOM,2026-09-25,15,Air India,2433,2026-09-25T21:30:00,2026-09-25T23:55:00,economy,,,,7842.0,INR,DEL > BOM,2026-09-10T21:26:20.240831,verified
Ignav,API,DEL,BOM,2026-09-25,15,Air India,2439,2026-09-25T23:00:00,2026-09-26T01:25:00,economy,,,,7842.0,INR,DEL > BOM,2026-09-10T21:26:20.240840,verified
Ignav,API,DEL,BOM,2026-09-25,15,Air India,2981,2026-09-25T21:00:00,2026-09-25T23:20:00,economy,,,,8210.0,INR,DEL > BOM,2026-09-10T21:26:20.240849,verified
Ignav,API,DEL,BOM,2026-09-25,15,Air India,2927,2026-09-25T09:30:00,2026-09-25T12:00:00,economy,,,,9968.0,INR,DEL > BOM,2026-09-10T21:26:20.240859,verified
Ignav,API,DEL,BOM,2026-09-25,15,SpiceJet,2802,2026-09-25T22:45:00,2026-09-26T01:25:00,economy,,,,19603.0,INR,DEL > BOM,2026-09-10T21:26:20.240867,verified
Ignav,API,DEL,BOM,2026-09-25,15,SpiceJet,162,2026-09-25T19:55:00,2026-09-25T22:40:00,economy,,,,22551.0,INR,DEL > BOM,2026-09-10T21:26:20.240877,verified
Ignav,API,DEL,BOM,2026-10-10,30,IndiGo,324,2026-10-10T13:00:00,2026-10-10T15:10:00,economy,,,,6425.0,INR,DEL > BOM,2026-09-10T21:26:21.129958,verified
Ignav,API,DEL,BOM,2026-10-10,30,IndiGo,303,2026-10-10T20:00:00,2026-10-10T22:10:00,economy,,,,6425.0,INR,DEL > BOM,2026-09-10T21:26:21.130001,verified
Ignav,API,DEL,BOM,2026-10-10,30,IndiGo,6814,2026-10-10T07:15:00,2026-10-10T09:30:00,economy,,,,6425.0,INR,DEL > BOM,2026-09-10T21:26:21.130012,verified
Ignav,API,DEL,BOM,2026-10-10,30,IndiGo,675,2026-10-10T08:45:00,2026-10-10T11:00:00,economy,,,,6425.0,INR,DEL > BOM,2026-09-10T21:26:21.130021,verified
Ignav,API,DEL,BOM,2026-10-10,30,IndiGo,6047,2026-10-10T11:00:00,2026-10-10T13:15:00,economy,,,,6425.0,INR,DEL > BOM,2026-09-10T21:26:21.130030,verified
Ignav,API,DEL,BOM,2026-10-10,30,IndiGo,6676,2026-10-10T12:00:00,2026-10-10T14:15:00,economy,,,,6425.0,INR,DEL > BOM,2026-09-10T21:26:21.130039,verified
Ignav,API,DEL,BOM,2026-10-10,30,IndiGo,6318,2026-10-10T14:45:00,2026-10-10T17:00:00,economy,,,,6425.0,INR,DEL > BOM,2026-09-10T21:26:21.130048,verified
Ignav,API,DEL,BOM,2026-10-10,30,IndiGo,864,2026-10-10T15:30:00,2026-10-10T17:45:00,economy,,,,6425.0,INR,DEL > BOM,2026-09-10T21:26:21.130056,verified
Ignav,API,DEL,BOM,2026-10-10,30,IndiGo,329,2026-10-10T18:00:00,2026-10-10T20:15:00,economy,,,,6425.0,INR,DEL > BOM,2026-09-10T21:26:21.130064,verified
Ignav,API,DEL,BOM,2026-10-10,30,IndiGo,322,2026-10-10T23:30:00,2026-10-11T01:45:00,economy,,,,6425.0,INR,DEL > BOM,2026-09-10T21:26:21.130073,verified
Ignav,API,DEL,BOM,2026-10-10,30,IndiGo,353,2026-10-10T03:00:00,2026-10-10T05:20:00,economy,,,,6425.0,INR,DEL > BOM,2026-09-10T21:26:21.130081,verified
Ignav,API,DEL,BOM,2026-10-10,30,IndiGo,320,2026-10-10T08:00:00,2026-10-10T10:20:00,economy,,,,6425.0,INR,DEL > BOM,2026-09-10T21:26:21.130089,verified
Ignav,API,DEL,BOM,2026-10-10,30,IndiGo,6328,2026-10-10T10:15:00,2026-10-10T12:35:00,economy,,,,6425.0,INR,DEL > BOM,2026-09-10T21:26:21.130097,verified
Ignav,API,DEL,BOM,2026-10-10,30,IndiGo,327,2026-10-10T16:15:00,2026-10-10T18:35:00,economy,,,,6425.0,INR,DEL > BOM,2026-09-10T21:26:21.130106,verified
Ignav,API,DEL,BOM,2026-10-10,30,IndiGo,6114,2026-10-10T22:45:00,2026-10-11T01:05:00,economy,,,,6425.0,INR,DEL > BOM,2026-09-10T21:26:21.130130,verified
Ignav,API,DEL,BOM,2026-10-10,30,IndiGo,6107,2026-10-10T09:30:00,2026-10-10T11:55:00,economy,,,,6425.0,INR,DEL > BOM,2026-09-10T21:26:21.130140,verified
Ignav,API,DEL,BOM,2026-10-10,30,IndiGo,354,2026-10-10T19:00:00,2026-10-10T21:25:00,economy,,,,6425.0,INR,DEL > BOM,2026-09-10T21:26:21.130149,verified
Ignav,API,DEL,BOM,2026-10-10,30,Air India,2439,2026-10-10T23:00:00,2026-10-11T01:25:00,economy,,,,6566.0,INR,DEL > BOM,2026-09-10T21:26:21.130157,verified
Ignav,API,DEL,BOM,2026-10-10,30,Air India,2678,2026-10-10T08:30:00,2026-10-10T10:45:00,economy,,,,6582.0,INR,DEL > BOM,2026-09-10T21:26:21.130165,verified
Ignav,API,DEL,BOM,2026-10-10,30,Air India,2963,2026-10-10T09:00:00,2026-10-10T11:15:00,economy,,,,6582.0,INR,DEL > BOM,2026-09-10T21:26:21.130174,verified
Ignav,API,DEL,BOM,2026-10-10,30,Air India,2425,2026-10-10T10:30:00,2026-10-10T12:50:00,economy,,,,6582.0,INR,DEL > BOM,2026-09-10T21:26:21.130182,verified
Ignav,API,DEL,BOM,2026-10-10,30,Air India,1745,2026-10-10T05:00:00,2026-10-10T07:25:00,economy,,,,6582.0,INR,DEL > BOM,2026-09-10T21:26:21.130190,verified
Ignav,API,DEL,BOM,2026-10-10,30,Air India,2429,2026-10-10T07:00:00,2026-10-10T09:25:00,economy,,,,6582.0,INR,DEL > BOM,2026-09-10T21:26:21.130198,verified
Ignav,API,DEL,BOM,2026-10-10,30,Air India,2995,2026-10-10T10:00:00,2026-10-10T12:25:00,economy,,,,6582.0,INR,DEL > BOM,2026-09-10T21:26:21.130207,verified
Ignav,API,DEL,BOM,2026-10-10,30,Air India,2945,2026-10-10T11:00:00,2026-10-10T13:25:00,economy,,,,6582.0,INR,DEL > BOM,2026-09-10T21:26:21.130215,verified
Ignav,API,DEL,BOM,2026-10-10,30,Air India,2441,2026-10-10T14:10:00,2026-10-10T16:35:00,economy,,,,6582.0,INR,DEL > BOM,2026-09-10T21:26:21.130224,verified
Ignav,API,DEL,BOM,2026-10-10,30,Air India,2933,2026-10-10T15:30:00,2026-10-10T17:55:00,economy,,,,6582.0,INR,DEL > BOM,2026-09-10T21:26:21.130232,verified
Ignav,API,DEL,BOM,2026-10-10,30,Air India,441,2026-10-10T17:00:00,2026-10-10T19:25:00,economy,,,,6582.0,INR,DEL > BOM,2026-09-10T21:26:21.130241,verified
Ignav,API,DEL,BOM,2026-10-10,30,Air India,2927,2026-10-10T09:30:00,2026-10-10T12:00:00,economy,,,,6582.0,INR,DEL > BOM,2026-09-10T21:26:21.130249,verified
Ignav,API,DEL,BOM,2026-10-10,30,Air India,2957,2026-10-10T20:30:00,2026-10-10T23:00:00,economy,,,,6582.0,INR,DEL > BOM,2026-09-10T21:26:21.130257,verified
Ignav,API,DEL,BOM,2026-10-10,30,IndiGo,449,2026-10-10T05:00:00,2026-10-10T07:15:00,economy,,,,6583.0,INR,DEL > BOM,2026-09-10T21:26:21.130265,verified
Ignav,API,DEL,BOM,2026-10-10,30,IndiGo,6218,2026-10-10T06:05:00,2026-10-10T08:20:00,economy,,,,6583.0,INR,DEL > BOM,2026-09-10T21:26:21.130274,verified
Ignav,API,DEL,BOM,2026-10-10,30,IndiGo,853,2026-10-10T20:45:00,2026-10-10T23:00:00,economy,,,,6583.0,INR,DEL > BOM,2026-09-10T21:26:21.130282,verified
Ignav,API,DEL,BOM,2026-10-10,30,IndiGo,395,2026-10-10T21:45:00,2026-10-11T00:05:00,economy,,,,6583.0,INR,DEL > BOM,2026-09-10T21:26:21.130291,verified
Ignav,API,DEL,BOM,2026-10-10,30,Air India Express,1056,2026-10-10T17:50:00,2026-10-10T20:10:00,economy,,,,6610.0,INR,DEL > BOM,2026-09-10T21:26:21.130299,verified
Ignav,API,DEL,BOM,2026-10-10,30,Air India Express,1235,2026-10-10T23:25:00,2026-10-11T01:50:00,economy,,,,6610.0,INR,DEL > BOM,2026-09-10T21:26:21.130308,verified
Ignav,API,DEL,BOM,2026-10-10,30,Air India,2975,2026-10-10T06:30:00,2026-10-10T08:50:00,economy,,,,6740.0,INR,DEL > BOM,2026-09-10T21:26:21.130316,verified
Ignav,API,DEL,BOM,2026-10-10,30,Air India,2981,2026-10-10T21:00:00,2026-10-10T23:20:00,economy,,,,6740.0,INR,DEL > BOM,2026-09-10T21:26:21.130324,verified
Ignav,API,DEL,BOM,2026-10-10,30,Air India,2943,2026-10-10T07:30:00,2026-10-10T09:55:00,economy,,,,6745.0,INR,DEL > BOM,2026-09-10T21:26:21.130333,verified
Ignav,API,DEL,BOM,2026-10-10,30,Air India,1785,2026-10-10T12:00:00,2026-10-10T14:25:00,economy,,,,6745.0,INR,DEL > BOM,2026-09-10T21:26:21.130341,verified
Ignav,API,DEL,BOM,2026-10-10,30,Air India,1777,2026-10-10T16:00:00,2026-10-10T18:25:00,economy,,,,6745.0,INR,DEL > BOM,2026-09-10T21:26:21.130349,verified
Ignav,API,DEL,BOM,2026-10-10,30,Air India,2985,2026-10-10T19:30:00,2026-10-10T21:55:00,economy,,,,6745.0,INR,DEL > BOM,2026-09-10T21:26:21.130357,verified
Ignav,API,DEL,BOM,2026-10-10,30,SpiceJet,802,2026-10-10T22:30:00,2026-10-11T00:50:00,economy,,,,6778.0,INR,DEL > BOM,2026-09-10T21:26:21.130365,verified
Ignav,API,DEL,BOM,2026-10-10,30,SpiceJet,815,2026-10-10T09:55:00,2026-10-10T12:25:00,economy,,,,6778.0,INR,DEL > BOM,2026-09-10T21:26:21.130373,verified
Ignav,API,DEL,BOM,2026-10-10,30,IndiGo,6706,2026-10-10T17:00:00,2026-10-10T19:15:00,economy,,,,6793.0,INR,DEL > BOM,2026-09-10T21:26:21.130381,verified
Ignav,API,DEL,BOM,2026-10-10,30,IndiGo,6022,2026-10-10T14:00:00,2026-10-10T16:25:00,economy,,,,6793.0,INR,DEL > BOM,2026-09-10T21:26:21.130389,verified
Ignav,API,DEL,BOM,2026-10-10,30,Akasa Air,1833,2026-10-10T06:50:00,2026-10-10T09:10:00,economy,,,,6880.0,INR,DEL > BOM,2026-09-10T21:26:21.130398,verified
Ignav,API,DEL,BOM,2026-10-10,30,Akasa Air,1110,2026-10-10T10:00:00,2026-10-10T12:20:00,economy,,,,6880.0,INR,DEL > BOM,2026-09-10T21:26:21.130406,verified
Ignav,API,DEL,BOM,2026-10-10,30,Akasa Air,1128,2026-10-10T16:00:00,2026-10-10T18:20:00,economy,,,,6880.0,INR,DEL > BOM,2026-09-10T21:26:21.130414,verified
Ignav,API,DEL,BOM,2026-10-10,30,Akasa Air,1820,2026-10-10T17:30:00,2026-10-10T19:50:00,economy,,,,6880.0,INR,DEL > BOM,2026-09-10T21:26:21.130422,verified
Ignav,API,DEL,BOM,2026-10-10,30,Akasa Air,1119,2026-10-10T08:40:00,2026-10-10T11:05:00,economy,,,,6880.0,INR,DEL > BOM,2026-09-10T21:26:21.130431,verified
Ignav,API,DEL,BOM,2026-10-10,30,Akasa Air,1826,2026-10-10T19:55:00,2026-10-10T22:20:00,economy,,,,6880.0,INR,DEL > BOM,2026-09-10T21:26:21.130440,verified
Ignav,API,DEL,BOM,2026-10-10,30,Air India,2955,2026-10-10T18:00:00,2026-10-10T20:25:00,economy,,,,6902.0,INR,DEL > BOM,2026-09-10T21:26:21.130448,verified
Ignav,API,DEL,BOM,2026-10-10,30,Air India,2977,2026-10-10T19:00:00,2026-10-10T21:25:00,economy,,,,6902.0,INR,DEL > BOM,2026-09-10T21:26:21.130457,verified
Ignav,API,DEL,BOM,2026-10-10,30,Air India,2433,2026-10-10T21:30:00,2026-10-10T23:55:00,economy,,,,6908.0,INR,DEL > BOM,2026-09-10T21:26:21.130469,verified
Ignav,API,DEL,BOM,2026-10-10,30,Air India,2951,2026-10-10T13:30:00,2026-10-10T15:50:00,economy,,,,8042.0,INR,DEL > BOM,2026-09-10T21:26:21.130478,verified
Ignav,API,DEL,BOM,2026-10-25,45,SpiceJet,612,2026-10-25T19:00:00,2026-10-25T21:10:00,economy,,,,6778.0,INR,DEL > BOM,2026-09-10T21:26:22.013346,verified
Ignav,API,DEL,BOM,2026-10-25,45,SpiceJet,510,2026-10-25T06:30:00,2026-10-25T08:45:00,economy,,,,6778.0,INR,DEL > BOM,2026-09-10T21:26:22.013382,verified
Ignav,API,DEL,BOM,2026-10-25,45,SpiceJet,603,2026-10-25T05:45:00,2026-10-25T08:05:00,economy,,,,6778.0,INR,DEL > BOM,2026-09-10T21:26:22.013394,verified
Ignav,API,DEL,BOM,2026-10-25,45,Air India Express,1056,2026-10-25T08:45:00,2026-10-25T11:15:00,economy,,,,6831.0,INR,DEL > BOM,2026-09-10T21:26:22.013403,verified
Ignav,API,DEL,BOM,2026-10-25,45,IndiGo,353,2026-10-25T03:30:00,2026-10-25T05:55:00,economy,,,,6914.0,INR,DEL > BOM,2026-09-10T21:26:22.013412,verified
Ignav,API,DEL,BOM,2026-10-25,45,IndiGo,449,2026-10-25T05:00:00,2026-10-25T07:25:00,economy,,,,6914.0,INR,DEL > BOM,2026-09-10T21:26:22.013423,verified
Ignav,API,DEL,BOM,2026-10-25,45,IndiGo,6218,2026-10-25T06:05:00,2026-10-25T08:30:00,economy,,,,6914.0,INR,DEL > BOM,2026-09-10T21:26:22.013432,verified
Ignav,API,DEL,BOM,2026-10-25,45,IndiGo,6814,2026-10-25T07:00:00,2026-10-25T09:25:00,economy,,,,6914.0,INR,DEL > BOM,2026-09-10T21:26:22.013442,verified
Ignav,API,DEL,BOM,2026-10-25,45,IndiGo,320,2026-10-25T08:00:00,2026-10-25T10:25:00,economy,,,,6914.0,INR,DEL > BOM,2026-09-10T21:26:22.013451,verified
Ignav,API,DEL,BOM,2026-10-25,45,IndiGo,675,2026-10-25T08:45:00,2026-10-25T11:10:00,economy,,,,6914.0,INR,DEL > BOM,2026-09-10T21:26:22.013461,verified
Ignav,API,DEL,BOM,2026-10-25,45,IndiGo,6107,2026-10-25T09:30:00,2026-10-25T11:55:00,economy,,,,6914.0,INR,DEL > BOM,2026-09-10T21:26:22.013472,verified
Ignav,API,DEL,BOM,2026-10-25,45,IndiGo,6328,2026-10-25T10:15:00,2026-10-25T12:40:00,economy,,,,6914.0,INR,DEL > BOM,2026-09-10T21:26:22.013482,verified
Ignav,API,DEL,BOM,2026-10-25,45,IndiGo,6047,2026-10-25T11:00:00,2026-10-25T13:25:00,economy,,,,6914.0,INR,DEL > BOM,2026-09-10T21:26:22.013491,verified
Ignav,API,DEL,BOM,2026-10-25,45,IndiGo,324,2026-10-25T13:15:00,2026-10-25T15:40:00,economy,,,,6914.0,INR,DEL > BOM,2026-09-10T21:26:22.013501,verified
Ignav,API,DEL,BOM,2026-10-25,45,IndiGo,6318,2026-10-25T14:45:00,2026-10-25T17:10:00,economy,,,,6914.0,INR,DEL > BOM,2026-09-10T21:26:22.013510,verified
Ignav,API,DEL,BOM,2026-10-25,45,IndiGo,327,2026-10-25T16:15:00,2026-10-25T18:40:00,economy,,,,6914.0,INR,DEL > BOM,2026-09-10T21:26:22.013519,verified
Ignav,API,DEL,BOM,2026-10-25,45,IndiGo,6706,2026-10-25T17:00:00,2026-10-25T19:25:00,economy,,,,6914.0,INR,DEL > BOM,2026-09-10T21:26:22.013529,verified
Ignav,API,DEL,BOM,2026-10-25,45,IndiGo,853,2026-10-25T21:00:00,2026-10-25T23:25:00,economy,,,,6914.0,INR,DEL > BOM,2026-09-10T21:26:22.013538,verified
Ignav,API,DEL,BOM,2026-10-25,45,IndiGo,395,2026-10-25T22:00:00,2026-10-26T00:25:00,economy,,,,6914.0,INR,DEL > BOM,2026-09-10T21:26:22.013548,verified
Ignav,API,DEL,BOM,2026-10-25,45,IndiGo,6114,2026-10-25T23:00:00,2026-10-26T01:25:00,economy,,,,6914.0,INR,DEL > BOM,2026-09-10T21:26:22.013558,verified
Ignav,API,DEL,BOM,2026-10-25,45,IndiGo,6051,2026-10-25T11:45:00,2026-10-25T14:15:00,economy,,,,6914.0,INR,DEL > BOM,2026-09-10T21:26:22.013567,verified
Ignav,API,DEL,BOM,2026-10-25,45,Air India Express,1127,2026-10-25T20:40:00,2026-10-25T23:10:00,economy,,,,7041.0,INR,DEL > BOM,2026-09-10T21:26:22.013576,verified
Ignav,API,DEL,BOM,2026-10-25,45,IndiGo,6676,2026-10-25T12:30:00,2026-10-25T14:55:00,economy,,,,7064.0,INR,DEL > BOM,2026-09-10T21:26:22.013586,verified
Ignav,API,DEL,BOM,2026-10-25,45,IndiGo,6022,2026-10-25T14:00:00,2026-10-25T16:25:00,economy,,,,7064.0,INR,DEL > BOM,2026-09-10T21:26:22.013595,verified
Ignav,API,DEL,BOM,2026-10-25,45,SpiceJet,475,2026-10-25T17:10:00,2026-10-25T19:25:00,economy,,,,7142.0,INR,DEL > BOM,2026-09-10T21:26:22.013604,verified
Ignav,API,DEL,BOM,2026-10-25,45,Akasa Air,1112,2026-10-25T10:00:00,2026-10-25T12:20:00,economy,,,,7201.0,INR,DEL > BOM,2026-09-10T21:26:22.013614,verified
Ignav,API,DEL,BOM,2026-10-25,45,IndiGo,864,2026-10-25T15:30:00,2026-10-25T17:55:00,economy,,,,7364.0,INR,DEL > BOM,2026-09-10T21:26:22.013623,verified
Ignav,API,DEL,BOM,2026-10-25,45,IndiGo,329,2026-10-25T18:30:00,2026-10-25T20:55:00,economy,,,,7364.0,INR,DEL > BOM,2026-09-10T21:26:22.013632,verified
Ignav,API,DEL,BOM,2026-10-25,45,IndiGo,354,2026-10-25T19:15:00,2026-10-25T21:40:00,economy,,,,7364.0,INR,DEL > BOM,2026-09-10T21:26:22.013641,verified
Ignav,API,DEL,BOM,2026-10-25,45,IndiGo,303,2026-10-25T20:00:00,2026-10-25T22:25:00,economy,,,,7364.0,INR,DEL > BOM,2026-09-10T21:26:22.013651,verified
Ignav,API,DEL,BOM,2026-10-25,45,Akasa Air,1114,2026-10-25T16:00:00,2026-10-25T18:20:00,economy,,,,7453.0,INR,DEL > BOM,2026-09-10T21:26:22.013661,verified
Ignav,API,DEL,BOM,2026-10-25,45,Akasa Air,1118,2026-10-25T17:30:00,2026-10-25T19:50:00,economy,,,,7453.0,INR,DEL > BOM,2026-09-10T21:26:22.013670,verified
Ignav,API,DEL,BOM,2026-10-25,45,Akasa Air,1116,2026-10-25T21:45:00,2026-10-26T00:00:00,economy,,,,7583.0,INR,DEL > BOM,2026-09-10T21:26:22.013680,verified
Ignav,API,DEL,BOM,2026-10-25,45,IndiGo,328,2026-10-25T17:45:00,2026-10-25T20:10:00,economy,,,,9854.0,INR,DEL > BOM,2026-09-10T21:26:22.013690,verified
Ignav,API,DEL,BLR,2026-09-11,1,Akasa Air,1812,2026-09-11T22:55:00,2026-09-12T02:05:00,economy,,,,8479.0,INR,DEL > BLR,2026-09-10T21:26:23.783430,verified
Ignav,API,DEL,BLR,2026-09-11,1,IndiGo,"2151, 906",2026-09-11T19:45:00,2026-09-12T01:00:00,economy,,,,8514.0,INR,DEL > LKO > BLR,2026-09-10T21:26:23.783465,verified
Ignav,API,DEL,BLR,2026-09-11,1,IndiGo,871,2026-09-11T23:30:00,2026-09-12T02:25:00,economy,,,,8720.0,INR,DEL > BLR,2026-09-10T21:26:23.783473,verified
Ignav,API,DEL,BLR,2026-09-11,1,Air India,2757,2026-09-11T00:15:00,2026-09-11T03:10:00,economy,,,,9004.0,INR,DEL > BLR,2026-09-10T21:26:23.783488,verified
Ignav,API,DEL,BLR,2026-09-11,1,IndiGo,"5191, 496",2026-09-11T05:00:00,2026-09-11T11:00:00,economy,,,,9045.0,INR,DEL > CCU > BLR,2026-09-10T21:26:23.783495,verified
Ignav,API,DEL,BLR,2026-09-11,1,Air India,427,2026-09-11T08:30:00,2026-09-11T11:20:00,economy,,,,9146.0,INR,DEL > BLR,2026-09-10T21:26:23.783501,verified
Ignav,API,DEL,BLR,2026-09-11,1,Air India,2803,2026-09-11T06:30:00,2026-09-11T09:25:00,economy,,,,9146.0,INR,DEL > BLR,2026-09-10T21:26:23.783507,verified
Ignav,API,DEL,BLR,2026-09-11,1,Air India Express,"1046, 1244",2026-09-11T06:25:00,2026-09-11T12:00:00,economy,,,,9176.0,INR,DEL > IXR > BLR,2026-09-10T21:26:23.783513,verified
Ignav,API,DEL,BLR,2026-09-11,1,Air India Express,"1046, 1530",2026-09-11T06:25:00,2026-09-11T14:40:00,economy,,,,9176.0,INR,DEL > IXR > BLR,2026-09-10T21:26:23.783520,verified
Ignav,API,DEL,BLR,2026-09-11,1,IndiGo,"6459, 406",2026-09-11T05:55:00,2026-09-11T11:50:00,economy,,,,9290.0,INR,DEL > RPR > BLR,2026-09-10T21:26:23.783527,verified
Ignav,API,DEL,BLR,2026-09-11,1,IndiGo,873,2026-09-11T08:20:00,2026-09-11T11:10:00,economy,,,,9412.0,INR,DEL > BLR,2026-09-10T21:26:23.783535,verified
Ignav,API,DEL,BLR,2026-09-11,1,Air India Express,"1035, 2932",2026-09-11T07:30:00,2026-09-11T15:25:00,economy,,,,9439.0,INR,DEL > GAU > BLR,2026-09-10T21:26:23.783542,verified
Ignav,API,DEL,BLR,2026-09-11,1,Air India Express,"1035, 2882",2026-09-11T07:30:00,2026-09-11T16:30:00,economy,,,,9439.0,INR,DEL > GAU > BLR,2026-09-10T21:26:23.783549,verified
Ignav,API,DEL,BLR,2026-09-11,1,Air India Express,"1032, 2932",2026-09-11T05:45:00,2026-09-11T15:25:00,economy,,,,9439.0,INR,DEL > GAU > BLR,2026-09-10T21:26:23.783556,verified
Ignav,API,DEL,BLR,2026-09-11,1,Akasa Air,1350,2026-09-11T21:55:00,2026-09-12T00:50:00,economy,,,,9509.0,INR,DEL > BLR,2026-09-10T21:26:23.783564,verified
Ignav,API,DEL,BLR,2026-09-11,1,IndiGo,"513, 235",2026-09-11T08:30:00,2026-09-11T14:25:00,economy,,,,9525.0,INR,DEL > CCU > BLR,2026-09-10T21:26:23.783571,verified
Ignav,API,DEL,BLR,2026-09-11,1,Air India,2815,2026-09-11T07:00:00,2026-09-11T09:55:00,economy,,,,9580.0,INR,DEL > BLR,2026-09-10T21:26:23.783578,verified
Ignav,API,DEL,BLR,2026-09-11,1,Air India,2415,2026-09-11T09:30:00,2026-09-11T12:25:00,economy,,,,9580.0,INR,DEL > BLR,2026-09-10T21:26:23.783584,verified
Ignav,API,DEL,BLR,2026-09-11,1,Air India,2664,2026-09-11T15:50:00,2026-09-11T18:45:00,economy,,,,9580.0,INR,DEL > BLR,2026-09-10T21:26:23.783590,verified
Ignav,API,DEL,BLR,2026-09-11,1,Air India Express,"1074, 1168",2026-09-11T11:00:00,2026-09-11T18:50:00,economy,,,,9584.0,INR,DEL > SXR > BLR,2026-09-10T21:26:23.783596,verified
Ignav,API,DEL,BLR,2026-09-11,1,Air India Express,5975,2026-09-11T21:00:00,2026-09-11T23:55:00,economy,,,,9585.0,INR,DEL > BLR,2026-09-10T21:26:23.783604,verified
Ignav,API,DEL,BLR,2026-09-11,1,IndiGo,810,2026-09-11T07:05:00,2026-09-11T10:00:00,economy,,,,9662.0,INR,DEL > BLR,2026-09-10T21:26:23.783610,verified
Ignav,API,DEL,BLR,2026-09-11,1,IndiGo,826,2026-09-11T09:30:00,2026-09-11T12:25:00,economy,,,,9662.0,INR,DEL > BLR,2026-09-10T21:26:23.783616,verified
Ignav,API,DEL,BLR,2026-09-11,1,Air India,2819,2026-09-11T15:00:00,2026-09-11T17:55:00,economy,,,,9737.0,INR,DEL > BLR,2026-09-10T21:26:23.783622,verified
Ignav,API,DEL,BLR,2026-09-11,1,Air India Express,"1980, 1168",2026-09-11T09:55:00,2026-09-11T18:50:00,economy,,,,9851.0,INR,DEL > SXR > BLR,2026-09-10T21:26:23.783629,verified
Ignav,API,DEL,BLR,2026-09-11,1,IndiGo,828,2026-09-11T14:30:00,2026-09-11T17:25:00,economy,,,,9887.0,INR,DEL > BLR,2026-09-10T21:26:23.783637,verified
Ignav,API,DEL,BLR,2026-09-11,1,IndiGo,"6632, 593",2026-09-11T17:50:00,2026-09-11T23:00:00,economy,,,,9921.0,INR,DEL > IXC > BLR,2026-09-10T21:26:23.783644,verified
Ignav,API,DEL,BLR,2026-09-11,1,IndiGo,"5033, 556",2026-09-11T15:50:00,2026-09-11T21:35:00,economy,,,,9921.0,INR,DEL > JAI > BLR,2026-09-10T21:26:23.783650,verified
Ignav,API,DEL,BLR,2026-09-11,1,Air India,2817,2026-09-11T16:30:00,2026-09-11T19:15:00,economy,,,,10041.0,INR,DEL > BLR,2026-09-10T21:26:23.783655,verified
Ignav,API,DEL,BLR,2026-09-11,1,Air India,2485,2026-09-11T10:30:00,2026-09-11T13:20:00,economy,,,,10041.0,INR,DEL > BLR,2026-09-10T21:26:23.783661,verified
Ignav,API,DEL,BLR,2026-09-11,1,IndiGo,"5001, 472",2026-09-11T17:10:00,2026-09-11T22:50:00,economy,,,,10078.0,INR,DEL > COK > BLR,2026-09-10T21:26:23.783669,verified
Ignav,API,DEL,BLR,2026-09-11,1,Air India,9773,2026-09-11T21:00:00,2026-09-11T23:55:00,economy,,,,10167.0,INR,DEL > BLR,2026-09-10T21:26:23.783675,verified
Ignav,API,DEL,BLR,2026-09-11,1,IndiGo,842,2026-09-11T10:45:00,2026-09-11T13:40:00,economy,,,,10177.0,INR,DEL > BLR,2026-09-10T21:26:23.783682,verified
Ignav,API,DEL,BLR,2026-09-11,1,IndiGo,880,2026-09-11T15:45:00,2026-09-11T18:40:00,economy,,,,10177.0,INR,DEL > BLR,2026-09-10T21:26:23.783687,verified
Ignav,API,DEL,BLR,2026-09-11,1,IndiGo,846,2026-09-11T22:00:00,2026-09-12T00:55:00,economy,,,,10177.0,INR,DEL > BLR,2026-09-10T21:26:23.783693,verified
Ignav,API,DEL,BLR,2026-09-11,1,IndiGo,850,2026-09-11T12:20:00,2026-09-11T15:20:00,economy,,,,10177.0,INR,DEL > BLR,2026-09-10T21:26:23.783699,verified
Ignav,API,DEL,BLR,2026-09-11,1,Air India,2417,2026-09-11T13:00:00,2026-09-11T15:55:00,economy,,,,10208.0,INR,DEL > BLR,2026-09-10T21:26:23.783704,verified
Ignav,API,DEL,BLR,2026-09-11,1,Air India,"9693, 9679",2026-09-11T06:25:00,2026-09-11T12:00:00,economy,,,,10529.0,INR,DEL > IXR > BLR,2026-09-10T21:26:23.783710,verified
Ignav,API,DEL,BLR,2026-09-11,1,Air India,"9693, 9681",2026-09-11T06:25:00,2026-09-11T14:40:00,economy,,,,10529.0,INR,DEL > IXR > BLR,2026-09-10T21:26:23.783716,verified
Ignav,API,DEL,BLR,2026-09-11,1,Air India Express,"1054, 2176",2026-09-11T12:05:00,2026-09-11T22:10:00,economy,,,,10558.0,INR,DEL > IXR > BLR,2026-09-10T21:26:23.783723,verified
Ignav,API,DEL,BLR,2026-09-11,1,IndiGo,820,2026-09-11T03:00:00,2026-09-11T05:55:00,economy,,,,10724.0,INR,DEL > BLR,2026-09-10T21:26:23.783731,verified
Ignav,API,DEL,BLR,2026-09-11,1,IndiGo,2314,2026-09-11T05:45:00,2026-09-11T08:40:00,economy,,,,10724.0,INR,DEL > BLR,2026-09-10T21:26:23.783739,verified
Ignav,API,DEL,BLR,2026-09-11,1,IndiGo,176,2026-09-11T13:15:00,2026-09-11T16:10:00,economy,,,,10724.0,INR,DEL > BLR,2026-09-10T21:26:23.783745,verified
Ignav,API,DEL,BLR,2026-09-11,1,IndiGo,837,2026-09-11T17:00:00,2026-09-11T19:55:00,economy,,,,10724.0,INR,DEL > BLR,2026-09-10T21:26:23.783751,verified
Ignav,API,DEL,BLR,2026-09-11,1,IndiGo,"6497, 6452",2026-09-11T18:40:00,2026-09-12T00:30:00,economy,,,,10861.0,INR,DEL > PAT > BLR,2026-09-10T21:26:23.783757,verified
Ignav,API,DEL,BLR,2026-09-11,1,Air India,"2907, 9411",2026-09-11T12:00:00,2026-09-11T23:35:00,economy,,,,10969.0,INR,DEL > DED > BLR,2026-09-10T21:26:23.783763,verified
Ignav,API,DEL,BLR,2026-09-11,1,Air India Express,"1812, 2115",2026-09-11T11:15:00,2026-09-11T18:50:00,economy,,,,11151.0,INR,DEL > COK > BLR,2026-09-10T21:26:23.783769,verified
Ignav,API,DEL,BLR,2026-09-11,1,Air India Express,"1617, 1520",2026-09-11T11:50:00,2026-09-11T17:25:00,economy,,,,11163.0,INR,DEL > LKO > BLR,2026-09-10T21:26:23.783775,verified
Ignav,API,DEL,BLR,2026-09-11,1,Air India,9431,2026-09-11T18:20:00,2026-09-11T21:15:00,economy,,,,11211.0,INR,DEL > BLR,2026-09-10T21:26:23.783781,verified
Ignav,API,DEL,BLR,2026-09-11,1,Akasa Air,1308,2026-09-11T20:55:00,2026-09-11T23:50:00,economy,,,,11215.0,INR,DEL > BLR,2026-09-10T21:26:23.783787,verified
Ignav,API,DEL,BLR,2026-09-11,1,Akasa Air,1824,2026-09-11T20:10:00,2026-09-11T23:10:00,economy,,,,11215.0,INR,DEL > BLR,2026-09-10T21:26:23.783795,verified
Ignav,API,DEL,BLR,2026-09-11,1,IndiGo,"434, 847",2026-09-11T11:00:00,2026-09-11T17:20:00,economy,,,,11236.0,INR,DEL > MAA > BLR,2026-09-10T21:26:23.783801,verified
Ignav,API,DEL,BLR,2026-09-11,1,IndiGo,811,2026-09-11T18:20:00,2026-09-11T21:10:00,economy,,,,11306.0,INR,DEL > BLR,2026-09-10T21:26:23.783807,verified
Ignav,API,DEL,BLR,2026-09-11,1,IndiGo,861,2026-09-11T19:30:00,2026-09-11T22:25:00,economy,,,,11306.0,INR,DEL > BLR,2026-09-10T21:26:23.783813,verified
Ignav,API,DEL,BLR,2026-09-11,1,Air India Express,1070,2026-09-11T18:20:00,2026-09-11T21:15:00,economy,,,,11414.0,INR,DEL > BLR,2026-09-10T21:26:23.783819,verified
Ignav,API,DEL,BLR,2026-09-11,1,Air India,"2569, 9474",2026-09-11T20:25:00,2026-09-12T17:15:00,economy,,,,11764.0,INR,DEL > LKO > BLR,2026-09-10T21:26:23.783825,verified
Ignav,API,DEL,BLR,2026-09-11,1,Air India,"1710, 9474",2026-09-11T18:35:00,2026-09-12T17:15:00,economy,,,,11764.0,INR,DEL > LKO > BLR,2026-09-10T21:26:23.783832,verified
Ignav,API,DEL,BLR,2026-09-11,1,Air India,"1717, 9474",2026-09-11T14:20:00,2026-09-12T17:15:00,economy,,,,11764.0,INR,DEL > LKO > BLR,2026-09-10T21:26:23.783837,verified
Ignav,API,DEL,BLR,2026-09-11,1,Air India,"1710, 9546",2026-09-11T18:35:00,2026-09-12T00:55:00,economy,,,,11974.0,INR,DEL > LKO > BLR,2026-09-10T21:26:23.783843,verified
Ignav,API,DEL,BLR,2026-09-11,1,Air India,"1717, 9546",2026-09-11T14:20:00,2026-09-12T00:55:00,economy,,,,11974.0,INR,DEL > LKO > BLR,2026-09-10T21:26:23.783849,verified
Ignav,API,DEL,BLR,2026-09-11,1,Air India,"2499, 9546",2026-09-11T05:55:00,2026-09-12T00:55:00,economy,,,,11974.0,INR,DEL > LKO > BLR,2026-09-10T21:26:23.783858,verified
Ignav,API,DEL,BLR,2026-09-11,1,Air India,2409,2026-09-11T06:00:00,2026-09-11T08:55:00,economy,,,,12186.0,INR,DEL > BLR,2026-09-10T21:26:23.783864,verified
Ignav,API,DEL,BLR,2026-09-11,1,Air India,2487,2026-09-11T18:30:00,2026-09-11T21:25:00,economy,,,,12186.0,INR,DEL > BLR,2026-09-10T21:26:23.783870,verified
Ignav,API,DEL,BLR,2026-09-11,1,Air India,2512,2026-09-11T19:00:00,2026-09-11T21:55:00,economy,,,,12186.0,INR,DEL > BLR,2026-09-10T21:26:23.783875,verified
Ignav,API,DEL,BLR,2026-09-11,1,Air India,"9447, 9546",2026-09-11T23:25:00,2026-09-13T00:55:00,economy,,,,12238.0,INR,DEL > LKO > BLR,2026-09-10T21:26:23.783883,verified
Ignav,API,DEL,BLR,2026-09-11,1,Akasa Air,1822,2026-09-11T16:40:00,2026-09-11T19:40:00,economy,,,,12293.0,INR,DEL > BLR,2026-09-10T21:26:23.783889,verified
Ignav,API,DEL,BLR,2026-09-11,1,Air India,2809,2026-09-11T19:30:00,2026-09-11T22:20:00,economy,,,,12396.0,INR,DEL > BLR,2026-09-10T21:26:23.783895,verified
Ignav,API,DEL,BLR,2026-09-11,1,Air India,"9856, 9545",2026-09-11T09:55:00,2026-09-11T18:50:00,economy,,,,12425.0,INR,DEL > SXR > BLR,2026-09-10T21:26:23.783903,verified
Ignav,API,DEL,BLR,2026-09-11,1,Air India,"9854, 9545",2026-09-11T06:35:00,2026-09-11T18:50:00,economy,,,,12425.0,INR,DEL > SXR > BLR,2026-09-10T21:26:23.783910,verified
Ignav,API,DEL,BLR,2026-09-11,1,Air India,2412,2026-09-11T21:30:00,2026-09-12T00:25:00,economy,,,,12501.0,INR,DEL > BLR,2026-09-10T21:26:23.783916,verified
Ignav,API,DEL,BLR,2026-09-11,1,Air India,"9447, 9474",2026-09-11T23:25:00,2026-09-12T17:15:00,economy,,,,12553.0,INR,DEL > LKO > BLR,2026-09-10T21:26:23.783924,verified
Ignav,API,DEL,BLR,2026-09-11,1,IndiGo,6515,2026-09-11T20:45:00,2026-09-11T23:40:00,economy,,,,12578.0,INR,DEL > BLR,2026-09-10T21:26:23.783930,verified
Ignav,API,DEL,BLR,2026-09-11,1,Air India,"2499, 9474",2026-09-11T05:55:00,2026-09-11T17:25:00,economy,,,,12709.0,INR,DEL > LKO > BLR,2026-09-10T21:26:23.783936,verified
Ignav,API,DEL,BLR,2026-09-11,1,Air India,"9757, 9546",2026-09-11T11:50:00,2026-09-12T00:55:00,economy,,,,12763.0,INR,DEL > LKO > BLR,2026-09-10T21:26:23.783942,verified
Ignav,API,DEL,BLR,2026-09-11,1,IndiGo,"2319, 455",2026-09-11T09:55:00,2026-09-11T16:10:00,economy,,,,12819.0,INR,DEL > LKO > BLR,2026-09-10T21:26:23.783949,verified
Ignav,API,DEL,BLR,2026-09-11,1,Air India,"9757, 9474",2026-09-11T11:50:00,2026-09-11T17:25:00,economy,,,,13120.0,INR,DEL > LKO > BLR,2026-09-10T21:26:23.783955,verified
Ignav,API,DEL,BLR,2026-09-11,1,Air India,"9759, 9474",2026-09-11T05:45:00,2026-09-11T17:25:00,economy,,,,13120.0,INR,DEL > LKO > BLR,2026-09-10T21:26:23.783965,verified
Ignav,API,DEL,BLR,2026-09-11,1,IndiGo,"884, 314",2026-09-11T11:45:00,2026-09-11T17:50:00,economy,,,,13561.0,INR,DEL > HYD > BLR,2026-09-10T21:26:23.783989,verified
Ignav,API,DEL,BLR,2026-09-11,1,Air India,"1757, 9411",2026-09-11T15:40:00,2026-09-11T23:35:00,economy,,,,13634.0,INR,DEL > DED > BLR,2026-09-10T21:26:23.783996,verified
Ignav,API,DEL,BLR,2026-09-11,1,IndiGo,"2277, 633",2026-09-11T10:25:00,2026-09-11T15:45:00,economy,,,,13674.0,INR,DEL > GOI > BLR,2026-09-10T21:26:23.784005,verified
Ignav,API,DEL,BLR,2026-09-11,1,Air India,"2907, 9603",2026-09-11T12:00:00,2026-09-12T16:00:00,economy,,,,13805.0,INR,DEL > DED > BLR,2026-09-10T21:26:23.784011,verified
Ignav,API,DEL,BLR,2026-09-11,1,Air India,"9509, 9496",2026-09-11T07:30:00,2026-09-11T15:25:00,economy,,,,13972.0,INR,DEL > GAU > BLR,2026-09-10T21:26:23.784017,verified
Ignav,API,DEL,BLR,2026-09-11,1,IndiGo,"5038, 429",2026-09-11T14:00:00,2026-09-11T19:40:00,economy,,,,14050.0,INR,DEL > IXC > BLR,2026-09-10T21:26:23.784024,verified
Ignav,API,DEL,BLR,2026-09-11,1,IndiGo,"6476, 325",2026-09-11T07:05:00,2026-09-11T13:10:00,economy,,,,14552.0,INR,DEL > LKO > BLR,2026-09-10T21:26:23.784030,verified
Ignav,API,DEL,BLR,2026-09-11,1,Air India,"9693, 9683",2026-09-11T06:25:00,2026-09-11T22:10:00,economy,,,,14977.0,INR,DEL > IXR > BLR,2026-09-10T21:26:23.784036,verified
Ignav,API,DEL,BLR,2026-09-11,1,Air India,"537, 9427",2026-09-11T15:45:00,2026-09-12T07:50:00,economy,,,,15404.0,INR,DEL > MAA > BLR,2026-09-10T21:26:23.784042,verified
Ignav,API,DEL,BLR,2026-09-11,1,Air India,"537, 9483",2026-09-11T15:45:00,2026-09-12T08:35:00,economy,,,,15404.0,INR,DEL > MAA > BLR,2026-09-10T21:26:23.784049,verified
Ignav,API,DEL,BLR,2026-09-11,1,Air India,"537, 9763",2026-09-11T15:45:00,2026-09-12T10:05:00,economy,,,,15524.0,INR,DEL > MAA > BLR,2026-09-10T21:26:23.784055,verified
Ignav,API,DEL,BLR,2026-09-11,1,Air India,"1702, 9612",2026-09-11T18:30:00,2026-09-11T23:50:00,economy,,,,15990.0,INR,DEL > VTZ > BLR,2026-09-10T21:26:23.784063,verified
Ignav,API,DEL,BLR,2026-09-11,1,Air India,"419, 9612",2026-09-11T13:35:00,2026-09-11T23:50:00,economy,,,,16096.0,INR,DEL > VTZ > BLR,2026-09-10T21:26:23.784072,verified
Ignav,API,DEL,BLR,2026-09-11,1,Air India,"2467, 9481",2026-09-11T10:00:00,2026-09-12T11:55:00,economy,,,,16100.0,INR,DEL > MAA > BLR,2026-09-10T21:26:23.784078,verified
Ignav,API,DEL,BLR,2026-09-11,1,Air India,"1745, 9988, 9452",2026-09-11T05:00:00,2026-09-12T11:35:00,economy,,,,16395.0,INR,DEL > BOM > COK > BLR,2026-09-10T21:26:23.784093,verified
Ignav,API,DEL,BLR,2026-09-11,1,Air India,"1745, 9988, 9450",2026-09-11T05:00:00,2026-09-12T15:00:00,economy,,,,16395.0,INR,DEL > BOM > COK > BLR,2026-09-10T21:26:23.784099,verified
Ignav,API,DEL,BLR,2026-09-11,1,Air India,"1757, 9603",2026-09-11T15:40:00,2026-09-12T16:00:00,economy,,,,16470.0,INR,DEL > DED > BLR,2026-09-10T21:26:23.784106,verified
Ignav,API,DEL,BLR,2026-09-11,1,Air India Express,"1346, 2817",2026-09-11T06:10:00,2026-09-11T16:05:00,economy,,,,16471.0,INR,DEL > PAT > BLR,2026-09-10T21:26:23.784112,verified
Ignav,API,DEL,BLR,2026-09-11,1,Air India,"9486, 9988, 9452",2026-09-11T05:35:00,2026-09-12T11:35:00,economy,,,,16476.0,INR,DEL > BOM > COK > BLR,2026-09-10T21:26:23.784119,verified
Ignav,API,DEL,BLR,2026-09-11,1,Air India,"9486, 9988, 9450",2026-09-11T05:35:00,2026-09-12T15:00:00,economy,,,,16476.0,INR,DEL > BOM > COK > BLR,2026-09-10T21:26:23.784126,verified
Ignav,API,DEL,BLR,2026-09-11,1,Air India,"1745, 2857",2026-09-11T05:00:00,2026-09-13T01:35:00,economy,,,,16603.0,INR,DEL > BOM > BLR,2026-09-10T21:26:23.784132,verified
Ignav,API,DEL,BLR,2026-09-11,1,Air India,"2909, 2916, 2401",2026-09-11T22:30:00,2026-09-12T22:45:00,economy,,,,16611.0,INR,DEL > AMD > BOM > BLR,2026-09-10T21:26:23.784141,verified
Ignav,API,DEL,BLR,2026-09-11,1,Air India,"2909, 2916, 2857",2026-09-11T22:30:00,2026-09-13T01:35:00,economy,,,,16611.0,INR,DEL > AMD > BOM > BLR,2026-09-10T21:26:23.784148,verified
Ignav,API,DEL,BLR,2026-09-11,1,Air India,"1785, 9988, 9452",2026-09-11T12:00:00,2026-09-12T11:35:00,economy,,,,16678.0,INR,DEL > BOM > COK > BLR,2026-09-10T21:26:23.784154,verified
Ignav,API,DEL,BLR,2026-09-11,1,Air India,"2995, 9988, 9452",2026-09-11T10:00:00,2026-09-12T11:35:00,economy,,,,16678.0,INR,DEL > BOM > COK > BLR,2026-09-10T21:26:23.784161,verified
Ignav,API,DEL,BLR,2026-09-11,1,Air India,"2927, 9988, 9452",2026-09-11T09:30:00,2026-09-12T11:35:00,economy,,,,16678.0,INR,DEL > BOM > COK > BLR,2026-09-10T21:26:23.784168,verified
Ignav,API,DEL,BLR,2026-09-11,1,Air India,"1785, 9988, 9450",2026-09-11T12:00:00,2026-09-12T15:00:00,economy,,,,16678.0,INR,DEL > BOM > COK > BLR,2026-09-10T21:26:23.784174,verified
Ignav,API,DEL,BLR,2026-09-11,1,Air India,"2678, 9988, 9452",2026-09-11T08:30:00,2026-09-12T11:35:00,economy,,,,16678.0,INR,DEL > BOM > COK > BLR,2026-09-10T21:26:23.784181,verified
Ignav,API,DEL,BLR,2026-09-11,1,Air India,"2995, 9988, 9450",2026-09-11T10:00:00,2026-09-12T15:00:00,economy,,,,16678.0,INR,DEL > BOM > COK > BLR,2026-09-10T21:26:23.784187,verified
Ignav,API,DEL,BLR,2026-09-11,1,Air India,"2975, 9988, 9452",2026-09-11T06:30:00,2026-09-12T11:35:00,economy,,,,16678.0,INR,DEL > BOM > COK > BLR,2026-09-10T21:26:23.784195,verified
Ignav,API,DEL,BLR,2026-09-11,1,Air India,"2927, 9988, 9450",2026-09-11T09:30:00,2026-09-12T15:00:00,economy,,,,16678.0,INR,DEL > BOM > COK > BLR,2026-09-10T21:26:23.784201,verified
Ignav,API,DEL,BLR,2026-09-11,1,Air India,"2678, 9988, 9450",2026-09-11T08:30:00,2026-09-12T15:00:00,economy,,,,16678.0,INR,DEL > BOM > COK > BLR,2026-09-10T21:26:23.784210,verified
Ignav,API,DEL,BLR,2026-09-11,1,Air India,"2975, 9988, 9450",2026-09-11T06:30:00,2026-09-12T15:00:00,economy,,,,16678.0,INR,DEL > BOM > COK > BLR,2026-09-10T21:26:23.784219,verified
Ignav,API,DEL,BLR,2026-09-11,1,Air India,"9486, 2857",2026-09-11T05:35:00,2026-09-13T01:35:00,economy,,,,16684.0,INR,DEL > BOM > BLR,2026-09-10T21:26:23.784226,verified
Ignav,API,DEL,BLR,2026-09-11,1,Air India,"9447, 9752, 2857",2026-09-11T23:25:00,2026-09-13T01:35:00,economy,,,,16743.0,INR,DEL > LKO > BOM > BLR,2026-09-10T21:26:23.784232,verified
Ignav,API,DEL,BLR,2026-09-11,1,Air India,"1738, 9452",2026-09-11T17:00:00,2026-09-12T11:35:00,economy,,,,16758.0,INR,DEL > COK > BLR,2026-09-10T21:26:23.784239,verified
Ignav,API,DEL,BLR,2026-09-11,1,Air India,"9699, 9683",2026-09-11T12:05:00,2026-09-11T22:10:00,economy,,,,16766.0,INR,DEL > IXR > BLR,2026-09-10T21:26:23.784245,verified
Ignav,API,DEL,BLR,2026-09-11,1,Air India,"2945, 9988, 9452",2026-09-11T11:00:00,2026-09-12T11:35:00,economy,,,,16844.0,INR,DEL > BOM > COK > BLR,2026-09-10T21:26:23.784252,verified
Ignav,API,DEL,BLR,2026-09-11,1,Air India,"2945, 9988, 9450",2026-09-11T11:00:00,2026-09-12T15:00:00,economy,,,,16844.0,INR,DEL > BOM > COK > BLR,2026-09-10T21:26:23.784258,verified
Ignav,API,DEL,BLR,2026-09-11,1,Air India,"2943, 9988, 9452",2026-09-11T07:30:00,2026-09-12T11:35:00,economy,,,,16844.0,INR,DEL > BOM > COK > BLR,2026-09-10T21:26:23.784264,verified
Ignav,API,DEL,BLR,2026-09-11,1,Air India,"2429, 9988, 9452",2026-09-11T07:00:00,2026-09-12T11:35:00,economy,,,,16844.0,INR,DEL > BOM > COK > BLR,2026-09-10T21:26:23.784271,verified
Ignav,API,DEL,BLR,2026-09-11,1,Air India,"2943, 9988, 9450",2026-09-11T07:30:00,2026-09-12T15:00:00,economy,,,,16844.0,INR,DEL > BOM > COK > BLR,2026-09-10T21:26:23.784280,verified
Ignav,API,DEL,BLR,2026-09-11,1,Air India,"2429, 9988, 9450",2026-09-11T07:00:00,2026-09-12T15:00:00,economy,,,,16844.0,INR,DEL > BOM > COK > BLR,2026-09-10T21:26:23.784286,verified
Ignav,API,DEL,BLR,2026-09-11,1,Air India,"1785, 2857",2026-09-11T12:00:00,2026-09-13T01:35:00,economy,,,,16886.0,INR,DEL > BOM > BLR,2026-09-10T21:26:23.784293,verified
Ignav,API,DEL,BLR,2026-09-11,1,Air India,"2995, 2857",2026-09-11T10:00:00,2026-09-13T01:35:00,economy,,,,16886.0,INR,DEL > BOM > BLR,2026-09-10T21:26:23.784299,verified
Ignav,API,DEL,BLR,2026-09-11,1,Air India,"2927, 2857",2026-09-11T09:30:00,2026-09-13T01:35:00,economy,,,,16886.0,INR,DEL > BOM > BLR,2026-09-10T21:26:23.784305,verified
Ignav,API,DEL,BLR,2026-09-11,1,Air India,"2678, 2857",2026-09-11T08:30:00,2026-09-13T01:35:00,economy,,,,16886.0,INR,DEL > BOM > BLR,2026-09-10T21:26:23.784311,verified
Ignav,API,DEL,BLR,2026-09-11,1,Air India,"2975, 2857",2026-09-11T06:30:00,2026-09-13T01:35:00,economy,,,,16886.0,INR,DEL > BOM > BLR,2026-09-10T21:26:23.784318,verified
Ignav,API,DEL,BLR,2026-09-11,1,Air India,"2945, 2857",2026-09-11T11:00:00,2026-09-13T01:35:00,economy,,,,17052.0,INR,DEL > BOM > BLR,2026-09-10T21:26:23.784324,verified
Ignav,API,DEL,BLR,2026-09-11,1,Air India,"2943, 2857",2026-09-11T07:30:00,2026-09-13T01:35:00,economy,,,,17052.0,INR,DEL > BOM > BLR,2026-09-10T21:26:23.784334,verified
Ignav,API,DEL,BLR,2026-09-11,1,Air India,"2429, 2857",2026-09-11T07:00:00,2026-09-13T01:35:00,economy,,,,17052.0,INR,DEL > BOM > BLR,2026-09-10T21:26:23.784340,verified
Ignav,API,DEL,BLR,2026-09-11,1,Air India Express,"1085, 2959",2026-09-11T12:55:00,2026-09-11T23:30:00,economy,,,,17232.0,INR,DEL > GAU > BLR,2026-09-10T21:26:23.784349,verified
Ignav,API,DEL,BLR,2026-09-11,1,Air India,"1738, 9456",2026-09-11T17:00:00,2026-09-12T08:25:00,economy,,,,17288.0,INR,DEL > COK > BLR,2026-09-10T21:26:23.784355,verified
Ignav,API,DEL,BLR,2026-09-11,1,Air India Express,"1067, 2963",2026-09-11T06:10:00,2026-09-11T15:25:00,economy,,,,17353.0,INR,DEL > IXB > BLR,2026-09-10T21:26:23.784363,verified
Ignav,API,DEL,BLR,2026-09-11,1,Air India,"2553, 9545",2026-09-11T07:25:00,2026-09-11T18:50:00,economy,,,,17497.0,INR,DEL > SXR > BLR,2026-09-10T21:26:23.784370,verified
Ignav,API,DEL,BLR,2026-09-11,1,Air India,"1799, 9545",2026-09-11T06:40:00,2026-09-11T18:50:00,economy,,,,17497.0,INR,DEL > SXR > BLR,2026-09-10T21:26:23.784376,verified
Ignav,API,DEL,BLR,2026-09-11,1,Air India Express,"1068, 2004",2026-09-11T11:55:00,2026-09-11T20:10:00,economy,,,,17559.0,INR,DEL > GOI > BLR,2026-09-10T21:26:23.784382,verified
Ignav,API,DEL,BLR,2026-09-11,1,Air India,"9880, 9899",2026-09-11T06:10:00,2026-09-11T16:05:00,economy,,,,17776.0,INR,DEL > PAT > BLR,2026-09-10T21:26:23.784388,verified
Ignav,API,DEL,BLR,2026-09-11,1,Air India,"1706, 9573",2026-09-11T23:00:00,2026-09-12T07:55:00,economy,,,,17945.0,INR,DEL > HYD > BLR,2026-09-10T21:26:23.784394,verified
Ignav,API,DEL,BLR,2026-09-11,1,Air India,"2449, 9573",2026-09-11T22:00:00,2026-09-12T07:55:00,economy,,,,17945.0,INR,DEL > HYD > BLR,2026-09-10T21:26:23.784400,verified
Ignav,API,DEL,BLR,2026-09-11,1,Air India,"2883, 9452",2026-09-11T22:10:00,2026-09-12T11:35:00,economy,,,,18061.0,INR,DEL > COK > BLR,2026-09-10T21:26:23.784407,verified
Ignav,API,DEL,BLR,2026-09-11,1,Air India,"879, 9496",2026-09-11T06:40:00,2026-09-11T15:25:00,economy,,,,18453.0,INR,DEL > GAU > BLR,2026-09-10T21:26:23.784415,verified
Ignav,API,DEL,BLR,2026-09-11,1,Air India,"1755, 9498",2026-09-11T14:30:00,2026-09-11T23:30:00,economy,,,,18453.0,INR,DEL > GAU > BLR,2026-09-10T21:26:23.784421,verified
Ignav,API,DEL,BLR,2026-09-11,1,Air India,"879, 9498",2026-09-11T06:40:00,2026-09-11T23:30:00,economy,,,,18453.0,INR,DEL > GAU > BLR,2026-09-10T21:26:23.784427,verified
Ignav,API,DEL,BLR,2026-09-11,1,Air India,"1755, 9496",2026-09-11T14:30:00,2026-09-12T15:25:00,economy,,,,18453.0,INR,DEL > GAU > BLR,2026-09-10T21:26:23.784433,verified
Ignav,API,DEL,BLR,2026-09-11,1,Air India,"9759, 9752, 9988, 9452",2026-09-11T05:45:00,2026-09-12T11:35:00,economy,,,,18465.0,INR,DEL > LKO > BOM > COK > BLR,2026-09-10T21:26:23.784441,verified
Ignav,API,DEL,BLR,2026-09-11,1,Air India,"9759, 9752, 9988, 9450",2026-09-11T05:45:00,2026-09-12T15:00:00,economy,,,,18465.0,INR,DEL > LKO > BOM > COK > BLR,2026-09-10T21:26:23.784448,verified
Ignav,API,DEL,BLR,2026-09-11,1,Air India,"9511, 9498",2026-09-11T10:40:00,2026-09-11T23:30:00,economy,,,,18468.0,INR,DEL > GAU > BLR,2026-09-10T21:26:23.784455,verified
Ignav,API,DEL,BLR,2026-09-11,1,Air India,"1745, 2865",2026-09-11T05:00:00,2026-09-12T21:50:00,economy,,,,18541.0,INR,DEL > BOM > BLR,2026-09-10T21:26:23.784461,verified
Ignav,API,DEL,BLR,2026-09-11,1,Air India,"1745, 2401",2026-09-11T05:00:00,2026-09-12T22:45:00,economy,,,,18541.0,INR,DEL > BOM > BLR,2026-09-10T21:26:23.784468,verified
Ignav,API,DEL,BLR,2026-09-11,1,Air India,"1745, 9730, 9454",2026-09-11T05:00:00,2026-09-12T18:50:00,economy,,,,18559.0,INR,DEL > BOM > COK > BLR,2026-09-10T21:26:23.784478,verified
Ignav,API,DEL,BLR,2026-09-11,1,Air India,"1745, 9728, 9450",2026-09-11T05:00:00,2026-09-13T07:25:00,economy,,,,18559.0,INR,DEL > BOM > COK > BLR,2026-09-10T21:26:23.784487,verified
Ignav,API,DEL,BLR,2026-09-11,1,Air India,"2883, 9456",2026-09-11T22:10:00,2026-09-12T08:25:00,economy,,,,18591.0,INR,DEL > COK > BLR,2026-09-10T21:26:23.784494,verified
Ignav,API,DEL,BLR,2026-09-11,1,Air India,"2883, 9450",2026-09-11T22:10:00,2026-09-12T15:00:00,economy,,,,18591.0,INR,DEL > COK > BLR,2026-09-10T21:26:23.784500,verified
Ignav,API,DEL,BLR,2026-09-11,1,Air India,"9486, 2865",2026-09-11T05:35:00,2026-09-12T21:50:00,economy,,,,18622.0,INR,DEL > BOM > BLR,2026-09-10T21:26:23.784506,verified
Ignav,API,DEL,BLR,2026-09-11,1,Air India,"9486, 2401",2026-09-11T05:35:00,2026-09-12T22:45:00,economy,,,,18622.0,INR,DEL > BOM > BLR,2026-09-10T21:26:23.784515,verified
Ignav,API,DEL,BLR,2026-09-11,1,Air India,"9486, 2853",2026-09-11T05:35:00,2026-09-11T17:35:00,economy,,,,18626.0,INR,DEL > BOM > BLR,2026-09-10T21:26:23.784521,verified
Ignav,API,DEL,BLR,2026-09-11,1,Air India,"9486, 9730, 9454",2026-09-11T05:35:00,2026-09-12T18:50:00,economy,,,,18640.0,INR,DEL > BOM > COK > BLR,2026-09-10T21:26:23.784527,verified
Ignav,API,DEL,BLR,2026-09-11,1,Air India,"9486, 9728, 9450",2026-09-11T05:35:00,2026-09-13T07:25:00,economy,,,,18640.0,INR,DEL > BOM > COK > BLR,2026-09-10T21:26:23.784534,verified
Ignav,API,DEL,BLR,2026-09-11,1,Air India,"2439, 2863",2026-09-11T23:00:00,2026-09-12T12:05:00,economy,,,,18662.0,INR,DEL > BOM > BLR,2026-09-10T21:26:23.784540,verified
Ignav,API,DEL,BLR,2026-09-11,1,Air India,"9759, 9752, 2857",2026-09-11T05:45:00,2026-09-13T01:35:00,economy,,,,18667.0,INR,DEL > LKO > BOM > BLR,2026-09-10T21:26:23.784546,verified
Ignav,API,DEL,BLR,2026-09-11,1,Air India,"9447, 9752, 2865",2026-09-11T23:25:00,2026-09-12T21:50:00,economy,,,,18682.0,INR,DEL > LKO > BOM > BLR,2026-09-10T21:26:23.784555,verified
Ignav,API,DEL,BLR,2026-09-11,1,Air India,"9447, 9752, 2401",2026-09-11T23:25:00,2026-09-12T22:45:00,economy,,,,18682.0,INR,DEL > LKO > BOM > BLR,2026-09-10T21:26:23.784562,verified
Ignav,API,DEL,BLR,2026-09-11,1,Air India,"9447, 9752, 9730, 9454",2026-09-11T23:25:00,2026-09-12T18:50:00,economy,,,,18712.0,INR,DEL > LKO > BOM > COK > BLR,2026-09-10T21:26:23.784569,verified
Ignav,API,DEL,BLR,2026-09-11,1,Air India,"9447, 9752, 9728, 9450",2026-09-11T23:25:00,2026-09-13T07:25:00,economy,,,,18712.0,INR,DEL > LKO > BOM > COK > BLR,2026-09-10T21:26:23.784576,verified
Ignav,API,DEL,BLR,2026-09-11,1,Air India,"2509, 9902",2026-09-11T06:55:00,2026-09-11T21:00:00,economy,,,,18726.0,INR,DEL > VNS > BLR,2026-09-10T21:26:23.784582,verified
Ignav,API,DEL,BLR,2026-09-11,1,Air India,"1739, 9545",2026-09-11T11:30:00,2026-09-11T18:50:00,economy,,,,18796.0,INR,DEL > SXR > BLR,2026-09-10T21:26:23.784589,verified
Ignav,API,DEL,BLR,2026-09-11,1,Air India,"1785, 2865",2026-09-11T12:00:00,2026-09-12T21:50:00,economy,,,,18824.0,INR,DEL > BOM > BLR,2026-09-10T21:26:23.784595,verified
Ignav,API,DEL,BLR,2026-09-11,1,Air India,"1785, 2401",2026-09-11T12:00:00,2026-09-12T22:45:00,economy,,,,18824.0,INR,DEL > BOM > BLR,2026-09-10T21:26:23.784601,verified
Ignav,API,DEL,BLR,2026-09-11,1,Air India,"2995, 2865",2026-09-11T10:00:00,2026-09-12T21:50:00,economy,,,,18824.0,INR,DEL > BOM > BLR,2026-09-10T21:26:23.784607,verified
Ignav,API,DEL,BLR,2026-09-11,1,Air India,"2927, 2865",2026-09-11T09:30:00,2026-09-12T21:50:00,economy,,,,18824.0,INR,DEL > BOM > BLR,2026-09-10T21:26:23.784613,verified
Ignav,API,DEL,BLR,2026-09-11,1,Air India,"2995, 2401",2026-09-11T10:00:00,2026-09-12T22:45:00,economy,,,,18824.0,INR,DEL > BOM > BLR,2026-09-10T21:26:23.784621,verified
Ignav,API,DEL,BLR,2026-09-11,1,Air India,"2927, 2401",2026-09-11T09:30:00,2026-09-12T22:45:00,economy,,,,18824.0,INR,DEL > BOM > BLR,2026-09-10T21:26:23.784628,verified
Ignav,API,DEL,BLR,2026-09-11,1,Air India,"2678, 2865",2026-09-11T08:30:00,2026-09-12T21:50:00,economy,,,,18824.0,INR,DEL > BOM > BLR,2026-09-10T21:26:23.784635,verified
Ignav,API,DEL,BLR,2026-09-11,1,Air India,"2678, 2401",2026-09-11T08:30:00,2026-09-12T22:45:00,economy,,,,18824.0,INR,DEL > BOM > BLR,2026-09-10T21:26:23.784641,verified
Ignav,API,DEL,BLR,2026-09-11,1,Air India,"2975, 2865",2026-09-11T06:30:00,2026-09-12T21:50:00,economy,,,,18824.0,INR,DEL > BOM > BLR,2026-09-10T21:26:23.784650,verified
Ignav,API,DEL,BLR,2026-09-11,1,Air India,"2975, 2401",2026-09-11T06:30:00,2026-09-12T22:45:00,economy,,,,18824.0,INR,DEL > BOM > BLR,2026-09-10T21:26:23.784656,verified
Ignav,API,DEL,BLR,2026-09-11,1,Air India,"1785, 9730, 9454",2026-09-11T12:00:00,2026-09-12T18:50:00,economy,,,,18847.0,INR,DEL > BOM > COK > BLR,2026-09-10T21:26:23.784664,verified
Ignav,API,DEL,BLR,2026-09-11,1,Air India,"2995, 9730, 9454",2026-09-11T10:00:00,2026-09-12T18:50:00,economy,,,,18847.0,INR,DEL > BOM > COK > BLR,2026-09-10T21:26:23.784671,verified
Ignav,API,DEL,BLR,2026-09-11,1,Air India,"2927, 9730, 9454",2026-09-11T09:30:00,2026-09-12T18:50:00,economy,,,,18847.0,INR,DEL > BOM > COK > BLR,2026-09-10T21:26:23.784677,verified
Ignav,API,DEL,BLR,2026-09-11,1,Air India,"2678, 9730, 9454",2026-09-11T08:30:00,2026-09-12T18:50:00,economy,,,,18847.0,INR,DEL > BOM > COK > BLR,2026-09-10T21:26:23.784684,verified
Ignav,API,DEL,BLR,2026-09-11,1,Air India,"2975, 9730, 9454",2026-09-11T06:30:00,2026-09-12T18:50:00,economy,,,,18847.0,INR,DEL > BOM > COK > BLR,2026-09-10T21:26:23.784693,verified
Ignav,API,DEL,BLR,2026-09-11,1,Air India,"1785, 9728, 9450",2026-09-11T12:00:00,2026-09-13T07:25:00,economy,,,,18847.0,INR,DEL > BOM > COK > BLR,2026-09-10T21:26:23.784699,verified
Ignav,API,DEL,BLR,2026-09-11,1,Air India,"2995, 9728, 9450",2026-09-11T10:00:00,2026-09-13T07:25:00,economy,,,,18847.0,INR,DEL > BOM > COK > BLR,2026-09-10T21:26:23.784706,verified
Ignav,API,DEL,BLR,2026-09-11,1,Air India,"2927, 9728, 9450",2026-09-11T09:30:00,2026-09-13T07:25:00,economy,,,,18847.0,INR,DEL > BOM > COK > BLR,2026-09-10T21:26:23.784713,verified
Ignav,API,DEL,BLR,2026-09-11,1,Air India,"2678, 9728, 9450",2026-09-11T08:30:00,2026-09-13T07:25:00,economy,,,,18847.0,INR,DEL > BOM > COK > BLR,2026-09-10T21:26:23.784720,verified
Ignav,API,DEL,BLR,2026-09-11,1,Air India,"2975, 9728, 9450",2026-09-11T06:30:00,2026-09-13T07:25:00,economy,,,,18847.0,INR,DEL > BOM > COK > BLR,2026-09-10T21:26:23.784727,verified
Ignav,API,DEL,BLR,2026-09-11,1,Air India,"9515, 9498",2026-09-11T12:55:00,2026-09-11T23:30:00,economy,,,,18877.0,INR,DEL > GAU > BLR,2026-09-10T21:26:23.784733,verified
Ignav,API,DEL,BLR,2026-09-11,1,Air India,"1745, 2849",2026-09-11T05:00:00,2026-09-12T19:35:00,economy,,,,18941.0,INR,DEL > BOM > BLR,2026-09-10T21:26:23.784739,verified
Ignav,API,DEL,BLR,2026-09-11,1,Air India,"1745, 2641",2026-09-11T05:00:00,2026-09-12T20:35:00,economy,,,,18941.0,INR,DEL > BOM > BLR,2026-09-10T21:26:23.784745,verified
Ignav,API,DEL,BLR,2026-09-11,1,Air India,"2945, 2865",2026-09-11T11:00:00,2026-09-12T21:50:00,economy,,,,18990.0,INR,DEL > BOM > BLR,2026-09-10T21:26:23.784751,verified
Ignav,API,DEL,BLR,2026-09-11,1,Air India,"2945, 2401",2026-09-11T11:00:00,2026-09-12T22:45:00,economy,,,,18990.0,INR,DEL > BOM > BLR,2026-09-10T21:26:23.784759,verified
Ignav,API,DEL,BLR,2026-09-11,1,Air India,"2943, 2865",2026-09-11T07:30:00,2026-09-12T21:50:00,economy,,,,18990.0,INR,DEL > BOM > BLR,2026-09-10T21:26:23.784766,verified
Ignav,API,DEL,BLR,2026-09-11,1,Air India,"2429, 2865",2026-09-11T07:00:00,2026-09-12T21:50:00,economy,,,,18990.0,INR,DEL > BOM > BLR,2026-09-10T21:26:23.784772,verified
Ignav,API,DEL,BLR,2026-09-11,1,Air India,"2943, 2401",2026-09-11T07:30:00,2026-09-12T22:45:00,economy,,,,18990.0,INR,DEL > BOM > BLR,2026-09-10T21:26:23.784779,verified
Ignav,API,DEL,BLR,2026-09-11,1,Air India,"2429, 2401",2026-09-11T07:00:00,2026-09-12T22:45:00,economy,,,,18990.0,INR,DEL > BOM > BLR,2026-09-10T21:26:23.784785,verified
Ignav,API,DEL,BLR,2026-09-11,1,Air India,"2945, 9730, 9454",2026-09-11T11:00:00,2026-09-12T18:50:00,economy,,,,19017.0,INR,DEL > BOM > COK > BLR,2026-09-10T21:26:23.784791,verified
Ignav,API,DEL,BLR,2026-09-11,1,Air India,"2943, 9730, 9454",2026-09-11T07:30:00,2026-09-12T18:50:00,economy,,,,19017.0,INR,DEL > BOM > COK > BLR,2026-09-10T21:26:23.784798,verified
Ignav,API,DEL,BLR,2026-09-11,1,Air India,"2429, 9730, 9454",2026-09-11T07:00:00,2026-09-12T18:50:00,economy,,,,19017.0,INR,DEL > BOM > COK > BLR,2026-09-10T21:26:23.784807,verified
Ignav,API,DEL,BLR,2026-09-11,1,Air India,"2945, 9728, 9450",2026-09-11T11:00:00,2026-09-13T07:25:00,economy,,,,19017.0,INR,DEL > BOM > COK > BLR,2026-09-10T21:26:23.784814,verified
Ignav,API,DEL,BLR,2026-09-11,1,Air India,"2943, 9728, 9450",2026-09-11T07:30:00,2026-09-13T07:25:00,economy,,,,19017.0,INR,DEL > BOM > COK > BLR,2026-09-10T21:26:23.784821,verified
Ignav,API,DEL,BLR,2026-09-11,1,Air India,"2429, 9728, 9450",2026-09-11T07:00:00,2026-09-13T07:25:00,economy,,,,19017.0,INR,DEL > BOM > COK > BLR,2026-09-10T21:26:23.784830,verified
Ignav,API,DEL,BLR,2026-09-11,1,Air India,"9486, 2849",2026-09-11T05:35:00,2026-09-12T19:35:00,economy,,,,19022.0,INR,DEL > BOM > BLR,2026-09-10T21:26:23.784836,verified
Ignav,API,DEL,BLR,2026-09-11,1,Air India,"9486, 2641",2026-09-11T05:35:00,2026-09-12T20:35:00,economy,,,,19022.0,INR,DEL > BOM > BLR,2026-09-10T21:26:23.784843,verified
Ignav,API,DEL,BLR,2026-09-11,1,Air India,"2473, 9456",2026-09-11T15:25:00,2026-09-12T08:25:00,economy,,,,19034.0,INR,DEL > COK > BLR,2026-09-10T21:26:23.784849,verified
Ignav,API,DEL,BLR,2026-09-11,1,IndiGo,"5119, 823",2026-09-11T05:10:00,2026-09-11T10:45:00,economy,,,,19063.0,INR,DEL > AMD > BLR,2026-09-10T21:26:23.784855,verified
Ignav,API,DEL,BLR,2026-09-11,1,Air India,"9447, 9752, 2849",2026-09-11T23:25:00,2026-09-12T19:35:00,economy,,,,19092.0,INR,DEL > LKO > BOM > BLR,2026-09-10T21:26:23.784862,verified
Ignav,API,DEL,BLR,2026-09-11,1,Air India,"9447, 9752, 2641",2026-09-11T23:25:00,2026-09-12T20:35:00,economy,,,,19092.0,INR,DEL > LKO > BOM > BLR,2026-09-10T21:26:23.784869,verified
Ignav,API,DEL,BLR,2026-09-11,1,Air India,"879, 9494",2026-09-11T06:40:00,2026-09-11T16:30:00,economy,,,,19135.0,INR,DEL > GAU > BLR,2026-09-10T21:26:23.784875,verified
Ignav,API,DEL,BLR,2026-09-11,1,Air India,"1785, 2849",2026-09-11T12:00:00,2026-09-12T19:35:00,economy,,,,19228.0,INR,DEL > BOM > BLR,2026-09-10T21:26:23.784881,verified
Ignav,API,DEL,BLR,2026-09-11,1,Air India,"1785, 2641",2026-09-11T12:00:00,2026-09-12T20:35:00,economy,,,,19228.0,INR,DEL > BOM > BLR,2026-09-10T21:26:23.784888,verified
Ignav,API,DEL,BLR,2026-09-11,1,Air India,"2995, 2849",2026-09-11T10:00:00,2026-09-12T19:35:00,economy,,,,19228.0,INR,DEL > BOM > BLR,2026-09-10T21:26:23.784896,verified
Ignav,API,DEL,BLR,2026-09-11,1,Air India,"2927, 2849",2026-09-11T09:30:00,2026-09-12T19:35:00,economy,,,,19228.0,INR,DEL > BOM > BLR,2026-09-10T21:26:23.784902,verified
Ignav,API,DEL,BLR,2026-09-11,1,Air India,"2995, 2641",2026-09-11T10:00:00,2026-09-12T20:35:00,economy,,,,19228.0,INR,DEL > BOM > BLR,2026-09-10T21:26:23.784908,verified
Ignav,API,DEL,BLR,2026-09-11,1,Air India,"2678, 2849",2026-09-11T08:30:00,2026-09-12T19:35:00,economy,,,,19228.0,INR,DEL > BOM > BLR,2026-09-10T21:26:23.784914,verified
Ignav,API,DEL,BLR,2026-09-11,1,Air India,"2927, 2641",2026-09-11T09:30:00,2026-09-12T20:35:00,economy,,,,19228.0,INR,DEL > BOM > BLR,2026-09-10T21:26:23.784922,verified
Ignav,API,DEL,BLR,2026-09-11,1,Air India,"2678, 2641",2026-09-11T08:30:00,2026-09-12T20:35:00,economy,,,,19228.0,INR,DEL > BOM > BLR,2026-09-10T21:26:23.784929,verified
Ignav,API,DEL,BLR,2026-09-11,1,Air India,"2975, 2849",2026-09-11T06:30:00,2026-09-12T19:35:00,economy,,,,19228.0,INR,DEL > BOM > BLR,2026-09-10T21:26:23.784934,verified
Ignav,API,DEL,BLR,2026-09-11,1,Air India,"2975, 2641",2026-09-11T06:30:00,2026-09-12T20:35:00,economy,,,,19228.0,INR,DEL > BOM > BLR,2026-09-10T21:26:23.784940,verified
Ignav,API,DEL,BLR,2026-09-11,1,Air India,"2943, 2853",2026-09-11T07:30:00,2026-09-11T17:35:00,economy,,,,19260.0,INR,DEL > BOM > BLR,2026-09-10T21:26:23.784948,verified
Ignav,API,DEL,BLR,2026-09-11,1,Air India,"2429, 2853",2026-09-11T07:00:00,2026-09-11T17:35:00,economy,,,,19260.0,INR,DEL > BOM > BLR,2026-09-10T21:26:23.784954,verified
Ignav,API,DEL,BLR,2026-09-11,1,Air India,"1757, 432, 2641",2026-09-11T15:40:00,2026-09-12T20:35:00,economy,,,,19285.0,INR,DEL > DED > BOM > BLR,2026-09-10T21:26:23.784962,verified
Ignav,API,DEL,BLR,2026-09-11,1,IndiGo,"2364, 6180",2026-09-11T04:50:00,2026-09-11T10:55:00,economy,,,,19294.0,INR,DEL > IXM > BLR,2026-09-10T21:26:23.784968,verified
Ignav,API,DEL,BLR,2026-09-11,1,Air India,"2945, 2849",2026-09-11T11:00:00,2026-09-12T19:35:00,economy,,,,19398.0,INR,DEL > BOM > BLR,2026-09-10T21:26:23.784974,verified
Ignav,API,DEL,BLR,2026-09-11,1,Air India,"2945, 2641",2026-09-11T11:00:00,2026-09-12T20:35:00,economy,,,,19398.0,INR,DEL > BOM > BLR,2026-09-10T21:26:23.784988,verified
Ignav,API,DEL,BLR,2026-09-11,1,Air India,"2943, 2849",2026-09-11T07:30:00,2026-09-12T19:35:00,economy,,,,19398.0,INR,DEL > BOM > BLR,2026-09-10T21:26:23.784995,verified
Ignav,API,DEL,BLR,2026-09-11,1,Air India,"2429, 2849",2026-09-11T07:00:00,2026-09-12T19:35:00,economy,,,,19398.0,INR,DEL > BOM > BLR,2026-09-10T21:26:23.785003,verified
Ignav,API,DEL,BLR,2026-09-11,1,Air India,"2943, 2641",2026-09-11T07:30:00,2026-09-12T20:35:00,economy,,,,19398.0,INR,DEL > BOM > BLR,2026-09-10T21:26:23.785009,verified
Ignav,API,DEL,BLR,2026-09-11,1,Air India,"2429, 2641",2026-09-11T07:00:00,2026-09-12T20:35:00,economy,,,,19398.0,INR,DEL > BOM > BLR,2026-09-10T21:26:23.785015,verified
Ignav,API,DEL,BLR,2026-09-11,1,Air India,"2833, 9483",2026-09-11T07:30:00,2026-09-12T08:35:00,economy,,,,19414.0,INR,DEL > MAA > BLR,2026-09-10T21:26:23.785020,verified
Ignav,API,DEL,BLR,2026-09-11,1,Air India,"829, 9873",2026-09-11T22:55:00,2026-09-12T08:25:00,economy,,,,19770.0,INR,DEL > TRV > BLR,2026-09-10T21:26:23.785026,verified
Ignav,API,DEL,BLR,2026-09-11,1,Air India,"2563, 9873",2026-09-11T15:30:00,2026-09-12T08:25:00,economy,,,,19770.0,INR,DEL > TRV > BLR,2026-09-10T21:26:23.785034,verified
Ignav,API,DEL,BLR,2026-09-11,1,Air India,"437, 9603",2026-09-11T09:20:00,2026-09-11T16:00:00,economy,,,,19913.0,INR,DEL > DED > BLR,2026-09-10T21:26:23.785040,verified
Ignav,API,DEL,BLR,2026-09-11,1,Air India,"437, 9411",2026-09-11T09:20:00,2026-09-11T23:35:00,economy,,,,19913.0,INR,DEL > DED > BLR,2026-09-10T21:26:23.785048,verified
Ignav,API,DEL,BLR,2026-09-11,1,Air India,"2707, 9436",2026-09-11T18:00:00,2026-09-12T21:30:00,economy,,,,19938.0,INR,DEL > CCU > BLR,2026-09-10T21:26:23.785054,verified
Ignav,API,DEL,BLR,2026-09-11,1,Air India,"1733, 9436",2026-09-11T16:15:00,2026-09-12T21:30:00,economy,,,,19938.0,INR,DEL > CCU > BLR,2026-09-10T21:26:23.785059,verified
Ignav,API,DEL,BLR,2026-09-11,1,Air India,"2535, 9436",2026-09-11T06:40:00,2026-09-12T21:30:00,economy,,,,19938.0,INR,DEL > CCU > BLR,2026-09-10T21:26:23.785065,verified
Ignav,API,DEL,BLR,2026-09-11,1,Air India,"2569, 9752, 2857",2026-09-11T20:25:00,2026-09-13T01:35:00,economy,,,,20022.0,INR,DEL > LKO > BOM > BLR,2026-09-10T21:26:23.785072,verified
Ignav,API,DEL,BLR,2026-09-11,1,Air India,"9757, 9752, 2857",2026-09-11T11:50:00,2026-09-13T01:35:00,economy,,,,20022.0,INR,DEL > LKO > BOM > BLR,2026-09-10T21:26:23.785078,verified
Ignav,API,DEL,BLR,2026-09-11,1,Air India,"9583, 9890, 2857",2026-09-11T17:40:00,2026-09-13T01:35:00,economy,,,,20090.0,INR,DEL > BHO > BOM > BLR,2026-09-10T21:26:23.785084,verified
Ignav,API,DEL,BLR,2026-09-11,1,Air India,"2709, 9436",2026-09-11T19:40:00,2026-09-12T21:30:00,economy,,,,20116.0,INR,DEL > CCU > BLR,2026-09-10T21:26:23.785092,verified
Ignav,API,DEL,BLR,2026-09-11,1,Air India,"2767, 9436",2026-09-11T13:00:00,2026-09-12T21:30:00,economy,,,,20116.0,INR,DEL > CCU > BLR,2026-09-10T21:26:23.785100,verified
Ignav,API,DEL,BLR,2026-09-11,1,IndiGo,"734, 979",2026-09-11T16:20:00,2026-09-11T21:55:00,economy,,,,20117.0,INR,DEL > RPR > BLR,2026-09-10T21:26:23.785106,verified
Ignav,API,DEL,BLR,2026-09-11,1,Air India Express,"1811, 1896",2026-09-11T06:50:00,2026-09-11T15:00:00,economy,,,,20201.0,INR,DEL > COK > BLR,2026-09-10T21:26:23.785112,verified
Ignav,API,DEL,BLR,2026-09-11,1,IndiGo,"6470, 6029",2026-09-11T06:55:00,2026-09-11T13:10:00,economy,,,,20473.0,INR,DEL > NMI > BLR,2026-09-10T21:26:23.785123,verified
Ignav,API,DEL,BLR,2026-09-11,1,Air India,"1706, 9571",2026-09-11T23:00:00,2026-09-12T09:25:00,economy,,,,20645.0,INR,DEL > HYD > BLR,2026-09-10T21:26:23.785129,verified
Ignav,API,DEL,BLR,2026-09-11,1,Air India,"9759, 9752, 2865",2026-09-11T05:45:00,2026-09-12T21:50:00,economy,,,,20652.0,INR,DEL > LKO > BOM > BLR,2026-09-10T21:26:23.785135,verified
Ignav,API,DEL,BLR,2026-09-11,1,Air India,"9759, 9752, 2401",2026-09-11T05:45:00,2026-09-12T22:45:00,economy,,,,20652.0,INR,DEL > LKO > BOM > BLR,2026-09-10T21:26:23.785142,verified
Ignav,API,DEL,BLR,2026-09-11,1,Air India,"1745, 2853",2026-09-11T05:00:00,2026-09-11T17:35:00,economy,,,,20654.0,INR,DEL > BOM > BLR,2026-09-10T21:26:23.785147,verified
Ignav,API,DEL,BLR,2026-09-11,1,Air India,"9759, 9752, 9730, 9454",2026-09-11T05:45:00,2026-09-12T18:50:00,economy,,,,20682.0,INR,DEL > LKO > BOM > COK > BLR,2026-09-10T21:26:23.785154,verified
Ignav,API,DEL,BLR,2026-09-11,1,Air India,"9759, 9752, 9728, 9450",2026-09-11T05:45:00,2026-09-13T07:25:00,economy,,,,20682.0,INR,DEL > LKO > BOM > COK > BLR,2026-09-10T21:26:23.785163,verified
Ignav,API,DEL,BLR,2026-09-11,1,Air India,"9656, 9642, 9436",2026-09-11T17:10:00,2026-09-12T21:30:00,economy,,,,20690.0,INR,DEL > IXB > CCU > BLR,2026-09-10T21:26:23.785169,verified
Ignav,API,DEL,BLR,2026-09-11,1,Air India,"2705, 9436",2026-09-11T07:30:00,2026-09-12T21:30:00,economy,,,,20750.0,INR,DEL > CCU > BLR,2026-09-10T21:26:23.785175,verified
Ignav,API,DEL,BLR,2026-09-11,1,Air India,"2707, 9440",2026-09-11T18:00:00,2026-09-12T18:00:00,economy,,,,20800.0,INR,DEL > CCU > BLR,2026-09-10T21:26:23.785181,verified
Ignav,API,DEL,BLR,2026-09-11,1,Air India,"1733, 9440",2026-09-11T16:15:00,2026-09-12T18:00:00,economy,,,,20800.0,INR,DEL > CCU > BLR,2026-09-10T21:26:23.785186,verified
Ignav,API,DEL,BLR,2026-09-11,1,Air India,"2535, 9440",2026-09-11T06:40:00,2026-09-12T18:00:00,economy,,,,20800.0,INR,DEL > CCU > BLR,2026-09-10T21:26:23.785192,verified
Ignav,API,DEL,BLR,2026-09-11,1,Air India,"1745, 2853",2026-09-11T05:00:00,2026-09-12T17:35:00,economy,,,,20802.0,INR,DEL > BOM > BLR,2026-09-10T21:26:23.785197,verified
Ignav,API,DEL,BLR,2026-09-11,1,Air India,"9650, 9642, 9436",2026-09-11T09:00:00,2026-09-12T21:30:00,economy,,,,20813.0,INR,DEL > IXB > CCU > BLR,2026-09-10T21:26:23.785203,verified
Ignav,API,DEL,BLR,2026-09-11,1,Air India,"9486, 2853",2026-09-11T05:35:00,2026-09-12T17:35:00,economy,,,,20881.0,INR,DEL > BOM > BLR,2026-09-10T21:26:23.785209,verified
Ignav,API,DEL,BLR,2026-09-11,1,Air India,"9650, 9644, 9436",2026-09-11T09:00:00,2026-09-12T21:30:00,economy,,,,20936.0,INR,DEL > IXB > CCU > BLR,2026-09-10T21:26:23.785215,verified
Ignav,API,DEL,BLR,2026-09-11,1,Air India,"2995, 2853",2026-09-11T10:00:00,2026-09-11T17:35:00,economy,,,,20944.0,INR,DEL > BOM > BLR,2026-09-10T21:26:23.785224,verified
Ignav,API,DEL,BLR,2026-09-11,1,Air India,"2927, 2853",2026-09-11T09:30:00,2026-09-11T17:35:00,economy,,,,20944.0,INR,DEL > BOM > BLR,2026-09-10T21:26:23.785231,verified
Ignav,API,DEL,BLR,2026-09-11,1,Air India,"2678, 2853",2026-09-11T08:30:00,2026-09-11T17:35:00,economy,,,,20944.0,INR,DEL > BOM > BLR,2026-09-10T21:26:23.785237,verified
Ignav,API,DEL,BLR,2026-09-11,1,Air India,"2975, 2853",2026-09-11T06:30:00,2026-09-11T17:35:00,economy,,,,20944.0,INR,DEL > BOM > BLR,2026-09-10T21:26:23.785243,verified
Ignav,API,DEL,BLR,2026-09-11,1,Air India,"9447, 9752, 2853",2026-09-11T23:25:00,2026-09-12T17:35:00,economy,,,,20956.0,INR,DEL > LKO > BOM > BLR,2026-09-10T21:26:23.785250,verified
Ignav,API,DEL,BLR,2026-09-11,1,Air India,"2709, 9440",2026-09-11T19:40:00,2026-09-12T18:00:00,economy,,,,20978.0,INR,DEL > CCU > BLR,2026-09-10T21:26:23.785255,verified
Ignav,API,DEL,BLR,2026-09-11,1,Air India,"2767, 9440",2026-09-11T13:00:00,2026-09-12T18:00:00,economy,,,,20978.0,INR,DEL > CCU > BLR,2026-09-10T21:26:23.785261,verified
Ignav,API,DEL,BLR,2026-09-11,1,Air India,"1705, 9890, 9988, 9452",2026-09-11T06:30:00,2026-09-12T11:35:00,economy,,,,20996.0,INR,DEL > BHO > BOM > COK > BLR,2026-09-10T21:26:23.785268,verified
Ignav,API,DEL,BLR,2026-09-11,1,Air India,"1705, 9890, 9988, 9450",2026-09-11T06:30:00,2026-09-12T15:00:00,economy,,,,20996.0,INR,DEL > BHO > BOM > COK > BLR,2026-09-10T21:26:23.785276,verified
Ignav,API,DEL,BLR,2026-09-11,1,Air India,"9759, 9752, 2849",2026-09-11T05:45:00,2026-09-12T19:35:00,economy,,,,21062.0,INR,DEL > LKO > BOM > BLR,2026-09-10T21:26:23.785282,verified
Ignav,API,DEL,BLR,2026-09-11,1,Air India,"9759, 9752, 2641",2026-09-11T05:45:00,2026-09-12T20:35:00,economy,,,,21062.0,INR,DEL > LKO > BOM > BLR,2026-09-10T21:26:23.785291,verified
Ignav,API,DEL,BLR,2026-09-11,1,Air India,"1785, 2853",2026-09-11T12:00:00,2026-09-12T17:35:00,economy,,,,21092.0,INR,DEL > BOM > BLR,2026-09-10T21:26:23.785297,verified
Ignav,API,DEL,BLR,2026-09-11,1,Air India,"2995, 2853",2026-09-11T10:00:00,2026-09-12T17:35:00,economy,,,,21092.0,INR,DEL > BOM > BLR,2026-09-10T21:26:23.785304,verified
Ignav,API,DEL,BLR,2026-09-11,1,Air India,"2927, 2853",2026-09-11T09:30:00,2026-09-12T17:35:00,economy,,,,21092.0,INR,DEL > BOM > BLR,2026-09-10T21:26:23.785310,verified
Ignav,API,DEL,BLR,2026-09-11,1,Air India,"2678, 2853",2026-09-11T08:30:00,2026-09-12T17:35:00,economy,,,,21092.0,INR,DEL > BOM > BLR,2026-09-10T21:26:23.785316,verified
Ignav,API,DEL,BLR,2026-09-11,1,Air India,"2975, 2853",2026-09-11T06:30:00,2026-09-12T17:35:00,economy,,,,21092.0,INR,DEL > BOM > BLR,2026-09-10T21:26:23.785322,verified
Ignav,API,DEL,BLR,2026-09-11,1,Air India,"2945, 2853",2026-09-11T11:00:00,2026-09-11T17:35:00,economy,,,,21114.0,INR,DEL > BOM > BLR,2026-09-10T21:26:23.785327,verified
Ignav,API,DEL,BLR,2026-09-11,1,Air India,"9654, 9644, 9436",2026-09-11T12:20:00,2026-09-12T21:30:00,economy,,,,21183.0,INR,DEL > IXB > CCU > BLR,2026-09-10T21:26:23.785334,verified
Ignav,API,DEL,BLR,2026-09-11,1,Air India,"1705, 9890, 2857",2026-09-11T06:30:00,2026-09-13T01:35:00,economy,,,,21198.0,INR,DEL > BHO > BOM > BLR,2026-09-10T21:26:23.785340,verified
Ignav,API,DEL,BLR,2026-09-11,1,Air India,"2945, 2853",2026-09-11T11:00:00,2026-09-12T17:35:00,economy,,,,21262.0,INR,DEL > BOM > BLR,2026-09-10T21:26:23.785346,verified
Ignav,API,DEL,BLR,2026-09-11,1,Air India,"2943, 2853",2026-09-11T07:30:00,2026-09-12T17:35:00,economy,,,,21262.0,INR,DEL > BOM > BLR,2026-09-10T21:26:23.785353,verified
Ignav,API,DEL,BLR,2026-09-11,1,Air India,"2429, 2853",2026-09-11T07:00:00,2026-09-12T17:35:00,economy,,,,21262.0,INR,DEL > BOM > BLR,2026-09-10T21:26:23.785359,verified
Ignav,API,DEL,BLR,2026-09-11,1,Air India,"2707, 9501, 9498",2026-09-11T18:00:00,2026-09-12T23:30:00,economy,,,,21267.0,INR,DEL > CCU > GAU > BLR,2026-09-10T21:26:23.785366,verified
Ignav,API,DEL,BLR,2026-09-11,1,Air India,"1733, 9501, 9498",2026-09-11T16:15:00,2026-09-12T23:30:00,economy,,,,21267.0,INR,DEL > CCU > GAU > BLR,2026-09-10T21:26:23.785374,verified
Ignav,API,DEL,BLR,2026-09-11,1,Air India,"2535, 9501, 9498",2026-09-11T06:40:00,2026-09-12T23:30:00,economy,,,,21267.0,INR,DEL > CCU > GAU > BLR,2026-09-10T21:26:23.785380,verified
Ignav,API,DEL,BLR,2026-09-11,1,IndiGo,"6282, 6417",2026-09-11T13:30:00,2026-09-11T19:05:00,economy,,,,21301.0,INR,DEL > HYD > BLR,2026-09-10T21:26:23.785386,verified
Ignav,API,DEL,BLR,2026-09-11,1,Air India,"9654, 9642, 9436",2026-09-11T12:20:00,2026-09-12T21:30:00,economy,,,,21306.0,INR,DEL > IXB > CCU > BLR,2026-09-10T21:26:23.785392,verified
Ignav,API,DEL,BLR,2026-09-11,1,Air India,"2709, 9501, 9498",2026-09-11T19:40:00,2026-09-12T23:30:00,economy,,,,21445.0,INR,DEL > CCU > GAU > BLR,2026-09-10T21:26:23.785399,verified
Ignav,API,DEL,BLR,2026-09-11,1,Air India,"2767, 9501, 9498",2026-09-11T13:00:00,2026-09-12T23:30:00,economy,,,,21445.0,INR,DEL > CCU > GAU > BLR,2026-09-10T21:26:23.785405,verified
Ignav,API,DEL,BLR,2026-09-11,1,Air India,"1792, 9545",2026-09-11T09:50:00,2026-09-11T18:50:00,economy,,,,21455.0,INR,DEL > SXR > BLR,2026-09-10T21:26:23.785410,verified
Ignav,API,DEL,BLR,2026-09-11,1,Air India,"2705, 9440",2026-09-11T07:30:00,2026-09-12T18:00:00,economy,,,,21612.0,INR,DEL > CCU > BLR,2026-09-10T21:26:23.785418,verified
Ignav,API,DEL,BLR,2026-09-11,1,Air India,"9650, 9642, 9440",2026-09-11T09:00:00,2026-09-12T18:00:00,economy,,,,21675.0,INR,DEL > IXB > CCU > BLR,2026-09-10T21:26:23.785425,verified
Ignav,API,DEL,BLR,2026-09-11,1,Air India Express,"1001, 2963",2026-09-11T09:00:00,2026-09-11T15:25:00,economy,,,,21727.0,INR,DEL > IXB > BLR,2026-09-10T21:26:23.785431,verified
Ignav,API,DEL,BLR,2026-09-11,1,Air India,"9650, 9644, 9440",2026-09-11T09:00:00,2026-09-12T18:00:00,economy,,,,21798.0,INR,DEL > IXB > CCU > BLR,2026-09-10T21:26:23.785437,verified
Ignav,API,DEL,BLR,2026-09-11,1,Air India,"2837, 9971",2026-09-11T18:00:00,2026-09-12T17:35:00,economy,,,,21821.0,INR,DEL > MAA > BLR,2026-09-10T21:26:23.785443,verified
Ignav,API,DEL,BLR,2026-09-11,1,Air India,"2909, 2848, 2857",2026-09-11T22:30:00,2026-09-13T01:35:00,economy,,,,21840.0,INR,DEL > AMD > BOM > BLR,2026-09-10T21:26:23.785449,verified
Ignav,API,DEL,BLR,2026-09-11,1,IndiGo,"6293, 6405",2026-09-11T09:55:00,2026-09-11T15:50:00,economy,,,,21916.0,INR,DEL > HYD > BLR,2026-09-10T21:26:23.785456,verified
Ignav,API,DEL,BLR,2026-09-11,1,Air India,"1791, 9436",2026-09-11T09:55:00,2026-09-12T21:30:00,economy,,,,22002.0,INR,DEL > CCU > BLR,2026-09-10T21:26:23.785462,verified
Ignav,API,DEL,BLR,2026-09-11,1,Air India,"1745, 9730, 9454",2026-09-11T05:00:00,2026-09-11T18:50:00,economy,,,,22005.0,INR,DEL > BOM > COK > BLR,2026-09-10T21:26:23.785469,verified
Ignav,API,DEL,BLR,2026-09-11,1,Air India,"2569, 9752, 2865",2026-09-11T20:25:00,2026-09-12T21:50:00,economy,,,,22007.0,INR,DEL > LKO > BOM > BLR,2026-09-10T21:26:23.785475,verified
Ignav,API,DEL,BLR,2026-09-11,1,Air India,"2569, 9752, 2401",2026-09-11T20:25:00,2026-09-12T22:45:00,economy,,,,22007.0,INR,DEL > LKO > BOM > BLR,2026-09-10T21:26:23.785483,verified
Ignav,API,DEL,BLR,2026-09-11,1,Air India,"9757, 9752, 2865",2026-09-11T11:50:00,2026-09-12T21:50:00,economy,,,,22007.0,INR,DEL > LKO > BOM > BLR,2026-09-10T21:26:23.785490,verified
Ignav,API,DEL,BLR,2026-09-11,1,Air India,"9757, 9752, 2401",2026-09-11T11:50:00,2026-09-12T22:45:00,economy,,,,22007.0,INR,DEL > LKO > BOM > BLR,2026-09-10T21:26:23.785496,verified
Ignav,API,DEL,BLR,2026-09-11,1,IndiGo,"2618, 6564",2026-09-11T23:00:00,2026-09-12T04:55:00,economy,,,,22013.0,INR,DEL > PNQ > BLR,2026-09-10T21:26:23.785502,verified
Ignav,API,DEL,BLR,2026-09-11,1,Air India,"2569, 9752, 9730, 9454",2026-09-11T20:25:00,2026-09-12T18:50:00,economy,,,,22036.0,INR,DEL > LKO > BOM > COK > BLR,2026-09-10T21:26:23.785511,verified
Ignav,API,DEL,BLR,2026-09-11,1,Air India,"9757, 9752, 9730, 9454",2026-09-11T11:50:00,2026-09-12T18:50:00,economy,,,,22036.0,INR,DEL > LKO > BOM > COK > BLR,2026-09-10T21:26:23.785518,verified
Ignav,API,DEL,BLR,2026-09-11,1,Air India,"2569, 9752, 9728, 9450",2026-09-11T20:25:00,2026-09-13T07:25:00,economy,,,,22036.0,INR,DEL > LKO > BOM > COK > BLR,2026-09-10T21:26:23.785525,verified
Ignav,API,DEL,BLR,2026-09-11,1,Air India,"9757, 9752, 9728, 9450",2026-09-11T11:50:00,2026-09-13T07:25:00,economy,,,,22036.0,INR,DEL > LKO > BOM > COK > BLR,2026-09-10T21:26:23.785532,verified
Ignav,API,DEL,BLR,2026-09-11,1,Air India,"9654, 9644, 9440",2026-09-11T12:20:00,2026-09-12T18:00:00,economy,,,,22045.0,INR,DEL > IXB > CCU > BLR,2026-09-10T21:26:23.785539,verified
Ignav,API,DEL,BLR,2026-09-11,1,Air India,"9583, 9890, 2865",2026-09-11T17:40:00,2026-09-12T21:50:00,economy,,,,22075.0,INR,DEL > BHO > BOM > BLR,2026-09-10T21:26:23.785545,verified
Ignav,API,DEL,BLR,2026-09-11,1,Air India,"9583, 9890, 2401",2026-09-11T17:40:00,2026-09-12T22:45:00,economy,,,,22075.0,INR,DEL > BHO > BOM > BLR,2026-09-10T21:26:23.785554,verified
Ignav,API,DEL,BLR,2026-09-11,1,Air India,"2705, 9501, 9498",2026-09-11T07:30:00,2026-09-12T23:30:00,economy,,,,22079.0,INR,DEL > CCU > GAU > BLR,2026-09-10T21:26:23.785560,verified
Ignav,API,DEL,BLR,2026-09-11,1,Air India,"9538, 9454",2026-09-11T11:15:00,2026-09-11T18:50:00,economy,,,,22083.0,INR,DEL > COK > BLR,2026-09-10T21:26:23.785566,verified
Ignav,API,DEL,BLR,2026-09-11,1,Air India,"9486, 9730, 9454",2026-09-11T05:35:00,2026-09-11T18:50:00,economy,,,,22085.0,INR,DEL > BOM > COK > BLR,2026-09-10T21:26:23.785572,verified
Ignav,API,DEL,BLR,2026-09-11,1,Air India,"9583, 9890, 9728, 9450",2026-09-11T17:40:00,2026-09-13T07:25:00,economy,,,,22104.0,INR,DEL > BHO > BOM > COK > BLR,2026-09-10T21:26:23.785578,verified
Ignav,API,DEL,BLR,2026-09-11,1,Air India,"2535, 9501, 9498",2026-09-11T06:40:00,2026-09-11T23:30:00,economy,,,,22129.0,INR,DEL > CCU > GAU > BLR,2026-09-10T21:26:23.785584,verified
Ignav,API,DEL,BLR,2026-09-11,1,Air India,"2707, 9503, 9496",2026-09-11T18:00:00,2026-09-12T15:25:00,economy,,,,22129.0,INR,DEL > CCU > GAU > BLR,2026-09-10T21:26:23.785591,verified
Ignav,API,DEL,BLR,2026-09-11,1,Air India,"2707, 9503, 9494",2026-09-11T18:00:00,2026-09-12T16:30:00,economy,,,,22129.0,INR,DEL > CCU > GAU > BLR,2026-09-10T21:26:23.785597,verified
Ignav,API,DEL,BLR,2026-09-11,1,Air India,"1733, 9503, 9496",2026-09-11T16:15:00,2026-09-12T15:25:00,economy,,,,22129.0,INR,DEL > CCU > GAU > BLR,2026-09-10T21:26:23.785603,verified
Ignav,API,DEL,BLR,2026-09-11,1,Air India,"1733, 9503, 9494",2026-09-11T16:15:00,2026-09-12T16:30:00,economy,,,,22129.0,INR,DEL > CCU > GAU > BLR,2026-09-10T21:26:23.785611,verified
Ignav,API,DEL,BLR,2026-09-11,1,Air India,"2535, 9503, 9496",2026-09-11T06:40:00,2026-09-12T15:25:00,economy,,,,22129.0,INR,DEL > CCU > GAU > BLR,2026-09-10T21:26:23.785619,verified
Ignav,API,DEL,BLR,2026-09-11,1,Air India,"2535, 9503, 9494",2026-09-11T06:40:00,2026-09-12T16:30:00,economy,,,,22129.0,INR,DEL > CCU > GAU > BLR,2026-09-10T21:26:23.785626,verified
Ignav,API,DEL,BLR,2026-09-11,1,Air India,"9650, 9642, 9501, 9498",2026-09-11T09:00:00,2026-09-12T23:30:00,economy,,,,22142.0,INR,DEL > IXB > CCU > GAU > BLR,2026-09-10T21:26:23.785632,verified
Ignav,API,DEL,BLR,2026-09-11,1,Air India,"9654, 9642, 9440",2026-09-11T12:20:00,2026-09-12T18:00:00,economy,,,,22168.0,INR,DEL > IXB > CCU > BLR,2026-09-10T21:26:23.785639,verified
Ignav,API,DEL,BLR,2026-09-11,1,Air India,"9650, 9644, 9501, 9498",2026-09-11T09:00:00,2026-09-12T23:30:00,economy,,,,22265.0,INR,DEL > IXB > CCU > GAU > BLR,2026-09-10T21:26:23.785645,verified
Ignav,API,DEL,BLR,2026-09-11,1,Air India,"2927, 9730, 9454",2026-09-11T09:30:00,2026-09-11T18:50:00,economy,,,,22295.0,INR,DEL > BOM > COK > BLR,2026-09-10T21:26:23.785652,verified
Ignav,API,DEL,BLR,2026-09-11,1,Air India,"2678, 9730, 9454",2026-09-11T08:30:00,2026-09-11T18:50:00,economy,,,,22295.0,INR,DEL > BOM > COK > BLR,2026-09-10T21:26:23.785658,verified
Ignav,API,DEL,BLR,2026-09-11,1,Air India,"2975, 9730, 9454",2026-09-11T06:30:00,2026-09-11T18:50:00,economy,,,,22295.0,INR,DEL > BOM > COK > BLR,2026-09-10T21:26:23.785664,verified
Ignav,API,DEL,BLR,2026-09-11,1,Air India,"2767, 9436",2026-09-11T13:00:00,2026-09-11T21:30:00,economy,,,,22448.0,INR,DEL > CCU > BLR,2026-09-10T21:26:23.785672,verified
Ignav,API,DEL,BLR,2026-09-11,1,Air India,"9540, 9529",2026-09-11T05:00:00,2026-09-11T16:05:00,economy,,,,22455.0,INR,DEL > GOI > BLR,2026-09-10T21:26:23.785678,verified
Ignav,API,DEL,BLR,2026-09-11,1,Air India,"2458, 9454",2026-09-11T12:10:00,2026-09-11T18:50:00,economy,,,,22560.0,INR,DEL > COK > BLR,2026-09-10T21:26:23.785686,verified
Ignav,API,DEL,BLR,2026-09-11,1,Air India,"2525, 9481",2026-09-11T06:00:00,2026-09-11T11:55:00,economy,,,,22570.0,INR,DEL > MAA > BLR,2026-09-10T21:26:23.785691,verified
Ignav,API,DEL,BLR,2026-09-11,1,Air India,"9736, 9450",2026-09-11T06:50:00,2026-09-11T15:00:00,economy,,,,22850.0,INR,DEL > COK > BLR,2026-09-10T21:26:23.785697,verified
Ignav,API,DEL,BLR,2026-09-11,1,Air India,"2705, 9438",2026-09-11T07:30:00,2026-09-11T13:55:00,economy,,,,22912.0,INR,DEL > CCU > BLR,2026-09-10T21:26:23.785703,verified
Ignav,API,DEL,BLR,2026-09-11,1,Air India,"2535, 9438",2026-09-11T06:40:00,2026-09-11T13:55:00,economy,,,,23312.0,INR,DEL > CCU > BLR,2026-09-10T21:26:23.785708,verified
Ignav,API,DEL,BLR,2026-09-11,1,Air India,"1785, 2853",2026-09-11T12:00:00,2026-09-11T17:35:00,economy,,,,24450.0,INR,DEL > BOM > BLR,2026-09-10T21:26:23.785714,verified
Ignav,API,DEL,BLR,2026-09-11,1,Air India Express,"1090, 1368",2026-09-11T13:10:00,2026-09-11T19:05:00,economy,,,,24515.0,INR,DEL > IDR > BLR,2026-09-10T21:26:23.785720,verified
Ignav,API,DEL,BLR,2026-09-11,1,Air India,"2943, 2491, 9474",2026-09-11T07:30:00,2026-09-11T17:25:00,economy,,,,24641.0,INR,DEL > BOM > LKO > BLR,2026-09-10T21:26:23.785726,verified
Ignav,API,DEL,BLR,2026-09-11,1,Air India,"1791, 9440",2026-09-11T09:55:00,2026-09-11T18:00:00,economy,,,,24942.0,INR,DEL > CCU > BLR,2026-09-10T21:26:23.785732,verified
Ignav,API,DEL,BLR,2026-09-11,1,Air India,"2439, 2410",2026-09-11T23:00:00,2026-09-12T07:35:00,economy,,,,25259.0,INR,DEL > BOM > BLR,2026-09-10T21:26:23.785737,verified
Ignav,API,DEL,BLR,2026-09-11,1,Air India,"2702, 9438",2026-09-11T02:30:00,2026-09-11T13:55:00,economy,,,,25528.0,INR,DEL > CCU > BLR,2026-09-10T21:26:23.785745,verified
Ignav,API,DEL,BLR,2026-09-11,1,Air India,"9722, 9525",2026-09-11T11:55:00,2026-09-11T20:10:00,economy,,,,25960.0,INR,DEL > GOI > BLR,2026-09-10T21:26:23.785752,verified
Ignav,API,DEL,BLR,2026-09-11,1,Air India,"2627, 9525",2026-09-11T10:45:00,2026-09-11T20:10:00,economy,,,,26102.0,INR,DEL > GOI > BLR,2026-09-10T21:26:23.785757,verified
Ignav,API,DEL,BLR,2026-09-11,1,Air India,"9486, 9531, 9529",2026-09-11T05:35:00,2026-09-11T16:05:00,economy,,,,26515.0,INR,DEL > BOM > GOI > BLR,2026-09-10T21:26:23.785764,verified
Ignav,API,DEL,BLR,2026-09-11,1,IndiGo,"5073, 481",2026-09-11T17:05:00,2026-09-11T22:05:00,economy,,,,26909.0,INR,DEL > AMD > BLR,2026-09-10T21:26:23.785769,verified
Ignav,API,DEL,BLR,2026-09-11,1,IndiGo,"6673, 361",2026-09-11T21:15:00,2026-09-12T02:55:00,economy,,,,26970.0,INR,DEL > PNQ > BLR,2026-09-10T21:26:23.785775,verified
Ignav,API,DEL,BLR,2026-09-11,1,Air India,"2627, 9529",2026-09-11T10:45:00,2026-09-11T16:05:00,economy,,,,27228.0,INR,DEL > GOI > BLR,2026-09-10T21:26:23.785781,verified
Ignav,API,DEL,BLR,2026-09-11,1,IndiGo,"6437, 107",2026-09-11T16:25:00,2026-09-11T22:35:00,economy,,,,27242.0,INR,DEL > PNQ > BLR,2026-09-10T21:26:23.785787,verified
Ignav,API,DEL,BLR,2026-09-11,1,IndiGo,"931, 996",2026-09-11T19:35:00,2026-09-12T01:10:00,economy,,,,27800.0,INR,DEL > AMD > BLR,2026-09-10T21:26:23.785793,verified
Ignav,API,DEL,BLR,2026-09-11,1,Air India,"9650, 9632",2026-09-11T09:00:00,2026-09-11T15:25:00,economy,,,,27915.0,INR,DEL > IXB > BLR,2026-09-10T21:26:23.785800,verified
Ignav,API,DEL,BLR,2026-09-11,1,Air India,"2429, 2663, 9545",2026-09-11T07:00:00,2026-09-11T18:50:00,economy,,,,28784.0,INR,DEL > BOM > SXR > BLR,2026-09-10T21:26:23.785809,verified
Ignav,API,DEL,BLR,2026-09-11,1,Air India,"2909, 2504, 2849",2026-09-11T22:30:00,2026-09-12T19:35:00,economy,,,,29336.0,INR,DEL > AMD > BOM > BLR,2026-09-10T21:26:23.785818,verified
Ignav,API,DEL,BLR,2026-09-11,1,Air India,"2909, 2504, 2641",2026-09-11T22:30:00,2026-09-12T20:35:00,economy,,,,29336.0,INR,DEL > AMD > BOM > BLR,2026-09-10T21:26:23.785825,verified
Ignav,API,DEL,BLR,2026-09-11,1,Air India,"2519, 9575",2026-09-11T15:30:00,2026-09-11T20:45:00,economy,,,,29341.0,INR,DEL > HYD > BLR,2026-09-10T21:26:23.785830,verified
Ignav,API,DEL,BLR,2026-09-11,1,Air India,"2547, 9811",2026-09-11T17:40:00,2026-09-12T01:40:00,economy,,,,29626.0,INR,DEL > PNQ > BLR,2026-09-10T21:26:23.785835,verified
Ignav,API,DEL,BLR,2026-09-11,1,Air India Express,"1038, 1640",2026-09-11T17:35:00,2026-09-11T23:00:00,economy,,,,29653.0,INR,DEL > NMI > BLR,2026-09-10T21:26:23.785841,verified
Ignav,API,DEL,BLR,2026-09-11,1,Air India,"2975, 2855, 9450",2026-09-11T06:30:00,2026-09-11T15:00:00,economy,,,,29767.0,INR,DEL > BOM > COK > BLR,2026-09-10T21:26:23.785847,verified
Ignav,API,DEL,BLR,2026-09-11,1,Air India,"2542, 9565",2026-09-11T09:40:00,2026-09-11T21:40:00,economy,,,,29820.0,INR,DEL > HYD > BLR,2026-09-10T21:26:23.785852,verified
Ignav,API,DEL,BLR,2026-09-11,1,Air India Express,"1783, 1216",2026-09-11T07:20:00,2026-09-11T14:15:00,economy,,,,30416.0,INR,DEL > BBI > BLR,2026-09-10T21:26:23.785858,verified
Ignav,API,DEL,BLR,2026-09-11,1,Air India,"1749, 9899",2026-09-11T08:00:00,2026-09-11T16:05:00,economy,,,,31030.0,INR,DEL > PAT > BLR,2026-09-10T21:26:23.785863,verified
Ignav,API,DEL,BLR,2026-09-11,1,Air India,"2973, 9811",2026-09-11T20:50:00,2026-09-12T01:40:00,economy,,,,31305.0,INR,DEL > PNQ > BLR,2026-09-10T21:26:23.785870,verified
Ignav,API,DEL,BLR,2026-09-11,1,Air India,"2971, 9805",2026-09-11T16:00:00,2026-09-11T22:25:00,economy,,,,33647.0,INR,DEL > PNQ > BLR,2026-09-10T21:26:23.785876,verified
Ignav,API,DEL,BLR,2026-09-11,1,Air India,"1735, 9807",2026-09-11T13:00:00,2026-09-11T20:40:00,economy,,,,33765.0,INR,DEL > PNQ > BLR,2026-09-10T21:26:23.785881,verified
Ignav,API,DEL,BLR,2026-09-11,1,IndiGo,"329, 6188",2026-09-11T18:00:00,2026-09-11T23:25:00,economy,,,,34243.0,INR,DEL > BOM > BLR,2026-09-10T21:26:23.785887,verified
Ignav,API,DEL,BLR,2026-09-11,1,Air India Express,"1617, 1617, 2874",2026-09-11T11:50:00,2026-09-11T20:40:00,economy,,,,34606.0,INR,DEL > LKO > PNQ > BLR,2026-09-10T21:26:23.785892,verified
Ignav,API,DEL,BLR,2026-09-11,1,Air India,"9418, 9604",2026-09-11T13:10:00,2026-09-11T19:05:00,economy,,,,34672.0,INR,DEL > IDR > BLR,2026-09-10T21:26:23.785898,verified
Ignav,API,DEL,BLR,2026-09-11,1,Air India Express,"1617, 2874",2026-09-11T11:50:00,2026-09-11T20:40:00,economy,,,,36332.0,INR,DEL > PNQ > BLR,2026-09-10T21:26:23.785903,verified
Ignav,API,DEL,BLR,2026-09-11,1,Air India,"2678, 2471, 9436",2026-09-11T08:30:00,2026-09-11T21:30:00,economy,,,,36868.0,INR,DEL > BOM > CCU > BLR,2026-09-10T21:26:23.785911,verified
Ignav,API,DEL,BLR,2026-09-11,1,Air India,"9484, 2410",2026-09-11T23:25:00,2026-09-12T07:35:00,economy,,,,39407.0,INR,DEL > BOM > BLR,2026-09-10T21:26:23.785917,verified
Ignav,API,DEL,BLR,2026-09-11,1,Air India,"2433, 2812",2026-09-11T21:30:00,2026-09-12T04:10:00,economy,,,,40869.0,INR,DEL > BOM > BLR,2026-09-10T21:26:23.785923,verified
Ignav,API,DEL,BLR,2026-09-11,1,Air India,"2981, 2812",2026-09-11T21:00:00,2026-09-12T04:10:00,economy,,,,40869.0,INR,DEL > BOM > BLR,2026-09-10T21:26:23.785930,verified
Ignav,API,DEL,BLR,2026-09-11,1,Air India,"1730, 9811",2026-09-11T19:10:00,2026-09-12T01:40:00,economy,,,,41368.0,INR,DEL > PNQ > BLR,2026-09-10T21:26:23.785938,verified
Ignav,API,DEL,BLR,2026-09-11,1,Air India,"2941, 2865",2026-09-11T16:30:00,2026-09-11T21:50:00,economy,,,,41727.0,INR,DEL > BOM > BLR,2026-09-10T21:26:23.785943,verified
Ignav,API,DEL,BLR,2026-09-11,1,Air India,"441, 2401",2026-09-11T17:00:00,2026-09-11T22:45:00,economy,,,,41727.0,INR,DEL > BOM > BLR,2026-09-10T21:26:23.785949,verified
Ignav,API,DEL,BLR,2026-09-11,1,Air India,"441, 3305",2026-09-11T17:00:00,2026-09-12T01:40:00,economy,,,,42964.0,INR,DEL > BOM > BLR,2026-09-10T21:26:23.785954,verified
Ignav,API,DEL,BLR,2026-09-11,1,Air India,"2941, 3305",2026-09-11T16:30:00,2026-09-12T01:40:00,economy,,,,42964.0,INR,DEL > BOM > BLR,2026-09-10T21:26:23.785959,verified
Ignav,API,DEL,BLR,2026-09-11,1,Air India,"1780, 3305",2026-09-11T16:10:00,2026-09-12T01:40:00,economy,,,,42964.0,INR,DEL > BOM > BLR,2026-09-10T21:26:23.785965,verified
Ignav,API,DEL,BLR,2026-09-11,1,Air India,"1785, 2849",2026-09-11T12:00:00,2026-09-11T19:35:00,economy,,,,43692.0,INR,DEL > BOM > BLR,2026-09-10T21:26:23.785970,verified
Ignav,API,DEL,BLR,2026-09-11,1,Air India,"2945, 2849",2026-09-11T11:00:00,2026-09-11T19:35:00,economy,,,,43692.0,INR,DEL > BOM > BLR,2026-09-10T21:26:23.785976,verified
Ignav,API,DEL,BLR,2026-09-11,1,Air India,"1780, 2401",2026-09-11T16:10:00,2026-09-11T22:45:00,economy,,,,43873.0,INR,DEL > BOM > BLR,2026-09-10T21:26:23.786042,verified
Ignav,API,DEL,BLR,2026-09-11,1,Air India,"2985, 2812",2026-09-11T19:30:00,2026-09-12T04:10:00,economy,,,,43885.0,INR,DEL > BOM > BLR,2026-09-10T21:26:23.786050,verified
Ignav,API,DEL,BLR,2026-09-11,1,Air India,"1785, 2641",2026-09-11T12:00:00,2026-09-11T20:35:00,economy,,,,44055.0,INR,DEL > BOM > BLR,2026-09-10T21:26:23.786056,verified
Ignav,API,DEL,BLR,2026-09-11,1,Air India,"2955, 3305",2026-09-11T18:00:00,2026-09-12T01:40:00,economy,,,,44115.0,INR,DEL > BOM > BLR,2026-09-10T21:26:23.786061,verified
Ignav,API,DEL,BLR,2026-09-11,1,Air India,"1785, 2865",2026-09-11T12:00:00,2026-09-11T21:50:00,economy,,,,45103.0,INR,DEL > BOM > BLR,2026-09-10T21:26:23.786067,verified
Ignav,API,DEL,BLR,2026-09-11,1,Air India,"2907, 432, 2641",2026-09-11T12:00:00,2026-09-11T20:35:00,economy,,,,50867.0,INR,DEL > DED > BOM > BLR,2026-09-10T21:26:23.786073,verified
Ignav,API,DEL,BLR,2026-09-11,1,Air India,"2907, 432, 2865",2026-09-11T12:00:00,2026-09-11T21:50:00,economy,,,,50867.0,INR,DEL > DED > BOM > BLR,2026-09-10T21:26:23.786079,verified
Ignav,API,DEL,BLR,2026-09-11,1,Air India,"1773, 2998, 2849",2026-09-11T10:30:00,2026-09-11T19:35:00,economy,,,,52064.0,INR,DEL > ATQ > BOM > BLR,2026-09-10T21:26:23.786085,verified
Ignav,API,DEL,BLR,2026-09-11,1,Air India,"809, 2494, 3305",2026-09-11T17:40:00,2026-09-12T01:40:00,economy,,,,52549.0,INR,DEL > AMD > BOM > BLR,2026-09-10T21:26:23.786092,verified
Ignav,API,DEL,BLR,2026-09-11,1,Air India,"2939, 2494, 3305",2026-09-11T16:40:00,2026-09-12T01:40:00,economy,,,,52549.0,INR,DEL > AMD > BOM > BLR,2026-09-10T21:26:23.786098,verified
Ignav,API,DEL,BLR,2026-09-11,1,Air India,"2959, 2848, 2853",2026-09-11T07:10:00,2026-09-11T17:35:00,economy,,,,52549.0,INR,DEL > AMD > BOM > BLR,2026-09-10T21:26:23.786103,verified
Ignav,API,DEL,BLR,2026-09-11,1,Air India,"2975, 2863",2026-09-11T06:30:00,2026-09-11T12:05:00,economy,,,,53811.0,INR,DEL > BOM > BLR,2026-09-10T21:26:23.786111,verified
Ignav,API,DEL,BLR,2026-09-11,1,Air India,"1745, 2863",2026-09-11T05:00:00,2026-09-11T12:05:00,economy,,,,53811.0,INR,DEL > BOM > BLR,2026-09-10T21:26:23.786117,verified
Ignav,API,DEL,BLR,2026-09-11,1,Air India,"1739, 2662, 2641",2026-09-11T11:30:00,2026-09-11T20:35:00,economy,,,,62885.0,INR,DEL > SXR > BOM > BLR,2026-09-10T21:26:23.786137,verified
Ignav,API,DEL,BLR,2026-09-11,1,Air India,"2678, 2632",2026-09-11T08:30:00,2026-09-11T14:05:00,economy,,,,65344.0,INR,DEL > BOM > BLR,2026-09-10T21:26:23.786143,verified
Ignav,API,DEL,BLR,2026-09-11,1,Air India,"2943, 2632",2026-09-11T07:30:00,2026-09-11T14:05:00,economy,,,,65344.0,INR,DEL > BOM > BLR,2026-09-10T21:26:23.786148,verified
Ignav,API,DEL,BLR,2026-09-11,1,Air India,"2429, 2632",2026-09-11T07:00:00,2026-09-11T14:05:00,economy,,,,65344.0,INR,DEL > BOM > BLR,2026-09-10T21:26:23.786154,verified
Ignav,API,DEL,BLR,2026-09-17,7,Akasa Air,1308,2026-09-17T20:55:00,2026-09-17T23:50:00,economy,,,,8479.0,INR,DEL > BLR,2026-09-10T21:26:25.065273,verified
Ignav,API,DEL,BLR,2026-09-17,7,Akasa Air,1350,2026-09-17T21:55:00,2026-09-18T00:50:00,economy,,,,8479.0,INR,DEL > BLR,2026-09-10T21:26:25.065308,verified
Ignav,API,DEL,BLR,2026-09-17,7,Akasa Air,1824,2026-09-17T20:10:00,2026-09-17T23:10:00,economy,,,,8479.0,INR,DEL > BLR,2026-09-10T21:26:25.065320,verified
Ignav,API,DEL,BLR,2026-09-17,7,Akasa Air,1812,2026-09-17T22:55:00,2026-09-18T02:05:00,economy,,,,8479.0,INR,DEL > BLR,2026-09-10T21:26:25.065330,verified
Ignav,API,DEL,BLR,2026-09-17,7,IndiGo,873,2026-09-17T08:20:00,2026-09-17T11:10:00,economy,,,,8720.0,INR,DEL > BLR,2026-09-10T21:26:25.065339,verified
Ignav,API,DEL,BLR,2026-09-17,7,IndiGo,820,2026-09-17T03:00:00,2026-09-17T05:55:00,economy,,,,8720.0,INR,DEL > BLR,2026-09-10T21:26:25.065348,verified
Ignav,API,DEL,BLR,2026-09-17,7,IndiGo,2314,2026-09-17T05:45:00,2026-09-17T08:40:00,economy,,,,8720.0,INR,DEL > BLR,2026-09-10T21:26:25.065357,verified
Ignav,API,DEL,BLR,2026-09-17,7,IndiGo,810,2026-09-17T07:05:00,2026-09-17T10:00:00,economy,,,,8720.0,INR,DEL > BLR,2026-09-10T21:26:25.065366,verified
Ignav,API,DEL,BLR,2026-09-17,7,IndiGo,826,2026-09-17T09:30:00,2026-09-17T12:25:00,economy,,,,8720.0,INR,DEL > BLR,2026-09-10T21:26:25.065374,verified
Ignav,API,DEL,BLR,2026-09-17,7,IndiGo,842,2026-09-17T10:45:00,2026-09-17T13:40:00,economy,,,,8720.0,INR,DEL > BLR,2026-09-10T21:26:25.065383,verified
Ignav,API,DEL,BLR,2026-09-17,7,IndiGo,176,2026-09-17T13:15:00,2026-09-17T16:10:00,economy,,,,8720.0,INR,DEL > BLR,2026-09-10T21:26:25.065392,verified
Ignav,API,DEL,BLR,2026-09-17,7,IndiGo,828,2026-09-17T14:30:00,2026-09-17T17:25:00,economy,,,,8720.0,INR,DEL > BLR,2026-09-10T21:26:25.065401,verified
Ignav,API,DEL,BLR,2026-09-17,7,IndiGo,880,2026-09-17T15:45:00,2026-09-17T18:40:00,economy,,,,8720.0,INR,DEL > BLR,2026-09-10T21:26:25.065410,verified
Ignav,API,DEL,BLR,2026-09-17,7,IndiGo,837,2026-09-17T17:00:00,2026-09-17T19:55:00,economy,,,,8720.0,INR,DEL > BLR,2026-09-10T21:26:25.065419,verified
Ignav,API,DEL,BLR,2026-09-17,7,IndiGo,6515,2026-09-17T20:45:00,2026-09-17T23:40:00,economy,,,,8720.0,INR,DEL > BLR,2026-09-10T21:26:25.065428,verified
Ignav,API,DEL,BLR,2026-09-17,7,IndiGo,846,2026-09-17T22:00:00,2026-09-18T00:55:00,economy,,,,8720.0,INR,DEL > BLR,2026-09-10T21:26:25.065437,verified
Ignav,API,DEL,BLR,2026-09-17,7,IndiGo,871,2026-09-17T23:30:00,2026-09-18T02:25:00,economy,,,,8720.0,INR,DEL > BLR,2026-09-10T21:26:25.065446,verified
Ignav,API,DEL,BLR,2026-09-17,7,IndiGo,850,2026-09-17T12:20:00,2026-09-17T15:20:00,economy,,,,8720.0,INR,DEL > BLR,2026-09-10T21:26:25.065455,verified
Ignav,API,DEL,BLR,2026-09-17,7,Air India Express,"1001, 2963",2026-09-17T09:00:00,2026-09-17T15:25:00,economy,,,,8970.0,INR,DEL > IXB > BLR,2026-09-10T21:26:25.065466,verified
Ignav,API,DEL,BLR,2026-09-17,7,Air India Express,"1035, 2932",2026-09-17T08:10:00,2026-09-17T15:25:00,economy,,,,8970.0,INR,DEL > GAU > BLR,2026-09-10T21:26:25.065476,verified
Ignav,API,DEL,BLR,2026-09-17,7,Air India Express,"1035, 2882",2026-09-17T08:10:00,2026-09-17T16:30:00,economy,,,,8970.0,INR,DEL > GAU > BLR,2026-09-10T21:26:25.065485,verified
Ignav,API,DEL,BLR,2026-09-17,7,Air India Express,"1032, 2932",2026-09-17T05:45:00,2026-09-17T15:25:00,economy,,,,8970.0,INR,DEL > GAU > BLR,2026-09-10T21:26:25.065495,verified
Ignav,API,DEL,BLR,2026-09-17,7,Air India,2757,2026-09-17T00:15:00,2026-09-17T03:10:00,economy,,,,9004.0,INR,DEL > BLR,2026-09-10T21:26:25.065504,verified
Ignav,API,DEL,BLR,2026-09-17,7,Air India,9773,2026-09-17T21:00:00,2026-09-17T23:55:00,economy,,,,9024.0,INR,DEL > BLR,2026-09-10T21:26:25.065513,verified
Ignav,API,DEL,BLR,2026-09-17,7,Air India Express,5975,2026-09-17T21:00:00,2026-09-17T23:55:00,economy,,,,9028.0,INR,DEL > BLR,2026-09-10T21:26:25.065522,verified
Ignav,API,DEL,BLR,2026-09-17,7,Air India,2653,2026-09-17T04:30:00,2026-09-17T07:20:00,economy,,,,9146.0,INR,DEL > BLR,2026-09-10T21:26:25.065531,verified
Ignav,API,DEL,BLR,2026-09-17,7,Air India,427,2026-09-17T08:30:00,2026-09-17T11:20:00,economy,,,,9146.0,INR,DEL > BLR,2026-09-10T21:26:25.065540,verified
Ignav,API,DEL,BLR,2026-09-17,7,Air India,2485,2026-09-17T10:30:00,2026-09-17T13:20:00,economy,,,,9146.0,INR,DEL > BLR,2026-09-10T21:26:25.065549,verified
Ignav,API,DEL,BLR,2026-09-17,7,Air India,2409,2026-09-17T06:00:00,2026-09-17T08:55:00,economy,,,,9146.0,INR,DEL > BLR,2026-09-10T21:26:25.065558,verified
Ignav,API,DEL,BLR,2026-09-17,7,Air India,2803,2026-09-17T06:30:00,2026-09-17T09:25:00,economy,,,,9146.0,INR,DEL > BLR,2026-09-10T21:26:25.065567,verified
Ignav,API,DEL,BLR,2026-09-17,7,Air India,2815,2026-09-17T07:00:00,2026-09-17T09:55:00,economy,,,,9146.0,INR,DEL > BLR,2026-09-10T21:26:25.065577,verified
Ignav,API,DEL,BLR,2026-09-17,7,Air India,2415,2026-09-17T09:30:00,2026-09-17T12:25:00,economy,,,,9146.0,INR,DEL > BLR,2026-09-10T21:26:25.065586,verified
Ignav,API,DEL,BLR,2026-09-17,7,Air India,2417,2026-09-17T13:00:00,2026-09-17T15:55:00,economy,,,,9146.0,INR,DEL > BLR,2026-09-10T21:26:25.065595,verified
Ignav,API,DEL,BLR,2026-09-17,7,Air India,2819,2026-09-17T15:00:00,2026-09-17T17:55:00,economy,,,,9146.0,INR,DEL > BLR,2026-09-10T21:26:25.065605,verified
Ignav,API,DEL,BLR,2026-09-17,7,Air India,2664,2026-09-17T15:50:00,2026-09-17T18:45:00,economy,,,,9146.0,INR,DEL > BLR,2026-09-10T21:26:25.065613,verified
Ignav,API,DEL,BLR,2026-09-17,7,Air India Express,"1046, 1244",2026-09-17T06:25:00,2026-09-17T12:00:00,economy,,,,9176.0,INR,DEL > IXR > BLR,2026-09-10T21:26:25.065623,verified
Ignav,API,DEL,BLR,2026-09-17,7,Air India Express,"1090, 1368",2026-09-17T13:10:00,2026-09-17T19:05:00,economy,,,,9176.0,INR,DEL > IDR > BLR,2026-09-10T21:26:25.065637,verified
Ignav,API,DEL,BLR,2026-09-17,7,Air India Express,"1046, 1530",2026-09-17T06:25:00,2026-09-17T14:40:00,economy,,,,9176.0,INR,DEL > IXR > BLR,2026-09-10T21:26:25.065647,verified
Ignav,API,DEL,BLR,2026-09-17,7,Air India Express,"1068, 2004",2026-09-17T11:55:00,2026-09-17T20:10:00,economy,,,,9176.0,INR,DEL > GOI > BLR,2026-09-10T21:26:25.065656,verified
Ignav,API,DEL,BLR,2026-09-17,7,Air India Express,"1346, 2817",2026-09-17T06:10:00,2026-09-17T16:05:00,economy,,,,9176.0,INR,DEL > PAT > BLR,2026-09-10T21:26:25.065665,verified
Ignav,API,DEL,BLR,2026-09-17,7,IndiGo,811,2026-09-17T18:20:00,2026-09-17T21:10:00,economy,,,,9177.0,INR,DEL > BLR,2026-09-10T21:26:25.065675,verified
Ignav,API,DEL,BLR,2026-09-17,7,IndiGo,861,2026-09-17T19:30:00,2026-09-17T22:25:00,economy,,,,9177.0,INR,DEL > BLR,2026-09-10T21:26:25.065684,verified
Ignav,API,DEL,BLR,2026-09-17,7,Air India,9431,2026-09-17T18:20:00,2026-09-17T21:15:00,economy,,,,9281.0,INR,DEL > BLR,2026-09-10T21:26:25.065692,verified
Ignav,API,DEL,BLR,2026-09-17,7,Air India Express,1070,2026-09-17T18:20:00,2026-09-17T21:15:00,economy,,,,9285.0,INR,DEL > BLR,2026-09-10T21:26:25.065701,verified
Ignav,API,DEL,BLR,2026-09-17,7,Air India Express,"1617, 1617, 2874",2026-09-17T11:50:00,2026-09-17T20:40:00,economy,,,,9374.0,INR,DEL > LKO > PNQ > BLR,2026-09-10T21:26:25.065712,verified
Ignav,API,DEL,BLR,2026-09-17,7,Air India,2817,2026-09-17T16:30:00,2026-09-17T19:15:00,economy,,,,9580.0,INR,DEL > BLR,2026-09-10T21:26:25.065720,verified
Ignav,API,DEL,BLR,2026-09-17,7,Air India,2412,2026-09-17T21:30:00,2026-09-18T00:25:00,economy,,,,9580.0,INR,DEL > BLR,2026-09-10T21:26:25.065728,verified
Ignav,API,DEL,BLR,2026-09-17,7,Air India Express,"1032, 2882",2026-09-17T05:45:00,2026-09-17T16:30:00,economy,,,,9584.0,INR,DEL > GAU > BLR,2026-09-10T21:26:25.065738,verified
Ignav,API,DEL,BLR,2026-09-17,7,Air India Express,"1054, 2176",2026-09-17T12:05:00,2026-09-17T22:10:00,economy,,,,9794.0,INR,DEL > IXR > BLR,2026-09-10T21:26:25.065747,verified
Ignav,API,DEL,BLR,2026-09-17,7,Air India Express,"1165, 1503",2026-09-17T05:45:00,2026-09-17T12:05:00,economy,,,,9799.0,INR,DEL > LKO > BLR,2026-09-10T21:26:25.065756,verified
Ignav,API,DEL,BLR,2026-09-17,7,IndiGo,"6433, 6432",2026-09-17T16:30:00,2026-09-17T21:20:00,economy,,,,9811.0,INR,DEL > NAG > BLR,2026-09-10T21:26:25.065765,verified
Ignav,API,DEL,BLR,2026-09-17,7,IndiGo,"717, 6505",2026-09-17T17:55:00,2026-09-17T22:45:00,economy,,,,9890.0,INR,DEL > HYD > BLR,2026-09-10T21:26:25.065775,verified
Ignav,API,DEL,BLR,2026-09-17,7,IndiGo,"704, 413",2026-09-17T02:25:00,2026-09-17T07:40:00,economy,,,,9890.0,INR,DEL > HYD > BLR,2026-09-10T21:26:25.065784,verified
Ignav,API,DEL,BLR,2026-09-17,7,IndiGo,"6282, 6417",2026-09-17T13:30:00,2026-09-17T19:05:00,economy,,,,9890.0,INR,DEL > HYD > BLR,2026-09-10T21:26:25.065793,verified
Ignav,API,DEL,BLR,2026-09-17,7,IndiGo,"2151, 906",2026-09-17T19:45:00,2026-09-18T01:00:00,economy,,,,9944.0,INR,DEL > LKO > BLR,2026-09-10T21:26:25.065803,verified
Ignav,API,DEL,BLR,2026-09-17,7,IndiGo,"884, 314",2026-09-17T11:45:00,2026-09-17T17:50:00,economy,,,,9946.0,INR,DEL > HYD > BLR,2026-09-10T21:26:25.065812,verified
Ignav,API,DEL,BLR,2026-09-17,7,IndiGo,"6488, 6739",2026-09-17T11:20:00,2026-09-17T16:45:00,economy,,,,10021.0,INR,DEL > IDR > BLR,2026-09-10T21:26:25.065820,verified
Ignav,API,DEL,BLR,2026-09-17,7,IndiGo,"5119, 823",2026-09-17T05:10:00,2026-09-17T10:45:00,economy,,,,10021.0,INR,DEL > AMD > BLR,2026-09-10T21:26:25.065829,verified
Ignav,API,DEL,BLR,2026-09-17,7,IndiGo,"734, 979",2026-09-17T16:20:00,2026-09-17T21:55:00,economy,,,,10021.0,INR,DEL > RPR > BLR,2026-09-10T21:26:25.065839,verified
Ignav,API,DEL,BLR,2026-09-17,7,IndiGo,"6673, 361",2026-09-17T21:15:00,2026-09-18T02:55:00,economy,,,,10021.0,INR,DEL > PNQ > BLR,2026-09-10T21:26:25.065849,verified
Ignav,API,DEL,BLR,2026-09-17,7,Air India,2809,2026-09-17T19:30:00,2026-09-17T22:20:00,economy,,,,10041.0,INR,DEL > BLR,2026-09-10T21:26:25.065857,verified
Ignav,API,DEL,BLR,2026-09-17,7,Air India,2512,2026-09-17T19:00:00,2026-09-17T21:55:00,economy,,,,10041.0,INR,DEL > BLR,2026-09-10T21:26:25.065866,verified
Ignav,API,DEL,BLR,2026-09-17,7,IndiGo,"6459, 406",2026-09-17T05:55:00,2026-09-17T11:50:00,economy,,,,10077.0,INR,DEL > RPR > BLR,2026-09-10T21:26:25.065884,verified
Ignav,API,DEL,BLR,2026-09-17,7,IndiGo,"2618, 6564",2026-09-17T23:00:00,2026-09-18T04:55:00,economy,,,,10077.0,INR,DEL > PNQ > BLR,2026-09-10T21:26:25.065893,verified
Ignav,API,DEL,BLR,2026-09-17,7,IndiGo,"2343, 391",2026-09-17T02:20:00,2026-09-17T08:30:00,economy,,,,10077.0,INR,DEL > PNQ > BLR,2026-09-10T21:26:25.065903,verified
Ignav,API,DEL,BLR,2026-09-17,7,IndiGo,"6470, 6029",2026-09-17T06:55:00,2026-09-17T13:10:00,economy,,,,10077.0,INR,DEL > NMI > BLR,2026-09-10T21:26:25.065912,verified
Ignav,API,DEL,BLR,2026-09-17,7,IndiGo,"864, 5032",2026-09-17T15:30:00,2026-09-17T21:45:00,economy,,,,10077.0,INR,DEL > BOM > BLR,2026-09-10T21:26:25.065921,verified
Ignav,API,DEL,BLR,2026-09-17,7,IndiGo,"950, 796",2026-09-17T18:15:00,2026-09-17T23:00:00,economy,,,,10100.0,INR,DEL > MAA > BLR,2026-09-10T21:26:25.065930,verified
Ignav,API,DEL,BLR,2026-09-17,7,IndiGo,"6091, 189",2026-09-17T15:15:00,2026-09-17T20:10:00,economy,,,,10100.0,INR,DEL > MAA > BLR,2026-09-10T21:26:25.065940,verified
Ignav,API,DEL,BLR,2026-09-17,7,IndiGo,"6632, 593",2026-09-17T17:50:00,2026-09-17T23:00:00,economy,,,,10100.0,INR,DEL > IXC > BLR,2026-09-10T21:26:25.065949,verified
Ignav,API,DEL,BLR,2026-09-17,7,IndiGo,"6115, 365",2026-09-17T13:10:00,2026-09-17T18:45:00,economy,,,,10100.0,INR,DEL > MAA > BLR,2026-09-10T21:26:25.065957,verified
Ignav,API,DEL,BLR,2026-09-17,7,IndiGo,"5038, 429",2026-09-17T14:00:00,2026-09-17T19:40:00,economy,,,,10156.0,INR,DEL > IXC > BLR,2026-09-10T21:26:25.065967,verified
Ignav,API,DEL,BLR,2026-09-17,7,IndiGo,"5033, 556",2026-09-17T15:50:00,2026-09-17T21:35:00,economy,,,,10156.0,INR,DEL > JAI > BLR,2026-09-10T21:26:25.065976,verified
Ignav,API,DEL,BLR,2026-09-17,7,IndiGo,"6476, 325",2026-09-17T07:05:00,2026-09-17T13:10:00,economy,,,,10156.0,INR,DEL > LKO > BLR,2026-09-10T21:26:25.065985,verified
Ignav,API,DEL,BLR,2026-09-17,7,Air India Express,"1230, 2718",2026-09-17T04:40:00,2026-09-17T16:40:00,economy,,,,10221.0,INR,DEL > PNQ > BLR,2026-09-10T21:26:25.065994,verified
Ignav,API,DEL,BLR,2026-09-17,7,IndiGo,"6497, 6452",2026-09-17T18:40:00,2026-09-18T00:30:00,economy,,,,10287.0,INR,DEL > PAT > BLR,2026-09-10T21:26:25.066003,verified
Ignav,API,DEL,BLR,2026-09-17,7,IndiGo,"5001, 472",2026-09-17T17:10:00,2026-09-17T22:50:00,economy,,,,10314.0,INR,DEL > COK > BLR,2026-09-10T21:26:25.066013,verified
Ignav,API,DEL,BLR,2026-09-17,7,Air India,"1710, 9748",2026-09-17T18:35:00,2026-09-18T12:05:00,economy,,,,10399.0,INR,DEL > LKO > BLR,2026-09-10T21:26:25.066033,verified
Ignav,API,DEL,BLR,2026-09-17,7,Air India,"1717, 9748",2026-09-17T14:20:00,2026-09-18T12:05:00,economy,,,,10399.0,INR,DEL > LKO > BLR,2026-09-10T21:26:25.066042,verified
Ignav,API,DEL,BLR,2026-09-17,7,Air India Express,"1617, 1520",2026-09-17T11:50:00,2026-09-17T18:30:00,economy,,,,10429.0,INR,DEL > LKO > BLR,2026-09-10T21:26:25.066051,verified
Ignav,API,DEL,BLR,2026-09-17,7,Air India Express,"1165, 1520",2026-09-17T05:45:00,2026-09-17T18:30:00,economy,,,,10429.0,INR,DEL > LKO > BLR,2026-09-10T21:26:25.066080,verified
Ignav,API,DEL,BLR,2026-09-17,7,Air India Express,"1782, 5202",2026-09-17T13:35:00,2026-09-18T00:15:00,economy,,,,10494.0,INR,DEL > IXE > BLR,2026-09-10T21:26:25.066092,verified
Ignav,API,DEL,BLR,2026-09-17,7,IndiGo,"513, 235",2026-09-17T08:30:00,2026-09-17T14:25:00,economy,,,,10497.0,INR,DEL > CCU > BLR,2026-09-10T21:26:25.066101,verified
Ignav,API,DEL,BLR,2026-09-17,7,IndiGo,"5191, 496",2026-09-17T05:00:00,2026-09-17T11:00:00,economy,,,,10497.0,INR,DEL > CCU > BLR,2026-09-10T21:26:25.066110,verified
Ignav,API,DEL,BLR,2026-09-17,7,Air India,"2499, 9748",2026-09-17T05:55:00,2026-09-17T12:05:00,economy,,,,10609.0,INR,DEL > LKO > BLR,2026-09-10T21:26:25.066120,verified
Ignav,API,DEL,BLR,2026-09-17,7,Air India,"1710, 9546",2026-09-17T18:35:00,2026-09-18T01:05:00,economy,,,,10609.0,INR,DEL > LKO > BLR,2026-09-10T21:26:25.066133,verified
Ignav,API,DEL,BLR,2026-09-17,7,Air India,"1717, 9546",2026-09-17T14:20:00,2026-09-18T01:05:00,economy,,,,10609.0,INR,DEL > LKO > BLR,2026-09-10T21:26:25.066142,verified
Ignav,API,DEL,BLR,2026-09-17,7,Air India,"2499, 9546",2026-09-17T05:55:00,2026-09-18T01:05:00,economy,,,,10609.0,INR,DEL > LKO > BLR,2026-09-10T21:26:25.066151,verified
Ignav,API,DEL,BLR,2026-09-17,7,IndiGo,"758, 7378",2026-09-17T16:10:00,2026-09-17T21:50:00,economy,,,,10720.0,INR,DEL > HBX > BLR,2026-09-10T21:26:25.066160,verified
Ignav,API,DEL,BLR,2026-09-17,7,Air India,"2569, 9748",2026-09-17T20:25:00,2026-09-18T12:05:00,economy,,,,10830.0,INR,DEL > LKO > BLR,2026-09-10T21:26:25.066170,verified
Ignav,API,DEL,BLR,2026-09-17,7,Air India Express,"1257, 2706",2026-09-17T22:25:00,2026-09-18T07:25:00,economy,,,,11001.0,INR,DEL > PNQ > BLR,2026-09-10T21:26:25.066479,verified
Ignav,API,DEL,BLR,2026-09-17,7,Air India,2487,2026-09-17T18:30:00,2026-09-17T21:25:00,economy,,,,11048.0,INR,DEL > BLR,2026-09-10T21:26:25.066553,verified
Ignav,API,DEL,BLR,2026-09-17,7,Air India,"2547, 9931",2026-09-17T17:40:00,2026-09-18T01:40:00,economy,,,,11113.0,INR,DEL > PNQ > BLR,2026-09-10T21:26:25.066568,verified
Ignav,API,DEL,BLR,2026-09-17,7,Air India,"2971, 9931",2026-09-17T16:00:00,2026-09-18T01:40:00,economy,,,,11113.0,INR,DEL > PNQ > BLR,2026-09-10T21:26:25.066580,verified
Ignav,API,DEL,BLR,2026-09-17,7,Air India,"1735, 9807",2026-09-17T13:00:00,2026-09-17T20:40:00,economy,,,,11402.0,INR,DEL > PNQ > BLR,2026-09-10T21:26:25.066590,verified
Ignav,API,DEL,BLR,2026-09-17,7,Air India,"2499, 9474",2026-09-17T05:55:00,2026-09-17T18:30:00,economy,,,,11449.0,INR,DEL > LKO > BLR,2026-09-10T21:26:25.066600,verified
Ignav,API,DEL,BLR,2026-09-17,7,Air India,"1745, 2812",2026-09-17T05:00:00,2026-09-18T04:10:00,economy,,,,11837.0,INR,DEL > BOM > BLR,2026-09-10T21:26:25.066609,verified
Ignav,API,DEL,BLR,2026-09-17,7,Air India,"2933, 2812",2026-09-17T15:30:00,2026-09-18T04:10:00,economy,,,,12106.0,INR,DEL > BOM > BLR,2026-09-10T21:26:25.066619,verified
Ignav,API,DEL,BLR,2026-09-17,7,Air India,"2927, 2812",2026-09-17T09:30:00,2026-09-18T04:10:00,economy,,,,12106.0,INR,DEL > BOM > BLR,2026-09-10T21:26:25.066629,verified
Ignav,API,DEL,BLR,2026-09-17,7,Air India,"2609, 9811",2026-09-17T23:50:00,2026-09-18T07:25:00,economy,,,,12118.0,INR,DEL > PNQ > BLR,2026-09-10T21:26:25.066638,verified
Ignav,API,DEL,BLR,2026-09-17,7,Air India,"2951, 2812",2026-09-17T13:30:00,2026-09-18T04:10:00,economy,,,,12265.0,INR,DEL > BOM > BLR,2026-09-10T21:26:25.066648,verified
Ignav,API,DEL,BLR,2026-09-17,7,IndiGo,"6217, 285",2026-09-17T16:15:00,2026-09-17T21:20:00,economy,,,,12433.0,INR,DEL > HYD > BLR,2026-09-10T21:26:25.066658,verified
Ignav,API,DEL,BLR,2026-09-17,7,Air India,"2981, 2812",2026-09-17T21:00:00,2026-09-18T04:10:00,economy,,,,12475.0,INR,DEL > BOM > BLR,2026-09-10T21:26:25.066667,verified
Ignav,API,DEL,BLR,2026-09-17,7,Air India,"2429, 2812",2026-09-17T07:00:00,2026-09-18T04:10:00,economy,,,,12475.0,INR,DEL > BOM > BLR,2026-09-10T21:26:25.066676,verified
Ignav,API,DEL,BLR,2026-09-17,7,Air India,"487, 9529",2026-09-17T16:00:00,2026-09-18T16:05:00,economy,,,,12595.0,INR,DEL > GOI > BLR,2026-09-10T21:26:25.066686,verified
Ignav,API,DEL,BLR,2026-09-17,7,Air India Express,"1273, 1408",2026-09-17T12:20:00,2026-09-17T20:05:00,economy,,,,12607.0,INR,DEL > IXB > BLR,2026-09-10T21:26:25.066695,verified
Ignav,API,DEL,BLR,2026-09-17,7,Air India Express,"1067, 2963",2026-09-17T06:10:00,2026-09-17T15:25:00,economy,,,,12607.0,INR,DEL > IXB > BLR,2026-09-10T21:26:25.066705,verified
Ignav,API,DEL,BLR,2026-09-17,7,IndiGo,"2277, 633",2026-09-17T10:25:00,2026-09-17T15:45:00,economy,,,,12643.0,INR,DEL > GOI > BLR,2026-09-10T21:26:25.066717,verified
Ignav,API,DEL,BLR,2026-09-17,7,Air India,"2433, 2812",2026-09-17T21:30:00,2026-09-18T04:10:00,economy,,,,12659.0,INR,DEL > BOM > BLR,2026-09-10T21:26:25.066727,verified
Ignav,API,DEL,BLR,2026-09-17,7,Air India,"2957, 2812",2026-09-17T20:30:00,2026-09-18T04:10:00,economy,,,,12736.0,INR,DEL > BOM > BLR,2026-09-10T21:26:25.066736,verified
Ignav,API,DEL,BLR,2026-09-17,7,Air India,"2985, 2812",2026-09-17T19:30:00,2026-09-18T04:10:00,economy,,,,12736.0,INR,DEL > BOM > BLR,2026-09-10T21:26:25.066746,verified
Ignav,API,DEL,BLR,2026-09-17,7,Air India,"9484, 2851",2026-09-17T23:25:00,2026-09-18T10:05:00,economy,,,,12881.0,INR,DEL > BOM > BLR,2026-09-10T21:26:25.066755,verified
Ignav,API,DEL,BLR,2026-09-17,7,Air India,"2955, 2812",2026-09-17T18:00:00,2026-09-18T04:10:00,economy,,,,12904.0,INR,DEL > BOM > BLR,2026-09-10T21:26:25.066764,verified
Ignav,API,DEL,BLR,2026-09-17,7,Air India,"1785, 2812",2026-09-17T12:00:00,2026-09-18T04:10:00,economy,,,,13051.0,INR,DEL > BOM > BLR,2026-09-10T21:26:25.066774,verified
Ignav,API,DEL,BLR,2026-09-17,7,Air India,"2977, 2812",2026-09-17T19:00:00,2026-09-18T04:10:00,economy,,,,13057.0,INR,DEL > BOM > BLR,2026-09-10T21:26:25.066783,verified
Ignav,API,DEL,BLR,2026-09-17,7,Air India,"887, 2812",2026-09-17T21:00:00,2026-09-18T04:10:00,economy,,,,13366.0,INR,DEL > BOM > BLR,2026-09-10T21:26:25.066792,verified
Ignav,API,DEL,BLR,2026-09-17,7,Air India,"2941, 2812",2026-09-17T16:30:00,2026-09-18T04:10:00,economy,,,,13366.0,INR,DEL > BOM > BLR,2026-09-10T21:26:25.066801,verified
Ignav,API,DEL,BLR,2026-09-17,7,Air India,"1777, 2812",2026-09-17T16:00:00,2026-09-18T04:10:00,economy,,,,13366.0,INR,DEL > BOM > BLR,2026-09-10T21:26:25.066811,verified
Ignav,API,DEL,BLR,2026-09-17,7,Air India,"9486, 2632",2026-09-17T05:35:00,2026-09-17T14:05:00,economy,,,,13566.0,INR,DEL > BOM > BLR,2026-09-10T21:26:25.066821,verified
Ignav,API,DEL,BLR,2026-09-17,7,Air India,"9486, 2853",2026-09-17T05:35:00,2026-09-17T17:35:00,economy,,,,13566.0,INR,DEL > BOM > BLR,2026-09-10T21:26:25.066830,verified
Ignav,API,DEL,BLR,2026-09-17,7,Air India,"1745, 2632",2026-09-17T05:00:00,2026-09-17T14:05:00,economy,,,,13625.0,INR,DEL > BOM > BLR,2026-09-10T21:26:25.066839,verified
Ignav,API,DEL,BLR,2026-09-17,7,Air India,"2525, 9481",2026-09-17T06:00:00,2026-09-17T11:55:00,economy,,,,13634.0,INR,DEL > MAA > BLR,2026-09-10T21:26:25.066847,verified
Ignav,API,DEL,BLR,2026-09-17,7,Air India,"2525, 9971",2026-09-17T06:00:00,2026-09-17T16:05:00,economy,,,,13634.0,INR,DEL > MAA > BLR,2026-09-10T21:26:25.066857,verified
Ignav,API,DEL,BLR,2026-09-17,7,Air India,"2515, 9604",2026-09-17T12:10:00,2026-09-17T19:05:00,economy,,,,13803.0,INR,DEL > IDR > BLR,2026-09-10T21:26:25.066866,verified
Ignav,API,DEL,BLR,2026-09-17,7,Air India,"9486, 2863",2026-09-17T05:35:00,2026-09-17T12:05:00,economy,,,,13821.0,INR,DEL > BOM > BLR,2026-09-10T21:26:25.066875,verified
Ignav,API,DEL,BLR,2026-09-17,7,Air India,"9484, 2863",2026-09-17T23:25:00,2026-09-18T12:05:00,economy,,,,13821.0,INR,DEL > BOM > BLR,2026-09-10T21:26:25.066885,verified
Ignav,API,DEL,BLR,2026-09-17,7,Air India,"2973, 9931",2026-09-17T20:50:00,2026-09-18T01:40:00,economy,,,,13869.0,INR,DEL > PNQ > BLR,2026-09-10T21:26:25.066894,verified
Ignav,API,DEL,BLR,2026-09-17,7,Air India,"2973, 9811",2026-09-17T20:50:00,2026-09-18T07:25:00,economy,,,,13869.0,INR,DEL > PNQ > BLR,2026-09-10T21:26:25.066904,verified
Ignav,API,DEL,BLR,2026-09-17,7,Air India,"2439, 2863",2026-09-17T23:00:00,2026-09-18T12:05:00,economy,,,,13875.0,INR,DEL > BOM > BLR,2026-09-10T21:26:25.066914,verified
Ignav,API,DEL,BLR,2026-09-17,7,Air India,"2945, 2853",2026-09-17T11:00:00,2026-09-17T17:35:00,economy,,,,13895.0,INR,DEL > BOM > BLR,2026-09-10T21:26:25.066923,verified
Ignav,API,DEL,BLR,2026-09-17,7,Air India,"2995, 2853",2026-09-17T10:00:00,2026-09-17T17:35:00,economy,,,,13895.0,INR,DEL > BOM > BLR,2026-09-10T21:26:25.066932,verified
Ignav,API,DEL,BLR,2026-09-17,7,Air India,"2927, 2853",2026-09-17T09:30:00,2026-09-17T17:35:00,economy,,,,13895.0,INR,DEL > BOM > BLR,2026-09-10T21:26:25.066941,verified
Ignav,API,DEL,BLR,2026-09-17,7,Air India,"9484, 2603",2026-09-17T23:25:00,2026-09-18T08:35:00,economy,,,,13929.0,INR,DEL > BOM > BLR,2026-09-10T21:26:25.066951,verified
Ignav,API,DEL,BLR,2026-09-17,7,IndiGo,"329, 6188",2026-09-17T18:00:00,2026-09-17T23:25:00,economy,,,,13949.0,INR,DEL > BOM > BLR,2026-09-10T21:26:25.066960,verified
Ignav,API,DEL,BLR,2026-09-17,7,Air India,"2761, 622, 2857",2026-09-17T16:25:00,2026-09-18T01:35:00,economy,,,,15078.0,INR,DEL > JAI > BOM > BLR,2026-09-10T21:26:25.066970,verified
Ignav,API,DEL,BLR,2026-09-17,7,Air India,"2761, 622, 2812",2026-09-17T16:25:00,2026-09-18T04:10:00,economy,,,,15078.0,INR,DEL > JAI > BOM > BLR,2026-09-10T21:26:25.066980,verified
Ignav,API,DEL,BLR,2026-09-17,7,Air India,"2963, 2632",2026-09-17T09:00:00,2026-09-17T14:05:00,economy,,,,15307.0,INR,DEL > BOM > BLR,2026-09-10T21:26:25.066989,verified
Ignav,API,DEL,BLR,2026-09-17,7,Air India,"2941, 2865",2026-09-17T16:30:00,2026-09-17T21:50:00,economy,,,,15307.0,INR,DEL > BOM > BLR,2026-09-10T21:26:25.066999,verified
Ignav,API,DEL,BLR,2026-09-17,7,Air India,"2678, 2632",2026-09-17T08:30:00,2026-09-17T14:05:00,economy,,,,15307.0,INR,DEL > BOM > BLR,2026-09-10T21:26:25.067008,verified
Ignav,API,DEL,BLR,2026-09-17,7,Air India,"1785, 2853",2026-09-17T12:00:00,2026-09-17T17:35:00,economy,,,,15307.0,INR,DEL > BOM > BLR,2026-09-10T21:26:25.067018,verified
Ignav,API,DEL,BLR,2026-09-17,7,Air India,"2975, 2863",2026-09-17T06:30:00,2026-09-17T12:05:00,economy,,,,15568.0,INR,DEL > BOM > BLR,2026-09-10T21:26:25.067027,verified
Ignav,API,DEL,BLR,2026-09-17,7,Air India,"1777, 2865",2026-09-17T16:00:00,2026-09-17T21:50:00,economy,,,,15631.0,INR,DEL > BOM > BLR,2026-09-10T21:26:25.067037,verified
Ignav,API,DEL,BLR,2026-09-17,7,Air India,"2933, 2865",2026-09-17T15:30:00,2026-09-17T21:50:00,economy,,,,15631.0,INR,DEL > BOM > BLR,2026-09-10T21:26:25.067047,verified
Ignav,API,DEL,BLR,2026-09-17,7,Air India,"2943, 2632",2026-09-17T07:30:00,2026-09-17T14:05:00,economy,,,,15631.0,INR,DEL > BOM > BLR,2026-09-10T21:26:25.067056,verified
Ignav,API,DEL,BLR,2026-09-17,7,Air India,"2429, 2632",2026-09-17T07:00:00,2026-09-17T14:05:00,economy,,,,15631.0,INR,DEL > BOM > BLR,2026-09-10T21:26:25.067065,verified
Ignav,API,DEL,BLR,2026-09-17,7,IndiGo,"931, 996",2026-09-17T19:35:00,2026-09-18T01:10:00,economy,,,,15833.0,INR,DEL > AMD > BLR,2026-09-10T21:26:25.067074,verified
Ignav,API,DEL,BLR,2026-09-17,7,Air India,"1745, 2863",2026-09-17T05:00:00,2026-09-17T12:05:00,economy,,,,15899.0,INR,DEL > BOM > BLR,2026-09-10T21:26:25.067083,verified
Ignav,API,DEL,BLR,2026-09-17,7,Air India,"441, 2401",2026-09-17T17:00:00,2026-09-17T22:45:00,economy,,,,15966.0,INR,DEL > BOM > BLR,2026-09-10T21:26:25.067095,verified
Ignav,API,DEL,BLR,2026-09-17,7,Air India,"2941, 2401",2026-09-17T16:30:00,2026-09-17T22:45:00,economy,,,,15966.0,INR,DEL > BOM > BLR,2026-09-10T21:26:25.067104,verified
Ignav,API,DEL,BLR,2026-09-17,7,Air India,"1777, 2401",2026-09-17T16:00:00,2026-09-17T22:45:00,economy,,,,15966.0,INR,DEL > BOM > BLR,2026-09-10T21:26:25.067113,verified
Ignav,API,DEL,BLR,2026-09-17,7,Air India,"2951, 2849",2026-09-17T13:30:00,2026-09-17T19:35:00,economy,,,,16649.0,INR,DEL > BOM > BLR,2026-09-10T21:26:25.067122,verified
Ignav,API,DEL,BLR,2026-09-17,7,Air India Express,"1812, 2115",2026-09-17T11:15:00,2026-09-17T18:50:00,economy,,,,17559.0,INR,DEL > COK > BLR,2026-09-10T21:26:25.067132,verified
Ignav,API,DEL,BLR,2026-09-17,7,Air India Express,"1812, 1896",2026-09-17T11:15:00,2026-09-17T19:35:00,economy,,,,17559.0,INR,DEL > COK > BLR,2026-09-10T21:26:25.067141,verified
Ignav,API,DEL,BLR,2026-09-17,7,IndiGo,"5073, 481",2026-09-17T17:05:00,2026-09-17T22:05:00,economy,,,,17661.0,INR,DEL > AMD > BLR,2026-09-10T21:26:25.067151,verified
Ignav,API,DEL,BLR,2026-09-17,7,Air India Express,"1980, 1168",2026-09-17T09:55:00,2026-09-17T18:50:00,economy,,,,17766.0,INR,DEL > SXR > BLR,2026-09-10T21:26:25.067160,verified
Ignav,API,DEL,BLR,2026-09-17,7,Air India Express,"1783, 1216",2026-09-17T07:20:00,2026-09-17T14:15:00,economy,,,,18646.0,INR,DEL > BBI > BLR,2026-09-10T21:26:25.067169,verified
Ignav,API,DEL,BLR,2026-09-17,7,IndiGo,"6293, 6405",2026-09-17T09:55:00,2026-09-17T15:50:00,economy,,,,20142.0,INR,DEL > HYD > BLR,2026-09-10T21:26:25.067178,verified
Ignav,API,DEL,BLR,2026-09-25,15,IndiGo,176,2026-09-25T13:15:00,2026-09-25T16:10:00,economy,,,,8724.0,INR,DEL > BLR,2026-09-10T21:26:25.901778,verified
Ignav,API,DEL,BLR,2026-09-25,15,IndiGo,828,2026-09-25T14:30:00,2026-09-25T17:25:00,economy,,,,8724.0,INR,DEL > BLR,2026-09-10T21:26:25.901809,verified
Ignav,API,DEL,BLR,2026-09-25,15,IndiGo,871,2026-09-25T23:30:00,2026-09-26T02:25:00,economy,,,,8724.0,INR,DEL > BLR,2026-09-10T21:26:25.901819,verified
Ignav,API,DEL,BLR,2026-09-25,15,IndiGo,850,2026-09-25T12:20:00,2026-09-25T15:20:00,economy,,,,8724.0,INR,DEL > BLR,2026-09-10T21:26:25.901828,verified
Ignav,API,DEL,BLR,2026-09-25,15,Air India,2757,2026-09-25T00:15:00,2026-09-25T03:10:00,economy,,,,8731.0,INR,DEL > BLR,2026-09-10T21:26:25.901837,verified
Ignav,API,DEL,BLR,2026-09-25,15,Air India,2653,2026-09-25T04:30:00,2026-09-25T07:20:00,economy,,,,8883.0,INR,DEL > BLR,2026-09-10T21:26:25.901846,verified
Ignav,API,DEL,BLR,2026-09-25,15,Air India Express,5975,2026-09-25T21:00:00,2026-09-25T23:55:00,economy,,,,9173.0,INR,DEL > BLR,2026-09-10T21:26:25.901854,verified
Ignav,API,DEL,BLR,2026-09-25,15,Akasa Air,1812,2026-09-25T22:55:00,2026-09-26T01:45:00,economy,,,,9179.0,INR,DEL > BLR,2026-09-10T21:26:25.901862,verified
Ignav,API,DEL,BLR,2026-09-25,15,Akasa Air,1308,2026-09-25T20:55:00,2026-09-25T23:50:00,economy,,,,9179.0,INR,DEL > BLR,2026-09-10T21:26:25.901870,verified
Ignav,API,DEL,BLR,2026-09-25,15,Akasa Air,1350,2026-09-25T21:55:00,2026-09-26T00:50:00,economy,,,,9179.0,INR,DEL > BLR,2026-09-10T21:26:25.901878,verified
Ignav,API,DEL,BLR,2026-09-25,15,Akasa Air,1822,2026-09-25T16:40:00,2026-09-25T19:40:00,economy,,,,9179.0,INR,DEL > BLR,2026-09-10T21:26:25.901887,verified
Ignav,API,DEL,BLR,2026-09-25,15,Akasa Air,1824,2026-09-25T20:10:00,2026-09-25T23:10:00,economy,,,,9179.0,INR,DEL > BLR,2026-09-10T21:26:25.901895,verified
Ignav,API,DEL,BLR,2026-09-25,15,IndiGo,2314,2026-09-25T05:45:00,2026-09-25T08:40:00,economy,,,,9181.0,INR,DEL > BLR,2026-09-10T21:26:25.901904,verified
Ignav,API,DEL,BLR,2026-09-25,15,IndiGo,810,2026-09-25T07:05:00,2026-09-25T10:00:00,economy,,,,9181.0,INR,DEL > BLR,2026-09-10T21:26:25.901912,verified
Ignav,API,DEL,BLR,2026-09-25,15,IndiGo,846,2026-09-25T22:00:00,2026-09-26T00:55:00,economy,,,,9181.0,INR,DEL > BLR,2026-09-10T21:26:25.901920,verified
Ignav,API,DEL,BLR,2026-09-25,15,Air India,2409,2026-09-25T06:00:00,2026-09-25T08:55:00,economy,,,,9340.0,INR,DEL > BLR,2026-09-10T21:26:25.901928,verified
Ignav,API,DEL,BLR,2026-09-25,15,Air India,2803,2026-09-25T06:30:00,2026-09-25T09:25:00,economy,,,,9340.0,INR,DEL > BLR,2026-09-10T21:26:25.901937,verified
Ignav,API,DEL,BLR,2026-09-25,15,Air India,2815,2026-09-25T07:00:00,2026-09-25T09:55:00,economy,,,,9340.0,INR,DEL > BLR,2026-09-10T21:26:25.901945,verified
Ignav,API,DEL,BLR,2026-09-25,15,Air India,2819,2026-09-25T15:00:00,2026-09-25T17:55:00,economy,,,,9497.0,INR,DEL > BLR,2026-09-10T21:26:25.901953,verified
Ignav,API,DEL,BLR,2026-09-25,15,Air India,2412,2026-09-25T21:30:00,2026-09-26T00:25:00,economy,,,,9576.0,INR,DEL > BLR,2026-09-10T21:26:25.901962,verified
Ignav,API,DEL,BLR,2026-09-25,15,IndiGo,842,2026-09-25T10:45:00,2026-09-25T13:40:00,economy,,,,9666.0,INR,DEL > BLR,2026-09-10T21:26:25.901970,verified
Ignav,API,DEL,BLR,2026-09-25,15,IndiGo,880,2026-09-25T15:45:00,2026-09-25T18:40:00,economy,,,,9666.0,INR,DEL > BLR,2026-09-10T21:26:25.901979,verified
Ignav,API,DEL,BLR,2026-09-25,15,IndiGo,861,2026-09-25T19:30:00,2026-09-25T22:25:00,economy,,,,9666.0,INR,DEL > BLR,2026-09-10T21:26:25.901987,verified
Ignav,API,DEL,BLR,2026-09-25,15,IndiGo,6515,2026-09-25T20:45:00,2026-09-25T23:40:00,economy,,,,9666.0,INR,DEL > BLR,2026-09-10T21:26:25.901995,verified
Ignav,API,DEL,BLR,2026-09-25,15,Air India,2817,2026-09-25T16:30:00,2026-09-25T19:15:00,economy,,,,9823.0,INR,DEL > BLR,2026-09-10T21:26:25.902003,verified
Ignav,API,DEL,BLR,2026-09-25,15,Air India,2485,2026-09-25T10:30:00,2026-09-25T13:20:00,economy,,,,9823.0,INR,DEL > BLR,2026-09-10T21:26:25.902012,verified
Ignav,API,DEL,BLR,2026-09-25,15,Air India,2664,2026-09-25T15:50:00,2026-09-25T18:45:00,economy,,,,9823.0,INR,DEL > BLR,2026-09-10T21:26:25.902020,verified
Ignav,API,DEL,BLR,2026-09-25,15,Air India,2487,2026-09-25T18:30:00,2026-09-25T21:25:00,economy,,,,9823.0,INR,DEL > BLR,2026-09-10T21:26:25.902029,verified
Ignav,API,DEL,BLR,2026-09-25,15,Air India,2512,2026-09-25T19:00:00,2026-09-25T21:55:00,economy,,,,9823.0,INR,DEL > BLR,2026-09-10T21:26:25.902037,verified
Ignav,API,DEL,BLR,2026-09-25,15,Air India,2809,2026-09-25T19:30:00,2026-09-25T22:20:00,economy,,,,9991.0,INR,DEL > BLR,2026-09-10T21:26:25.902045,verified
Ignav,API,DEL,BLR,2026-09-25,15,Air India Express,1070,2026-09-25T18:20:00,2026-09-25T21:15:00,economy,,,,10079.0,INR,DEL > BLR,2026-09-10T21:26:25.902053,verified
Ignav,API,DEL,BLR,2026-09-25,15,IndiGo,811,2026-09-25T18:20:00,2026-09-25T21:10:00,economy,,,,10180.0,INR,DEL > BLR,2026-09-10T21:26:25.902061,verified
Ignav,API,DEL,BLR,2026-09-25,15,IndiGo,837,2026-09-25T17:00:00,2026-09-25T19:55:00,economy,,,,10180.0,INR,DEL > BLR,2026-09-10T21:26:25.902069,verified
Ignav,API,DEL,BLR,2026-09-25,15,Air India,427,2026-09-25T08:30:00,2026-09-25T11:20:00,economy,,,,10337.0,INR,DEL > BLR,2026-09-10T21:26:25.902077,verified
Ignav,API,DEL,BLR,2026-09-25,15,Air India,2417,2026-09-25T13:00:00,2026-09-25T15:55:00,economy,,,,10516.0,INR,DEL > BLR,2026-09-10T21:26:25.902086,verified
Ignav,API,DEL,BLR,2026-09-25,15,IndiGo,873,2026-09-25T08:20:00,2026-09-25T11:10:00,economy,,,,10727.0,INR,DEL > BLR,2026-09-10T21:26:25.902094,verified
Ignav,API,DEL,BLR,2026-09-25,15,IndiGo,826,2026-09-25T09:30:00,2026-09-25T12:25:00,economy,,,,10727.0,INR,DEL > BLR,2026-09-10T21:26:25.902102,verified
Ignav,API,DEL,BLR,2026-09-25,15,Air India,2415,2026-09-25T09:30:00,2026-09-25T12:25:00,economy,,,,10883.0,INR,DEL > BLR,2026-09-10T21:26:25.902110,verified
Ignav,API,DEL,BLR,2026-09-25,15,IndiGo,820,2026-09-25T03:00:00,2026-09-25T05:55:00,economy,,,,11309.0,INR,DEL > BLR,2026-09-10T21:26:25.902118,verified
Ignav,API,DEL,BLR,2026-10-10,30,Akasa Air,1822,2026-10-10T16:40:00,2026-10-10T19:40:00,economy,,,,8652.0,INR,DEL > BLR,2026-09-10T21:26:27.277754,verified
Ignav,API,DEL,BLR,2026-10-10,30,IndiGo,873,2026-10-10T08:20:00,2026-10-10T11:10:00,economy,,,,8720.0,INR,DEL > BLR,2026-09-10T21:26:27.277783,verified
Ignav,API,DEL,BLR,2026-10-10,30,IndiGo,2314,2026-10-10T05:45:00,2026-10-10T08:40:00,economy,,,,8720.0,INR,DEL > BLR,2026-09-10T21:26:27.277792,verified
Ignav,API,DEL,BLR,2026-10-10,30,IndiGo,837,2026-10-10T17:00:00,2026-10-10T19:55:00,economy,,,,8720.0,INR,DEL > BLR,2026-09-10T21:26:27.277799,verified
Ignav,API,DEL,BLR,2026-10-10,30,IndiGo,871,2026-10-10T23:30:00,2026-10-11T02:25:00,economy,,,,8720.0,INR,DEL > BLR,2026-09-10T21:26:27.277807,verified
Ignav,API,DEL,BLR,2026-10-10,30,Air India,2817,2026-10-10T16:30:00,2026-10-10T19:15:00,economy,,,,8750.0,INR,DEL > BLR,2026-09-10T21:26:27.277815,verified
Ignav,API,DEL,BLR,2026-10-10,30,Akasa Air,1812,2026-10-10T22:55:00,2026-10-11T02:05:00,economy,,,,8812.0,INR,DEL > BLR,2026-09-10T21:26:27.277823,verified
Ignav,API,DEL,BLR,2026-10-10,30,IndiGo,828,2026-10-10T14:30:00,2026-10-10T17:25:00,economy,,,,8829.0,INR,DEL > BLR,2026-09-10T21:26:27.277830,verified
Ignav,API,DEL,BLR,2026-10-10,30,Air India Express,"1024, 1347",2026-10-10T18:40:00,2026-10-11T08:00:00,economy,,,,8934.0,INR,DEL > NMI > BLR,2026-09-10T21:26:27.277839,verified
Ignav,API,DEL,BLR,2026-10-10,30,Air India Express,"1038, 1347",2026-10-10T17:35:00,2026-10-11T08:00:00,economy,,,,8934.0,INR,DEL > NMI > BLR,2026-09-10T21:26:27.277847,verified
Ignav,API,DEL,BLR,2026-10-10,30,Air India Express,"1076, 2963",2026-10-10T09:00:00,2026-10-10T15:25:00,economy,,,,8970.0,INR,DEL > IXB > BLR,2026-09-10T21:26:27.277855,verified
Ignav,API,DEL,BLR,2026-10-10,30,Air India Express,"1067, 2963",2026-10-10T06:10:00,2026-10-10T15:25:00,economy,,,,8970.0,INR,DEL > IXB > BLR,2026-09-10T21:26:27.277872,verified
Ignav,API,DEL,BLR,2026-10-10,30,Air India Express,1070,2026-10-10T22:00:00,2026-10-11T00:55:00,economy,,,,9028.0,INR,DEL > BLR,2026-09-10T21:26:27.277879,verified
Ignav,API,DEL,BLR,2026-10-10,30,Akasa Air,1350,2026-10-10T21:55:00,2026-10-11T00:50:00,economy,,,,9141.0,INR,DEL > BLR,2026-09-10T21:26:27.277887,verified
Ignav,API,DEL,BLR,2026-10-10,30,Air India Express,"1046, 1244",2026-10-10T06:30:00,2026-10-10T12:00:00,economy,,,,9176.0,INR,DEL > IXR > BLR,2026-09-10T21:26:27.277895,verified
Ignav,API,DEL,BLR,2026-10-10,30,Air India Express,"1165, 1503",2026-10-10T06:00:00,2026-10-10T12:20:00,economy,,,,9176.0,INR,DEL > LKO > BLR,2026-09-10T21:26:27.277903,verified
Ignav,API,DEL,BLR,2026-10-10,30,Air India Express,"1046, 1530",2026-10-10T06:30:00,2026-10-10T14:40:00,economy,,,,9176.0,INR,DEL > IXR > BLR,2026-09-10T21:26:27.277910,verified
Ignav,API,DEL,BLR,2026-10-10,30,Air India Express,"1257, 2706",2026-10-10T22:25:00,2026-10-11T07:25:00,economy,,,,9176.0,INR,DEL > PNQ > BLR,2026-09-10T21:26:27.277918,verified
Ignav,API,DEL,BLR,2026-10-10,30,Air India Express,"1346, 2817",2026-10-10T06:10:00,2026-10-10T16:00:00,economy,,,,9176.0,INR,DEL > PAT > BLR,2026-09-10T21:26:27.277925,verified
Ignav,API,DEL,BLR,2026-10-10,30,IndiGo,811,2026-10-10T18:20:00,2026-10-10T21:10:00,economy,,,,9177.0,INR,DEL > BLR,2026-09-10T21:26:27.277932,verified
Ignav,API,DEL,BLR,2026-10-10,30,IndiGo,820,2026-10-10T03:00:00,2026-10-10T05:55:00,economy,,,,9177.0,INR,DEL > BLR,2026-09-10T21:26:27.277939,verified
Ignav,API,DEL,BLR,2026-10-10,30,IndiGo,826,2026-10-10T09:30:00,2026-10-10T12:25:00,economy,,,,9177.0,INR,DEL > BLR,2026-09-10T21:26:27.277946,verified
Ignav,API,DEL,BLR,2026-10-10,30,IndiGo,880,2026-10-10T15:45:00,2026-10-10T18:40:00,economy,,,,9177.0,INR,DEL > BLR,2026-09-10T21:26:27.277953,verified
Ignav,API,DEL,BLR,2026-10-10,30,IndiGo,6515,2026-10-10T20:45:00,2026-10-10T23:40:00,economy,,,,9177.0,INR,DEL > BLR,2026-09-10T21:26:27.277960,verified
Ignav,API,DEL,BLR,2026-10-10,30,IndiGo,850,2026-10-10T12:15:00,2026-10-10T15:20:00,economy,,,,9177.0,INR,DEL > BLR,2026-09-10T21:26:27.277967,verified
Ignav,API,DEL,BLR,2026-10-10,30,Akasa Air,1824,2026-10-10T20:50:00,2026-10-10T23:50:00,economy,,,,9311.0,INR,DEL > BLR,2026-09-10T21:26:27.277974,verified
Ignav,API,DEL,BLR,2026-10-10,30,IndiGo,"6476, 325",2026-10-10T07:05:00,2026-10-10T13:10:00,economy,,,,9370.0,INR,DEL > LKO > BLR,2026-09-10T21:26:27.277982,verified
Ignav,API,DEL,BLR,2026-10-10,30,Air India,2757,2026-10-10T00:15:00,2026-10-10T03:10:00,economy,,,,9437.0,INR,DEL > BLR,2026-09-10T21:26:27.277988,verified
Ignav,API,DEL,BLR,2026-10-10,30,Air India Express,"1273, 1408",2026-10-10T12:05:00,2026-10-10T20:05:00,economy,,,,9439.0,INR,DEL > IXB > BLR,2026-09-10T21:26:27.277996,verified
Ignav,API,DEL,BLR,2026-10-10,30,Air India,2409,2026-10-10T06:00:00,2026-10-10T08:55:00,economy,,,,9580.0,INR,DEL > BLR,2026-09-10T21:26:27.278003,verified
Ignav,API,DEL,BLR,2026-10-10,30,Air India,2803,2026-10-10T06:30:00,2026-10-10T09:25:00,economy,,,,9580.0,INR,DEL > BLR,2026-09-10T21:26:27.278010,verified
Ignav,API,DEL,BLR,2026-10-10,30,Air India,2664,2026-10-10T15:50:00,2026-10-10T18:45:00,economy,,,,9580.0,INR,DEL > BLR,2026-09-10T21:26:27.278016,verified
Ignav,API,DEL,BLR,2026-10-10,30,Air India,2813,2026-10-10T18:00:00,2026-10-10T20:55:00,economy,,,,9580.0,INR,DEL > BLR,2026-09-10T21:26:27.278023,verified
Ignav,API,DEL,BLR,2026-10-10,30,Air India,2487,2026-10-10T18:30:00,2026-10-10T21:25:00,economy,,,,9580.0,INR,DEL > BLR,2026-09-10T21:26:27.278030,verified
Ignav,API,DEL,BLR,2026-10-10,30,Air India,2512,2026-10-10T19:00:00,2026-10-10T21:55:00,economy,,,,9580.0,INR,DEL > BLR,2026-09-10T21:26:27.278037,verified
Ignav,API,DEL,BLR,2026-10-10,30,Air India Express,"1057, 1216",2026-10-10T06:20:00,2026-10-10T14:15:00,economy,,,,9645.0,INR,DEL > BBI > BLR,2026-09-10T21:26:27.278045,verified
Ignav,API,DEL,BLR,2026-10-10,30,IndiGo,6054,2026-10-10T01:05:00,2026-10-10T04:00:00,economy,,,,9662.0,INR,DEL > BLR,2026-09-10T21:26:27.278052,verified
Ignav,API,DEL,BLR,2026-10-10,30,Air India,427,2026-10-10T08:30:00,2026-10-10T11:20:00,economy,,,,9737.0,INR,DEL > BLR,2026-09-10T21:26:27.278059,verified
Ignav,API,DEL,BLR,2026-10-10,30,Air India Express,"1054, 2176",2026-10-10T12:05:00,2026-10-10T23:20:00,economy,,,,9794.0,INR,DEL > IXR > BLR,2026-09-10T21:26:27.278066,verified
Ignav,API,DEL,BLR,2026-10-10,30,IndiGo,"6433, 6432",2026-10-10T16:30:00,2026-10-10T21:20:00,economy,,,,9811.0,INR,DEL > NAG > BLR,2026-09-10T21:26:27.278083,verified
Ignav,API,DEL,BLR,2026-10-10,30,Air India Express,"1035, 2932",2026-10-10T08:10:00,2026-10-10T15:45:00,economy,,,,9851.0,INR,DEL > GAU > BLR,2026-09-10T21:26:27.278090,verified
Ignav,API,DEL,BLR,2026-10-10,30,Air India Express,"1035, 2882",2026-10-10T08:10:00,2026-10-10T16:30:00,economy,,,,9851.0,INR,DEL > GAU > BLR,2026-09-10T21:26:27.278097,verified
Ignav,API,DEL,BLR,2026-10-10,30,IndiGo,"717, 6505",2026-10-10T17:55:00,2026-10-10T22:50:00,economy,,,,9890.0,INR,DEL > HYD > BLR,2026-09-10T21:26:27.278105,verified
Ignav,API,DEL,BLR,2026-10-10,30,IndiGo,"6217, 285",2026-10-10T16:15:00,2026-10-10T21:20:00,economy,,,,9890.0,INR,DEL > HYD > BLR,2026-09-10T21:26:27.278113,verified
Ignav,API,DEL,BLR,2026-10-10,30,IndiGo,"6212, 6783",2026-10-10T14:45:00,2026-10-10T20:05:00,economy,,,,9890.0,INR,DEL > HYD > BLR,2026-09-10T21:26:27.278120,verified
Ignav,API,DEL,BLR,2026-10-10,30,IndiGo,"704, 413",2026-10-10T02:25:00,2026-10-10T07:50:00,economy,,,,9890.0,INR,DEL > HYD > BLR,2026-09-10T21:26:27.278127,verified
Ignav,API,DEL,BLR,2026-10-10,30,IndiGo,"6282, 6417",2026-10-10T13:30:00,2026-10-10T19:05:00,economy,,,,9890.0,INR,DEL > HYD > BLR,2026-09-10T21:26:27.278135,verified
Ignav,API,DEL,BLR,2026-10-10,30,Air India,2485,2026-10-10T10:30:00,2026-10-10T13:20:00,economy,,,,9894.0,INR,DEL > BLR,2026-09-10T21:26:27.278142,verified
Ignav,API,DEL,BLR,2026-10-10,30,IndiGo,"5073, 481",2026-10-10T17:05:00,2026-10-10T22:05:00,economy,,,,10021.0,INR,DEL > AMD > BLR,2026-09-10T21:26:27.278149,verified
Ignav,API,DEL,BLR,2026-10-10,30,IndiGo,"6179, 499",2026-10-10T18:30:00,2026-10-10T23:35:00,economy,,,,10021.0,INR,DEL > VNS > BLR,2026-09-10T21:26:27.278157,verified
Ignav,API,DEL,BLR,2026-10-10,30,IndiGo,"6488, 6739",2026-10-10T11:20:00,2026-10-10T16:45:00,economy,,,,10021.0,INR,DEL > IDR > BLR,2026-09-10T21:26:27.278164,verified
Ignav,API,DEL,BLR,2026-10-10,30,IndiGo,"329, 6188",2026-10-10T18:00:00,2026-10-10T23:25:00,economy,,,,10021.0,INR,DEL > BOM > BLR,2026-09-10T21:26:27.278172,verified
Ignav,API,DEL,BLR,2026-10-10,30,IndiGo,"5119, 823",2026-10-10T05:10:00,2026-10-10T10:45:00,economy,,,,10021.0,INR,DEL > AMD > BLR,2026-09-10T21:26:27.278179,verified
Ignav,API,DEL,BLR,2026-10-10,30,IndiGo,"734, 979",2026-10-10T16:20:00,2026-10-10T21:55:00,economy,,,,10021.0,INR,DEL > RPR > BLR,2026-09-10T21:26:27.278187,verified
Ignav,API,DEL,BLR,2026-10-10,30,Air India,2653,2026-10-10T04:30:00,2026-10-10T07:20:00,economy,,,,10041.0,INR,DEL > BLR,2026-09-10T21:26:27.278194,verified
Ignav,API,DEL,BLR,2026-10-10,30,Air India,2415,2026-10-10T09:30:00,2026-10-10T12:25:00,economy,,,,10041.0,INR,DEL > BLR,2026-09-10T21:26:27.278201,verified
Ignav,API,DEL,BLR,2026-10-10,30,Air India,2412,2026-10-10T21:30:00,2026-10-11T00:25:00,economy,,,,10041.0,INR,DEL > BLR,2026-09-10T21:26:27.278208,verified
Ignav,API,DEL,BLR,2026-10-10,30,Air India Express,"1783, 1216",2026-10-10T07:20:00,2026-10-10T14:15:00,economy,,,,10057.0,INR,DEL > BBI > BLR,2026-09-10T21:26:27.278215,verified
Ignav,API,DEL,BLR,2026-10-10,30,IndiGo,"6569, 393",2026-10-10T05:00:00,2026-10-10T10:45:00,economy,,,,10077.0,INR,DEL > BHO > BLR,2026-09-10T21:26:27.278223,verified
Ignav,API,DEL,BLR,2026-10-10,30,IndiGo,"6459, 406",2026-10-10T05:55:00,2026-10-10T11:50:00,economy,,,,10077.0,INR,DEL > RPR > BLR,2026-09-10T21:26:27.278245,verified
Ignav,API,DEL,BLR,2026-10-10,30,IndiGo,"950, 796",2026-10-10T18:15:00,2026-10-10T23:00:00,economy,,,,10100.0,INR,DEL > MAA > BLR,2026-09-10T21:26:27.278256,verified
Ignav,API,DEL,BLR,2026-10-10,30,IndiGo,"6091, 189",2026-10-10T15:15:00,2026-10-10T20:10:00,economy,,,,10100.0,INR,DEL > MAA > BLR,2026-09-10T21:26:27.278265,verified
Ignav,API,DEL,BLR,2026-10-10,30,IndiGo,"933, 6081",2026-10-10T02:55:00,2026-10-10T08:05:00,economy,,,,10100.0,INR,DEL > MAA > BLR,2026-09-10T21:26:27.278272,verified
Ignav,API,DEL,BLR,2026-10-10,30,IndiGo,"6632, 593",2026-10-10T17:50:00,2026-10-10T23:00:00,economy,,,,10100.0,INR,DEL > IXC > BLR,2026-09-10T21:26:27.278279,verified
Ignav,API,DEL,BLR,2026-10-10,30,IndiGo,"2277, 633",2026-10-10T10:25:00,2026-10-10T15:45:00,economy,,,,10100.0,INR,DEL > GOI > BLR,2026-09-10T21:26:27.278287,verified
Ignav,API,DEL,BLR,2026-10-10,30,IndiGo,"2150, 6557",2026-10-10T16:55:00,2026-10-10T22:15:00,economy,,,,10100.0,INR,DEL > GOI > BLR,2026-09-10T21:26:27.278294,verified
Ignav,API,DEL,BLR,2026-10-10,30,IndiGo,"6115, 365",2026-10-10T13:10:00,2026-10-10T18:45:00,economy,,,,10100.0,INR,DEL > MAA > BLR,2026-09-10T21:26:27.278302,verified
Ignav,API,DEL,BLR,2026-10-10,30,IndiGo,"5038, 429",2026-10-10T14:00:00,2026-10-10T19:40:00,economy,,,,10100.0,INR,DEL > IXC > BLR,2026-09-10T21:26:27.278310,verified
Ignav,API,DEL,BLR,2026-10-10,30,IndiGo,"5033, 556",2026-10-10T15:50:00,2026-10-10T21:35:00,economy,,,,10156.0,INR,DEL > JAI > BLR,2026-09-10T21:26:27.278317,verified
Ignav,API,DEL,BLR,2026-10-10,30,Air India Express,"1076, 1408",2026-10-10T09:00:00,2026-10-10T20:05:00,economy,,,,10284.0,INR,DEL > IXB > BLR,2026-09-10T21:26:27.278325,verified
Ignav,API,DEL,BLR,2026-10-10,30,Air India Express,"1067, 1408",2026-10-10T06:10:00,2026-10-10T20:05:00,economy,,,,10284.0,INR,DEL > IXB > BLR,2026-09-10T21:26:27.278332,verified
Ignav,API,DEL,BLR,2026-10-10,30,IndiGo,"6497, 6452",2026-10-10T18:40:00,2026-10-11T00:25:00,economy,,,,10287.0,INR,DEL > PAT > BLR,2026-09-10T21:26:27.278340,verified
Ignav,API,DEL,BLR,2026-10-10,30,IndiGo,"2769, 805",2026-10-10T08:10:00,2026-10-10T14:05:00,economy,,,,10287.0,INR,DEL > PAT > BLR,2026-09-10T21:26:27.278347,verified
Ignav,API,DEL,BLR,2026-10-10,30,IndiGo,"2482, 6121",2026-10-10T19:55:00,2026-10-11T02:00:00,economy,,,,10287.0,INR,DEL > PAT > BLR,2026-09-10T21:26:27.278355,verified
Ignav,API,DEL,BLR,2026-10-10,30,Air India,"2499, 9748",2026-10-10T06:00:00,2026-10-10T12:20:00,economy,,,,10294.0,INR,DEL > LKO > BLR,2026-09-10T21:26:27.278363,verified
Ignav,API,DEL,BLR,2026-10-10,30,Air India,"2569, 9748",2026-10-10T20:30:00,2026-10-11T12:20:00,economy,,,,10294.0,INR,DEL > LKO > BLR,2026-09-10T21:26:27.278370,verified
Ignav,API,DEL,BLR,2026-10-10,30,Air India,"1710, 9748",2026-10-10T18:35:00,2026-10-11T12:20:00,economy,,,,10294.0,INR,DEL > LKO > BLR,2026-09-10T21:26:27.278378,verified
Ignav,API,DEL,BLR,2026-10-10,30,IndiGo,"754, 472",2026-10-10T17:10:00,2026-10-10T22:50:00,economy,,,,10314.0,INR,DEL > COK > BLR,2026-09-10T21:26:27.278386,verified
Ignav,API,DEL,BLR,2026-10-10,30,Air India Express,2749,2026-10-10T10:25:00,2026-10-10T13:20:00,economy,,,,10349.0,INR,DEL > BLR,2026-09-10T21:26:27.278393,verified
Ignav,API,DEL,BLR,2026-10-10,30,IndiGo,"2487, 958",2026-10-10T11:50:00,2026-10-10T17:50:00,economy,,,,10497.0,INR,DEL > CCU > BLR,2026-09-10T21:26:27.278400,verified
Ignav,API,DEL,BLR,2026-10-10,30,Air India,2819,2026-10-10T15:00:00,2026-10-10T17:55:00,economy,,,,10705.0,INR,DEL > BLR,2026-09-10T21:26:27.278407,verified
Ignav,API,DEL,BLR,2026-10-10,30,IndiGo,"758, 7378",2026-10-10T16:10:00,2026-10-10T21:50:00,economy,,,,10720.0,INR,DEL > HBX > BLR,2026-09-10T21:26:27.278415,verified
Ignav,API,DEL,BLR,2026-10-10,30,IndiGo,810,2026-10-10T07:05:00,2026-10-10T10:00:00,economy,,,,10724.0,INR,DEL > BLR,2026-09-10T21:26:27.278422,verified
Ignav,API,DEL,BLR,2026-10-10,30,IndiGo,846,2026-10-10T22:00:00,2026-10-11T00:55:00,economy,,,,10724.0,INR,DEL > BLR,2026-09-10T21:26:27.278429,verified
Ignav,API,DEL,BLR,2026-10-10,30,Air India,9431,2026-10-10T22:00:00,2026-10-11T00:55:00,economy,,,,10821.0,INR,DEL > BLR,2026-09-10T21:26:27.278436,verified
Ignav,API,DEL,BLR,2026-10-10,30,Air India,2815,2026-10-10T07:00:00,2026-10-10T09:55:00,economy,,,,11048.0,INR,DEL > BLR,2026-09-10T21:26:27.278443,verified
Ignav,API,DEL,BLR,2026-10-10,30,IndiGo,"6673, 361",2026-10-10T21:15:00,2026-10-11T02:55:00,economy,,,,11049.0,INR,DEL > PNQ > BLR,2026-09-10T21:26:27.278450,verified
Ignav,API,DEL,BLR,2026-10-10,30,Air India,"2469, 9807",2026-10-10T04:45:00,2026-10-10T20:40:00,economy,,,,11113.0,INR,DEL > PNQ > BLR,2026-09-10T21:26:27.278457,verified
Ignav,API,DEL,BLR,2026-10-10,30,Air India,"2469, 9931",2026-10-10T04:45:00,2026-10-11T01:40:00,economy,,,,11113.0,INR,DEL > PNQ > BLR,2026-09-10T21:26:27.278465,verified
Ignav,API,DEL,BLR,2026-10-10,30,Air India Express,"1811, 1896",2026-10-10T06:50:00,2026-10-10T15:00:00,economy,,,,11151.0,INR,DEL > COK > BLR,2026-09-10T21:26:27.278474,verified
Ignav,API,DEL,BLR,2026-10-10,30,IndiGo,"5191, 496",2026-10-10T05:00:00,2026-10-10T11:00:00,economy,,,,11271.0,INR,DEL > CCU > BLR,2026-09-10T21:26:27.278482,verified
Ignav,API,DEL,BLR,2026-10-10,30,IndiGo,176,2026-10-10T13:15:00,2026-10-10T16:10:00,economy,,,,11306.0,INR,DEL > BLR,2026-09-10T21:26:27.278489,verified
Ignav,API,DEL,BLR,2026-10-10,30,Air India,2809,2026-10-10T19:30:00,2026-10-10T22:20:00,economy,,,,11602.0,INR,DEL > BLR,2026-09-10T21:26:27.278496,verified
Ignav,API,DEL,BLR,2026-10-10,30,Air India,2417,2026-10-10T13:00:00,2026-10-10T15:55:00,economy,,,,12096.0,INR,DEL > BLR,2026-09-10T21:26:27.278502,verified
Ignav,API,DEL,BLR,2026-10-10,30,Air India Express,"1980, 1168",2026-10-10T09:55:00,2026-10-10T18:50:00,economy,,,,12488.0,INR,DEL > SXR > BLR,2026-09-10T21:26:27.278510,verified
Ignav,API,DEL,BLR,2026-10-10,30,Air India Express,"1068, 2004",2026-10-10T11:55:00,2026-10-10T20:10:00,economy,,,,13109.0,INR,DEL > GOI > BLR,2026-09-10T21:26:27.278518,verified
Ignav,API,DEL,BLR,2026-10-10,30,Air India,9401,2026-10-10T10:25:00,2026-10-10T13:20:00,economy,,,,13371.0,INR,DEL > BLR,2026-09-10T21:26:27.278525,verified
Ignav,API,DEL,BLR,2026-10-10,30,IndiGo,"705, 311",2026-10-10T08:30:00,2026-10-10T14:10:00,economy,,,,13541.0,INR,DEL > HYD > BLR,2026-09-10T21:26:27.278532,verified
Ignav,API,DEL,BLR,2026-10-10,30,Air India Express,"1090, 1368",2026-10-10T13:10:00,2026-10-10T19:05:00,economy,,,,13891.0,INR,DEL > IDR > BLR,2026-09-10T21:26:27.278540,verified
Ignav,API,DEL,BLR,2026-10-10,30,Air India,"441, 2401",2026-10-10T17:00:00,2026-10-10T22:45:00,economy,,,,15631.0,INR,DEL > BOM > BLR,2026-09-10T21:26:27.278547,verified
Ignav,API,DEL,BLR,2026-10-10,30,Air India,"1777, 2865",2026-10-10T16:00:00,2026-10-10T21:50:00,economy,,,,15631.0,INR,DEL > BOM > BLR,2026-09-10T21:26:27.278555,verified
Ignav,API,DEL,BLR,2026-10-10,30,Air India,"2933, 2865",2026-10-10T15:30:00,2026-10-10T21:50:00,economy,,,,15631.0,INR,DEL > BOM > BLR,2026-09-10T21:26:27.278562,verified
Ignav,API,DEL,BLR,2026-10-10,30,Air India,"1777, 2401",2026-10-10T16:00:00,2026-10-10T22:45:00,economy,,,,15631.0,INR,DEL > BOM > BLR,2026-09-10T21:26:27.278569,verified
Ignav,API,DEL,BLR,2026-10-10,30,Air India,"2963, 2632",2026-10-10T09:00:00,2026-10-10T14:05:00,economy,,,,15764.0,INR,DEL > BOM > BLR,2026-09-10T21:26:27.278576,verified
Ignav,API,DEL,BLR,2026-10-10,30,Air India,"2678, 2632",2026-10-10T08:30:00,2026-10-10T14:05:00,economy,,,,15764.0,INR,DEL > BOM > BLR,2026-09-10T21:26:27.278583,verified
Ignav,API,DEL,BLR,2026-10-10,30,Air India,"1785, 2853",2026-10-10T12:00:00,2026-10-10T17:35:00,economy,,,,15764.0,INR,DEL > BOM > BLR,2026-09-10T21:26:27.278592,verified
Ignav,API,DEL,BLR,2026-10-10,30,Air India,"2943, 2632",2026-10-10T07:30:00,2026-10-10T14:05:00,economy,,,,15764.0,INR,DEL > BOM > BLR,2026-09-10T21:26:27.278600,verified
Ignav,API,DEL,BLR,2026-10-10,30,Air India,"2945, 2853",2026-10-10T11:00:00,2026-10-10T17:35:00,economy,,,,15764.0,INR,DEL > BOM > BLR,2026-09-10T21:26:27.278607,verified
Ignav,API,DEL,BLR,2026-10-10,30,Air India,"2433, 2812",2026-10-10T21:30:00,2026-10-11T04:10:00,economy,,,,15820.0,INR,DEL > BOM > BLR,2026-09-10T21:26:27.278615,verified
Ignav,API,DEL,BLR,2026-10-10,30,Air India,"2441, 2849",2026-10-10T14:10:00,2026-10-10T19:35:00,economy,,,,15899.0,INR,DEL > BOM > BLR,2026-09-10T21:26:27.278623,verified
Ignav,API,DEL,BLR,2026-10-10,30,Air India,"2975, 2863",2026-10-10T06:30:00,2026-10-10T12:05:00,economy,,,,15899.0,INR,DEL > BOM > BLR,2026-09-10T21:26:27.278630,verified
Ignav,API,DEL,BLR,2026-10-10,30,Air India,"2441, 2641",2026-10-10T14:10:00,2026-10-10T20:35:00,economy,,,,15899.0,INR,DEL > BOM > BLR,2026-09-10T21:26:27.278638,verified
Ignav,API,DEL,BLR,2026-10-10,30,Air India,"2951, 2849",2026-10-10T13:30:00,2026-10-10T19:35:00,economy,,,,16649.0,INR,DEL > BOM > BLR,2026-09-10T21:26:27.278645,verified
Ignav,API,DEL,BLR,2026-10-10,30,Air India Express,"1085, 2959",2026-10-10T12:55:00,2026-10-10T23:30:00,economy,,,,17364.0,INR,DEL > GAU > BLR,2026-09-10T21:26:27.278654,verified
Ignav,API,DEL,BLR,2026-10-10,30,IndiGo,842,2026-10-10T10:45:00,2026-10-10T13:40:00,economy,,,,17461.0,INR,DEL > BLR,2026-09-10T21:26:27.278661,verified
Ignav,API,DEL,BLR,2026-10-10,30,IndiGo,861,2026-10-10T19:30:00,2026-10-10T22:25:00,economy,,,,18460.0,INR,DEL > BLR,2026-09-10T21:26:27.278667,verified
Ignav,API,DEL,BLR,2026-10-10,30,Air India Express,"1812, 2115",2026-10-10T11:15:00,2026-10-10T20:00:00,economy,,,,18751.0,INR,DEL > COK > BLR,2026-09-10T21:26:27.278675,verified
Ignav,API,DEL,BLR,2026-10-10,30,Air India Express,"1032, 2932",2026-10-10T05:45:00,2026-10-10T15:45:00,economy,,,,19976.0,INR,DEL > GAU > BLR,2026-09-10T21:26:27.278682,verified
Ignav,API,DEL,BLR,2026-10-25,45,IndiGo,"2402, 6864",2026-10-25T06:30:00,2026-10-25T11:30:00,economy,,,,9762.0,INR,DEL > NAG > BLR,2026-09-10T21:26:28.144178,verified
Ignav,API,DEL,BLR,2026-10-25,45,IndiGo,"2177, 6803",2026-10-25T18:50:00,2026-10-26T00:05:00,economy,,,,9762.0,INR,DEL > NAG > BLR,2026-09-10T21:26:28.144208,verified
Ignav,API,DEL,BLR,2026-10-25,45,IndiGo,"6293, 6405",2026-10-25T10:00:00,2026-10-25T14:50:00,economy,,,,9841.0,INR,DEL > HYD > BLR,2026-09-10T21:26:28.144219,verified
Ignav,API,DEL,BLR,2026-10-25,45,IndiGo,"2150, 797",2026-10-25T17:05:00,2026-10-25T22:05:00,economy,,,,10051.0,INR,DEL > GOI > BLR,2026-09-10T21:26:28.144228,verified
Ignav,API,DEL,BLR,2026-10-25,45,IndiGo,"6131, 373",2026-10-25T21:10:00,2026-10-26T02:10:00,economy,,,,10051.0,INR,DEL > JAI > BLR,2026-09-10T21:26:28.144237,verified
Ignav,API,DEL,BLR,2026-10-25,45,IndiGo,"2140, 6859",2026-10-25T17:30:00,2026-10-25T22:35:00,economy,,,,10051.0,INR,DEL > IXE > BLR,2026-09-10T21:26:28.144246,verified
Ignav,API,DEL,BLR,2026-10-25,45,IndiGo,"769, 7252",2026-10-25T17:40:00,2026-10-25T23:15:00,economy,,,,10051.0,INR,DEL > TRZ > BLR,2026-09-10T21:26:28.144255,verified
Ignav,API,DEL,BLR,2026-10-25,45,IndiGo,"6076, 556",2026-10-25T15:45:00,2026-10-25T21:25:00,economy,,,,10051.0,INR,DEL > JAI > BLR,2026-09-10T21:26:28.144264,verified
Ignav,API,DEL,BLR,2026-10-25,45,IndiGo,"6699, 6036",2026-10-25T10:15:00,2026-10-25T16:00:00,economy,,,,10051.0,INR,DEL > KNU > BLR,2026-09-10T21:26:28.144272,verified
Ignav,API,DEL,BLR,2026-10-25,45,Air India Express,"1080, 1347",2026-10-25T05:30:00,2026-10-25T19:10:00,economy,,,,10434.0,INR,DEL > NMI > BLR,2026-09-10T21:26:28.144280,verified
Ignav,API,DEL,BLR,2026-10-25,45,IndiGo,2314,2026-10-25T05:45:00,2026-10-25T08:40:00,economy,,,,11223.0,INR,DEL > BLR,2026-09-10T21:26:28.144289,verified
Ignav,API,DEL,BLR,2026-10-25,45,IndiGo,846,2026-10-25T22:00:00,2026-10-26T00:55:00,economy,,,,11223.0,INR,DEL > BLR,2026-09-10T21:26:28.144297,verified
Ignav,API,DEL,BLR,2026-10-25,45,IndiGo,871,2026-10-25T23:30:00,2026-10-26T02:25:00,economy,,,,11223.0,INR,DEL > BLR,2026-09-10T21:26:28.144304,verified
Ignav,API,DEL,BLR,2026-10-25,45,Akasa Air,1812,2026-10-25T22:55:00,2026-10-26T02:00:00,economy,,,,11368.0,INR,DEL > BLR,2026-09-10T21:26:28.144312,verified
Ignav,API,DEL,BLR,2026-10-25,45,Air India Express,1261,2026-10-25T07:30:00,2026-10-25T10:25:00,economy,,,,11559.0,INR,DEL > BLR,2026-09-10T21:26:28.144320,verified
Ignav,API,DEL,BLR,2026-10-25,45,Air India Express,1525,2026-10-25T08:40:00,2026-10-25T11:35:00,economy,,,,11559.0,INR,DEL > BLR,2026-09-10T21:26:28.144327,verified
Ignav,API,DEL,BLR,2026-10-25,45,IndiGo,820,2026-10-25T02:45:00,2026-10-25T05:40:00,economy,,,,11751.0,INR,DEL > BLR,2026-09-10T21:26:28.144334,verified
Ignav,API,DEL,BLR,2026-10-25,45,IndiGo,873,2026-10-25T08:15:00,2026-10-25T11:10:00,economy,,,,11751.0,INR,DEL > BLR,2026-09-10T21:26:28.144342,verified
Ignav,API,DEL,BLR,2026-10-25,45,SpiceJet,614,2026-10-25T06:30:00,2026-10-25T09:25:00,economy,,,,11774.0,INR,DEL > BLR,2026-09-10T21:26:28.144349,verified
Ignav,API,DEL,BLR,2026-10-25,45,Air India,2757,2026-10-25T00:15:00,2026-10-25T03:05:00,economy,,,,12012.0,INR,DEL > BLR,2026-09-10T21:26:28.144357,verified
Ignav,API,DEL,BLR,2026-10-25,45,IndiGo,810,2026-10-25T06:45:00,2026-10-25T09:40:00,economy,,,,12308.0,INR,DEL > BLR,2026-09-10T21:26:28.144364,verified
Ignav,API,DEL,BLR,2026-10-25,45,IndiGo,826,2026-10-25T09:30:00,2026-10-25T12:25:00,economy,,,,12308.0,INR,DEL > BLR,2026-09-10T21:26:28.144372,verified
Ignav,API,DEL,BLR,2026-10-25,45,Air India,2515,2026-10-25T22:00:00,2026-10-26T00:55:00,economy,,,,12463.0,INR,DEL > BLR,2026-09-10T21:26:28.144380,verified
Ignav,API,DEL,BLR,2026-10-25,45,SpiceJet,142,2026-10-25T20:50:00,2026-10-25T23:40:00,economy,,,,12466.0,INR,DEL > BLR,2026-09-10T21:26:28.144388,verified
Ignav,API,DEL,BLR,2026-10-25,45,Air India Express,1071,2026-10-25T20:50:00,2026-10-25T23:45:00,economy,,,,12831.0,INR,DEL > BLR,2026-09-10T21:26:28.144396,verified
Ignav,API,DEL,BLR,2026-10-25,45,IndiGo,837,2026-10-25T17:00:00,2026-10-25T19:55:00,economy,,,,12895.0,INR,DEL > BLR,2026-09-10T21:26:28.144404,verified
Ignav,API,DEL,BLR,2026-10-25,45,IndiGo,811,2026-10-25T18:15:00,2026-10-25T21:10:00,economy,,,,12895.0,INR,DEL > BLR,2026-09-10T21:26:28.144412,verified
Ignav,API,DEL,BLR,2026-10-25,45,Akasa Air,1827,2026-10-25T19:55:00,2026-10-25T22:50:00,economy,,,,13146.0,INR,DEL > BLR,2026-09-10T21:26:28.144420,verified
Ignav,API,DEL,BLR,2026-10-25,45,IndiGo,842,2026-10-25T10:45:00,2026-10-25T13:40:00,economy,,,,13513.0,INR,DEL > BLR,2026-09-10T21:26:28.144427,verified
Ignav,API,DEL,BLR,2026-10-25,45,IndiGo,850,2026-10-25T12:00:00,2026-10-25T14:55:00,economy,,,,13513.0,INR,DEL > BLR,2026-09-10T21:26:28.144435,verified
Ignav,API,DEL,BLR,2026-10-25,45,IndiGo,2329,2026-10-25T14:30:00,2026-10-25T17:25:00,economy,,,,13513.0,INR,DEL > BLR,2026-09-10T21:26:28.144442,verified
Ignav,API,DEL,BLR,2026-10-25,45,IndiGo,6515,2026-10-25T20:45:00,2026-10-25T23:40:00,economy,,,,13513.0,INR,DEL > BLR,2026-09-10T21:26:28.144450,verified
Ignav,API,DEL,BLR,2026-10-25,45,Akasa Air,1824,2026-10-25T18:10:00,2026-10-25T21:10:00,economy,,,,13635.0,INR,DEL > BLR,2026-09-10T21:26:28.144457,verified
Ignav,API,DEL,BLR,2026-10-25,45,Air India,2415,2026-10-25T09:30:00,2026-10-25T12:20:00,economy,,,,13996.0,INR,DEL > BLR,2026-09-10T21:26:28.144465,verified
Ignav,API,DEL,BLR,2026-10-25,45,Air India,2412,2026-10-25T21:30:00,2026-10-26T00:25:00,economy,,,,13996.0,INR,DEL > BLR,2026-09-10T21:26:28.144472,verified
Ignav,API,DEL,BLR,2026-10-25,45,IndiGo,176,2026-10-25T13:15:00,2026-10-25T16:10:00,economy,,,,14165.0,INR,DEL > BLR,2026-09-10T21:26:28.144480,verified
Ignav,API,DEL,BLR,2026-10-25,45,IndiGo,861,2026-10-25T19:30:00,2026-10-25T22:25:00,economy,,,,14165.0,INR,DEL > BLR,2026-09-10T21:26:28.144489,verified
Ignav,API,DEL,BLR,2026-10-25,45,Air India,2409,2026-10-25T06:00:00,2026-10-25T08:50:00,economy,,,,15104.0,INR,DEL > BLR,2026-09-10T21:26:28.144497,verified
Ignav,API,DEL,BLR,2026-10-25,45,Air India,2513,2026-10-25T13:00:00,2026-10-25T15:50:00,economy,,,,15104.0,INR,DEL > BLR,2026-09-10T21:26:28.144504,verified
Ignav,API,DEL,BLR,2026-10-25,45,Air India,2809,2026-10-25T20:30:00,2026-10-25T23:25:00,economy,,,,15514.0,INR,DEL > BLR,2026-09-10T21:26:28.144512,verified
Ignav,API,DEL,BLR,2026-10-25,45,Air India,2485,2026-10-25T11:00:00,2026-10-25T13:50:00,economy,,,,15787.0,INR,DEL > BLR,2026-09-10T21:26:28.144520,verified
Ignav,API,DEL,BLR,2026-10-25,45,Air India,2487,2026-10-25T18:00:00,2026-10-25T20:50:00,economy,,,,15787.0,INR,DEL > BLR,2026-09-10T21:26:28.144528,verified
Ignav,API,DEL,BLR,2026-10-25,45,Air India,2512,2026-10-25T19:30:00,2026-10-25T22:25:00,economy,,,,15787.0,INR,DEL > BLR,2026-09-10T21:26:28.144535,verified
Ignav,API,DEL,BLR,2026-10-25,45,Air India,2417,2026-10-25T12:00:00,2026-10-25T14:50:00,economy,,,,16060.0,INR,DEL > BLR,2026-09-10T21:26:28.144543,verified
Ignav,API,DEL,BLR,2026-10-25,45,Akasa Air,1302,2026-10-25T08:40:00,2026-10-25T11:40:00,economy,,,,16399.0,INR,DEL > BLR,2026-09-10T21:26:28.144551,verified
Ignav,API,DEL,BLR,2026-10-25,45,SpiceJet,723,2026-10-25T15:40:00,2026-10-25T17:40:00,economy,,,,16891.0,INR,DEL > BLR,2026-09-10T21:26:28.144558,verified
Ignav,API,DEL,BLR,2026-10-25,45,IndiGo,880,2026-10-25T15:45:00,2026-10-25T18:40:00,economy,,,,19818.0,INR,DEL > BLR,2026-09-10T21:26:28.144566,verified
Ignav,API,DEL,BLR,2026-10-25,45,Air India,2819,2026-10-25T15:00:00,2026-10-25T17:45:00,economy,,,,34549.0,INR,DEL > BLR,2026-09-10T21:26:28.144573,verified
Ignav,API,BOM,BLR,2026-09-11,1,IndiGo,"5241, 6163",2026-09-11T16:40:00,2026-09-11T20:55:00,economy,,,,11975.0,INR,BOM > GOI > BLR,2026-09-10T21:26:29.000997,verified
Ignav,API,BOM,BLR,2026-09-11,1,IndiGo,"6057, 6584",2026-09-11T09:15:00,2026-09-11T13:35:00,economy,,,,12106.0,INR,BOM > GOX > BLR,2026-09-10T21:26:29.001036,verified
Ignav,API,BOM,BLR,2026-09-11,1,IndiGo,5296,2026-09-11T06:30:00,2026-09-11T08:25:00,economy,,,,16722.0,INR,BOM > BLR,2026-09-10T21:26:29.001050,verified
Ignav,API,BOM,BLR,2026-09-11,1,IndiGo,5217,2026-09-11T11:00:00,2026-09-11T12:55:00,economy,,,,16722.0,INR,BOM > BLR,2026-09-10T21:26:29.001061,verified
Ignav,API,BOM,BLR,2026-09-11,1,Air India,2603,2026-09-11T06:35:00,2026-09-11T08:35:00,economy,,,,19076.0,INR,BOM > BLR,2026-09-10T21:26:29.001300,verified
Ignav,API,BOM,BLR,2026-09-11,1,Air India,3305,2026-09-11T23:40:00,2026-09-12T01:40:00,economy,,,,19076.0,INR,BOM > BLR,2026-09-10T21:26:29.001369,verified
Ignav,API,BOM,BLR,2026-09-11,1,Air India,2812,2026-09-11T02:05:00,2026-09-11T04:10:00,economy,,,,19076.0,INR,BOM > BLR,2026-09-10T21:26:29.001393,verified
Ignav,API,BOM,BLR,2026-09-11,1,Air India,2849,2026-09-11T17:30:00,2026-09-11T19:35:00,economy,,,,19790.0,INR,BOM > BLR,2026-09-10T21:26:29.001412,verified
Ignav,API,BOM,BLR,2026-09-11,1,IndiGo,5071,2026-09-11T15:35:00,2026-09-11T17:25:00,economy,,,,19911.0,INR,BOM > BLR,2026-09-10T21:26:29.001429,verified
Ignav,API,BOM,BLR,2026-09-11,1,IndiGo,5184,2026-09-11T12:30:00,2026-09-11T14:25:00,economy,,,,19911.0,INR,BOM > BLR,2026-09-10T21:26:29.001577,verified
Ignav,API,BOM,BLR,2026-09-11,1,IndiGo,5382,2026-09-11T14:30:00,2026-09-11T16:25:00,economy,,,,19911.0,INR,BOM > BLR,2026-09-10T21:26:29.001644,verified
Ignav,API,BOM,BLR,2026-09-11,1,IndiGo,5221,2026-09-11T17:00:00,2026-09-11T18:55:00,economy,,,,19911.0,INR,BOM > BLR,2026-09-10T21:26:29.001659,verified
Ignav,API,BOM,BLR,2026-09-11,1,IndiGo,6188,2026-09-11T21:30:00,2026-09-11T23:25:00,economy,,,,19911.0,INR,BOM > BLR,2026-09-10T21:26:29.001672,verified
Ignav,API,BOM,BLR,2026-09-11,1,IndiGo,5388,2026-09-11T22:20:00,2026-09-12T00:20:00,economy,,,,19911.0,INR,BOM > BLR,2026-09-10T21:26:29.001683,verified
Ignav,API,BOM,BLR,2026-09-11,1,IndiGo,5092,2026-09-11T09:50:00,2026-09-11T11:55:00,economy,,,,19911.0,INR,BOM > BLR,2026-09-10T21:26:29.001694,verified
Ignav,API,BOM,BLR,2026-09-11,1,Air India,2401,2026-09-11T20:45:00,2026-09-11T22:45:00,economy,,,,19969.0,INR,BOM > BLR,2026-09-10T21:26:29.001705,verified
Ignav,API,BOM,BLR,2026-09-11,1,Air India,2865,2026-09-11T19:45:00,2026-09-11T21:50:00,economy,,,,19969.0,INR,BOM > BLR,2026-09-10T21:26:29.001716,verified
Ignav,API,BOM,BLR,2026-09-11,1,Akasa Air,1382,2026-09-11T18:25:00,2026-09-11T20:20:00,economy,,,,20048.0,INR,BOM > BLR,2026-09-10T21:26:29.001727,verified
Ignav,API,BOM,BLR,2026-09-11,1,Akasa Air,1384,2026-09-11T23:10:00,2026-09-12T01:05:00,economy,,,,20048.0,INR,BOM > BLR,2026-09-10T21:26:29.001738,verified
Ignav,API,BOM,BLR,2026-09-11,1,Air India,2641,2026-09-11T18:30:00,2026-09-11T20:35:00,economy,,,,20147.0,INR,BOM > BLR,2026-09-10T21:26:29.001748,verified
Ignav,API,BOM,BLR,2026-09-11,1,Air India,2851,2026-09-11T07:55:00,2026-09-11T10:05:00,economy,,,,20147.0,INR,BOM > BLR,2026-09-10T21:26:29.001760,verified
Ignav,API,BOM,BLR,2026-09-11,1,Air India,2863,2026-09-11T10:00:00,2026-09-11T12:05:00,economy,,,,26746.0,INR,BOM > BLR,2026-09-10T21:26:29.001770,verified
Ignav,API,BOM,BLR,2026-09-11,1,Air India,2632,2026-09-11T12:00:00,2026-09-11T14:05:00,economy,,,,26746.0,INR,BOM > BLR,2026-09-10T21:26:29.001780,verified
Ignav,API,BOM,BLR,2026-09-11,1,Air India,2857,2026-09-11T23:30:00,2026-09-12T01:35:00,economy,,,,26746.0,INR,BOM > BLR,2026-09-10T21:26:29.001791,verified
Ignav,API,BOM,BLR,2026-09-11,1,Air India,2853,2026-09-11T15:25:00,2026-09-11T17:35:00,economy,,,,26746.0,INR,BOM > BLR,2026-09-10T21:26:29.001801,verified
Ignav,API,BOM,BLR,2026-09-11,1,Akasa Air,1518,2026-09-11T21:45:00,2026-09-11T23:45:00,economy,,,,32494.0,INR,BOM > BLR,2026-09-10T21:26:29.001812,verified
Ignav,API,BOM,BLR,2026-09-11,1,Akasa Air,1133,2026-09-11T19:40:00,2026-09-11T21:45:00,economy,,,,32494.0,INR,BOM > BLR,2026-09-10T21:26:29.001823,verified
Ignav,API,BOM,BLR,2026-09-17,7,IndiGo,5323,2026-09-17T01:10:00,2026-09-17T03:05:00,economy,,,,4941.0,INR,BOM > BLR,2026-09-10T21:26:30.353163,verified
Ignav,API,BOM,BLR,2026-09-17,7,Akasa Air,1516,2026-09-17T00:40:00,2026-09-17T02:35:00,economy,,,,5599.0,INR,BOM > BLR,2026-09-10T21:26:30.353194,verified
Ignav,API,BOM,BLR,2026-09-17,7,Air India,2812,2026-09-17T02:05:00,2026-09-17T04:10:00,economy,,,,5639.0,INR,BOM > BLR,2026-09-10T21:26:30.353204,verified
Ignav,API,BOM,BLR,2026-09-17,7,Air India,2857,2026-09-17T23:30:00,2026-09-18T01:35:00,economy,,,,5639.0,INR,BOM > BLR,2026-09-10T21:26:30.353214,verified
Ignav,API,BOM,BLR,2026-09-17,7,IndiGo,5294,2026-09-17T04:30:00,2026-09-17T06:25:00,economy,,,,6198.0,INR,BOM > BLR,2026-09-10T21:26:30.353222,verified
Ignav,API,BOM,BLR,2026-09-17,7,Air India Express,5985,2026-09-17T15:35:00,2026-09-17T17:30:00,economy,,,,6299.0,INR,BOM > BLR,2026-09-10T21:26:30.353230,verified
Ignav,API,BOM,BLR,2026-09-17,7,Akasa Air,1149,2026-09-17T05:35:00,2026-09-17T07:25:00,economy,,,,6344.0,INR,BOM > BLR,2026-09-10T21:26:30.353239,verified
Ignav,API,BOM,BLR,2026-09-17,7,Akasa Air,1518,2026-09-17T21:45:00,2026-09-17T23:40:00,economy,,,,6564.0,INR,BOM > BLR,2026-09-10T21:26:30.353247,verified
Ignav,API,BOM,BLR,2026-09-17,7,Akasa Air,1382,2026-09-17T18:25:00,2026-09-17T20:20:00,economy,,,,6614.0,INR,BOM > BLR,2026-09-10T21:26:30.353256,verified
Ignav,API,BOM,BLR,2026-09-17,7,Akasa Air,1133,2026-09-17T20:05:00,2026-09-17T21:45:00,economy,,,,6755.0,INR,BOM > BLR,2026-09-10T21:26:30.353264,verified
Ignav,API,BOM,BLR,2026-09-17,7,IndiGo,5071,2026-09-17T15:35:00,2026-09-17T17:25:00,economy,,,,6796.0,INR,BOM > BLR,2026-09-10T21:26:30.353272,verified
Ignav,API,BOM,BLR,2026-09-17,7,IndiGo,5296,2026-09-17T06:30:00,2026-09-17T08:25:00,economy,,,,6796.0,INR,BOM > BLR,2026-09-10T21:26:30.353281,verified
Ignav,API,BOM,BLR,2026-09-17,7,IndiGo,5217,2026-09-17T11:00:00,2026-09-17T12:55:00,economy,,,,6796.0,INR,BOM > BLR,2026-09-10T21:26:30.353289,verified
Ignav,API,BOM,BLR,2026-09-17,7,IndiGo,5382,2026-09-17T14:30:00,2026-09-17T16:25:00,economy,,,,6796.0,INR,BOM > BLR,2026-09-10T21:26:30.353297,verified
Ignav,API,BOM,BLR,2026-09-17,7,IndiGo,5221,2026-09-17T17:00:00,2026-09-17T18:55:00,economy,,,,6796.0,INR,BOM > BLR,2026-09-10T21:26:30.353305,verified
Ignav,API,BOM,BLR,2026-09-17,7,IndiGo,5047,2026-09-17T18:30:00,2026-09-17T20:25:00,economy,,,,6796.0,INR,BOM > BLR,2026-09-10T21:26:30.353312,verified
Ignav,API,BOM,BLR,2026-09-17,7,IndiGo,5388,2026-09-17T22:20:00,2026-09-18T00:20:00,economy,,,,6796.0,INR,BOM > BLR,2026-09-10T21:26:30.353320,verified
Ignav,API,BOM,BLR,2026-09-17,7,IndiGo,5184,2026-09-17T12:30:00,2026-09-17T14:25:00,economy,,,,7111.0,INR,BOM > BLR,2026-09-10T21:26:30.353328,verified
Ignav,API,BOM,BLR,2026-09-17,7,IndiGo,5092,2026-09-17T09:50:00,2026-09-17T11:55:00,economy,,,,7111.0,INR,BOM > BLR,2026-09-10T21:26:30.353336,verified
Ignav,API,BOM,BLR,2026-09-17,7,IndiGo,"5241, 6163",2026-09-17T16:40:00,2026-09-17T20:55:00,economy,,,,7187.0,INR,BOM > GOI > BLR,2026-09-10T21:26:30.353346,verified
Ignav,API,BOM,BLR,2026-09-17,7,IndiGo,"6361, 249",2026-09-17T05:00:00,2026-09-17T09:20:00,economy,,,,7187.0,INR,BOM > GOI > BLR,2026-09-10T21:26:30.353356,verified
Ignav,API,BOM,BLR,2026-09-17,7,IndiGo,"261, 633",2026-09-17T11:20:00,2026-09-17T15:45:00,economy,,,,7187.0,INR,BOM > GOI > BLR,2026-09-10T21:26:30.353365,verified
Ignav,API,BOM,BLR,2026-09-17,7,IndiGo,"5241, 6557",2026-09-17T16:40:00,2026-09-17T22:15:00,economy,,,,7243.0,INR,BOM > GOI > BLR,2026-09-10T21:26:30.353373,verified
Ignav,API,BOM,BLR,2026-09-17,7,IndiGo,"230, 6163",2026-09-17T13:55:00,2026-09-17T20:55:00,economy,,,,7243.0,INR,BOM > GOI > BLR,2026-09-10T21:26:30.353382,verified
Ignav,API,BOM,BLR,2026-09-17,7,IndiGo,"6057, 6584",2026-09-17T09:15:00,2026-09-17T13:35:00,economy,,,,7318.0,INR,BOM > GOX > BLR,2026-09-10T21:26:30.353390,verified
Ignav,API,BOM,BLR,2026-09-17,7,Air India,2632,2026-09-17T12:00:00,2026-09-17T14:05:00,economy,,,,7367.0,INR,BOM > BLR,2026-09-10T21:26:30.353399,verified
Ignav,API,BOM,BLR,2026-09-17,7,Air India,2853,2026-09-17T15:25:00,2026-09-17T17:35:00,economy,,,,7367.0,INR,BOM > BLR,2026-09-10T21:26:30.353407,verified
Ignav,API,BOM,BLR,2026-09-17,7,IndiGo,5193,2026-09-17T08:05:00,2026-09-17T09:55:00,economy,,,,7426.0,INR,BOM > BLR,2026-09-10T21:26:30.353414,verified
Ignav,API,BOM,BLR,2026-09-17,7,IndiGo,6188,2026-09-17T21:30:00,2026-09-17T23:25:00,economy,,,,7426.0,INR,BOM > BLR,2026-09-10T21:26:30.353422,verified
Ignav,API,BOM,BLR,2026-09-17,7,IndiGo,"6802, 6432",2026-09-17T16:55:00,2026-09-17T21:20:00,economy,,,,7449.0,INR,BOM > NAG > BLR,2026-09-10T21:26:30.353431,verified
Ignav,API,BOM,BLR,2026-09-17,7,IndiGo,"136, 6081",2026-09-17T04:05:00,2026-09-17T08:05:00,economy,,,,7528.0,INR,BOM > MAA > BLR,2026-09-10T21:26:30.353439,verified
Ignav,API,BOM,BLR,2026-09-17,7,IndiGo,"673, 738",2026-09-17T12:30:00,2026-09-17T17:15:00,economy,,,,7528.0,INR,BOM > COK > BLR,2026-09-10T21:26:30.353447,verified
Ignav,API,BOM,BLR,2026-09-17,7,IndiGo,"5196, 189",2026-09-17T15:25:00,2026-09-17T20:10:00,economy,,,,7528.0,INR,BOM > MAA > BLR,2026-09-10T21:26:30.353456,verified
Ignav,API,BOM,BLR,2026-09-17,7,IndiGo,"5126, 6587",2026-09-17T18:15:00,2026-09-17T23:10:00,economy,,,,7528.0,INR,BOM > IXM > BLR,2026-09-10T21:26:30.353464,verified
Ignav,API,BOM,BLR,2026-09-17,7,IndiGo,"5337, 365",2026-09-17T13:45:00,2026-09-17T18:45:00,economy,,,,7528.0,INR,BOM > MAA > BLR,2026-09-10T21:26:30.353473,verified
Ignav,API,BOM,BLR,2026-09-17,7,IndiGo,"5107, 996",2026-09-17T20:00:00,2026-09-18T01:10:00,economy,,,,7528.0,INR,BOM > AMD > BLR,2026-09-10T21:26:30.353481,verified
Ignav,API,BOM,BLR,2026-09-17,7,IndiGo,"6701, 6535",2026-09-17T05:35:00,2026-09-17T10:55:00,economy,,,,7528.0,INR,BOM > COK > BLR,2026-09-10T21:26:30.353489,verified
Ignav,API,BOM,BLR,2026-09-17,7,IndiGo,"5048, 796",2026-09-17T17:25:00,2026-09-17T23:00:00,economy,,,,7528.0,INR,BOM > MAA > BLR,2026-09-10T21:26:30.353498,verified
Ignav,API,BOM,BLR,2026-09-17,7,IndiGo,"6349, 847",2026-09-17T11:40:00,2026-09-17T17:20:00,economy,,,,7584.0,INR,BOM > MAA > BLR,2026-09-10T21:26:30.353506,verified
Ignav,API,BOM,BLR,2026-09-17,7,IndiGo,"437, 472",2026-09-17T17:10:00,2026-09-17T22:50:00,economy,,,,7584.0,INR,BOM > COK > BLR,2026-09-10T21:26:30.353514,verified
Ignav,API,BOM,BLR,2026-09-17,7,IndiGo,"5188, 6892",2026-09-17T06:15:00,2026-09-17T12:00:00,economy,,,,7584.0,INR,BOM > MAA > BLR,2026-09-10T21:26:30.353522,verified
Ignav,API,BOM,BLR,2026-09-17,7,IndiGo,"5313, 6209",2026-09-17T09:50:00,2026-09-17T15:40:00,economy,,,,7584.0,INR,BOM > MAA > BLR,2026-09-10T21:26:30.353531,verified
Ignav,API,BOM,BLR,2026-09-17,7,IndiGo,"136, 6815",2026-09-17T04:05:00,2026-09-17T10:05:00,economy,,,,7584.0,INR,BOM > MAA > BLR,2026-09-10T21:26:30.353539,verified
Ignav,API,BOM,BLR,2026-09-17,7,IndiGo,"2284, 6508",2026-09-17T12:05:00,2026-09-17T18:10:00,economy,,,,7584.0,INR,BOM > HSR > BLR,2026-09-10T21:26:30.353547,verified
Ignav,API,BOM,BLR,2026-09-17,7,IndiGo,"5337, 189",2026-09-17T13:45:00,2026-09-17T20:10:00,economy,,,,7584.0,INR,BOM > MAA > BLR,2026-09-10T21:26:30.353556,verified
Ignav,API,BOM,BLR,2026-09-17,7,IndiGo,"2237, 996",2026-09-17T18:40:00,2026-09-18T01:10:00,economy,,,,7584.0,INR,BOM > AMD > BLR,2026-09-10T21:26:30.353565,verified
Ignav,API,BOM,BLR,2026-09-17,7,IndiGo,"632, 823",2026-09-17T04:00:00,2026-09-17T10:45:00,economy,,,,7584.0,INR,BOM > AMD > BLR,2026-09-10T21:26:30.353573,verified
Ignav,API,BOM,BLR,2026-09-17,7,Air India,2603,2026-09-17T06:35:00,2026-09-17T08:35:00,economy,,,,7605.0,INR,BOM > BLR,2026-09-10T21:26:30.353580,verified
Ignav,API,BOM,BLR,2026-09-17,7,Air India,2863,2026-09-17T10:00:00,2026-09-17T12:05:00,economy,,,,7605.0,INR,BOM > BLR,2026-09-10T21:26:30.353588,verified
Ignav,API,BOM,BLR,2026-09-17,7,Air India,2865,2026-09-17T19:45:00,2026-09-17T21:50:00,economy,,,,7666.0,INR,BOM > BLR,2026-09-10T21:26:30.353596,verified
Ignav,API,BOM,BLR,2026-09-17,7,Air India,2849,2026-09-17T17:30:00,2026-09-17T19:35:00,economy,,,,7677.0,INR,BOM > BLR,2026-09-10T21:26:30.353604,verified
Ignav,API,BOM,BLR,2026-09-17,7,IndiGo,"5181, 6739",2026-09-17T10:25:00,2026-09-17T16:45:00,economy,,,,7715.0,INR,BOM > IDR > BLR,2026-09-10T21:26:30.353613,verified
Ignav,API,BOM,BLR,2026-09-17,7,Air India,2641,2026-09-17T18:30:00,2026-09-17T20:35:00,economy,,,,7723.0,INR,BOM > BLR,2026-09-10T21:26:30.353621,verified
Ignav,API,BOM,BLR,2026-09-17,7,IndiGo,"5082, 7378",2026-09-17T18:05:00,2026-09-17T21:50:00,economy,,,,7729.0,INR,BOM > HBX > BLR,2026-09-10T21:26:30.353630,verified
Ignav,API,BOM,BLR,2026-09-17,7,Akasa Air,1527,2026-09-17T07:40:00,2026-09-17T09:35:00,economy,,,,7830.0,INR,BOM > BLR,2026-09-10T21:26:30.353638,verified
Ignav,API,BOM,BLR,2026-09-17,7,Air India Express,"1810, 2115",2026-09-17T13:40:00,2026-09-17T18:50:00,economy,,,,8054.0,INR,BOM > COK > BLR,2026-09-10T21:26:30.353647,verified
Ignav,API,BOM,BLR,2026-09-17,7,Air India Express,"1810, 1896",2026-09-17T13:40:00,2026-09-17T19:35:00,economy,,,,8054.0,INR,BOM > COK > BLR,2026-09-10T21:26:30.353655,verified
Ignav,API,BOM,BLR,2026-09-17,7,Air India Express,"1797, 2115",2026-09-17T05:05:00,2026-09-17T18:50:00,economy,,,,8054.0,INR,BOM > COK > BLR,2026-09-10T21:26:30.353663,verified
Ignav,API,BOM,BLR,2026-09-17,7,Air India Express,"1797, 1896",2026-09-17T05:05:00,2026-09-17T19:35:00,economy,,,,8054.0,INR,BOM > COK > BLR,2026-09-10T21:26:30.353671,verified
Ignav,API,BOM,BLR,2026-09-17,7,IndiGo,"2016, 7712",2026-09-17T13:35:00,2026-09-17T18:10:00,economy,,,,8070.0,INR,BOM > TRZ > BLR,2026-09-10T21:26:30.353680,verified
Ignav,API,BOM,BLR,2026-09-17,7,IndiGo,5032,2026-09-17T19:55:00,2026-09-17T21:45:00,economy,,,,8266.0,INR,BOM > BLR,2026-09-10T21:26:30.353688,verified
Ignav,API,BOM,BLR,2026-09-17,7,Air India,2401,2026-09-17T20:45:00,2026-09-17T22:45:00,economy,,,,8291.0,INR,BOM > BLR,2026-09-10T21:26:30.353696,verified
Ignav,API,BOM,BLR,2026-09-17,7,Air India,2851,2026-09-17T07:55:00,2026-09-17T10:05:00,economy,,,,8358.0,INR,BOM > BLR,2026-09-10T21:26:30.353703,verified
Ignav,API,BOM,BLR,2026-09-17,7,IndiGo,"5228, 6505",2026-09-17T16:45:00,2026-09-17T22:45:00,economy,,,,9154.0,INR,BOM > HYD > BLR,2026-09-10T21:26:30.353712,verified
Ignav,API,BOM,BLR,2026-09-17,7,IndiGo,"5228, 285",2026-09-17T16:45:00,2026-09-17T21:20:00,economy,,,,9802.0,INR,BOM > HYD > BLR,2026-09-10T21:26:30.353721,verified
Ignav,API,BOM,BLR,2026-09-17,7,Air India,"2869, 9573",2026-09-17T21:25:00,2026-09-18T07:55:00,economy,,,,10485.0,INR,BOM > HYD > BLR,2026-09-10T21:26:30.353730,verified
Ignav,API,BOM,BLR,2026-09-17,7,Air India,"2869, 9571",2026-09-17T21:25:00,2026-09-18T09:25:00,economy,,,,10485.0,INR,BOM > HYD > BLR,2026-09-10T21:26:30.353738,verified
Ignav,API,BOM,BLR,2026-09-17,7,Air India,"639, 9427",2026-09-17T22:55:00,2026-09-18T07:50:00,economy,,,,10825.0,INR,BOM > MAA > BLR,2026-09-10T21:26:30.353746,verified
Ignav,API,BOM,BLR,2026-09-17,7,Air India,"639, 9483",2026-09-17T22:55:00,2026-09-18T08:35:00,economy,,,,10825.0,INR,BOM > MAA > BLR,2026-09-10T21:26:30.353755,verified
Ignav,API,BOM,BLR,2026-09-17,7,Air India,"639, 9763",2026-09-17T22:55:00,2026-09-18T10:05:00,economy,,,,10825.0,INR,BOM > MAA > BLR,2026-09-10T21:26:30.353763,verified
Ignav,API,BOM,BLR,2026-09-17,7,Air India,"639, 9481",2026-09-17T22:55:00,2026-09-18T11:55:00,economy,,,,10825.0,INR,BOM > MAA > BLR,2026-09-10T21:26:30.353771,verified
Ignav,API,BOM,BLR,2026-09-17,7,Air India Express,"1797, 1894",2026-09-17T05:05:00,2026-09-17T11:35:00,economy,,,,10965.0,INR,BOM > COK > BLR,2026-09-10T21:26:30.353779,verified
Ignav,API,BOM,BLR,2026-09-17,7,Air India Express,"1801, 1692",2026-09-17T20:20:00,2026-09-18T08:25:00,economy,,,,10965.0,INR,BOM > COK > BLR,2026-09-10T21:26:30.353788,verified
Ignav,API,BOM,BLR,2026-09-17,7,Air India,"603, 9529",2026-09-17T05:10:00,2026-09-17T16:05:00,economy,,,,11075.0,INR,BOM > GOI > BLR,2026-09-10T21:26:30.353796,verified
Ignav,API,BOM,BLR,2026-09-17,7,Air India,"603, 9525",2026-09-17T05:10:00,2026-09-17T20:10:00,economy,,,,11075.0,INR,BOM > GOI > BLR,2026-09-10T21:26:30.353805,verified
Ignav,API,BOM,BLR,2026-09-17,7,Air India,"2505, 9529",2026-09-17T19:20:00,2026-09-18T16:05:00,economy,,,,11075.0,INR,BOM > GOI > BLR,2026-09-10T21:26:30.353813,verified
Ignav,API,BOM,BLR,2026-09-17,7,Air India,"2505, 9525",2026-09-17T19:20:00,2026-09-18T20:10:00,economy,,,,11075.0,INR,BOM > GOI > BLR,2026-09-10T21:26:30.353821,verified
Ignav,API,BOM,BLR,2026-09-17,7,Air India,"2787, 9450",2026-09-17T06:35:00,2026-09-17T19:35:00,economy,,,,11218.0,INR,BOM > COK > BLR,2026-09-10T21:26:30.353830,verified
Ignav,API,BOM,BLR,2026-09-17,7,Air India,"2780, 9479",2026-09-17T14:00:00,2026-09-17T22:35:00,economy,,,,11238.0,INR,BOM > MAA > BLR,2026-09-10T21:26:30.353839,verified
Ignav,API,BOM,BLR,2026-09-17,7,Air India,"2827, 9427",2026-09-17T20:30:00,2026-09-18T07:50:00,economy,,,,11238.0,INR,BOM > MAA > BLR,2026-09-10T21:26:30.353847,verified
Ignav,API,BOM,BLR,2026-09-17,7,Air India,"2827, 9483",2026-09-17T20:30:00,2026-09-18T08:35:00,economy,,,,11238.0,INR,BOM > MAA > BLR,2026-09-10T21:26:30.353856,verified
Ignav,API,BOM,BLR,2026-09-17,7,Air India Express,"1027, 5202",2026-09-17T12:00:00,2026-09-18T00:15:00,economy,,,,11399.0,INR,BOM > IXE > BLR,2026-09-10T21:26:30.353864,verified
Ignav,API,BOM,BLR,2026-09-17,7,Air India,"2821, 9481",2026-09-17T06:40:00,2026-09-17T11:55:00,economy,,,,11757.0,INR,BOM > MAA > BLR,2026-09-10T21:26:30.353872,verified
Ignav,API,BOM,BLR,2026-09-17,7,Air India,"2821, 9971",2026-09-17T06:40:00,2026-09-17T16:05:00,economy,,,,11757.0,INR,BOM > MAA > BLR,2026-09-10T21:26:30.353880,verified
Ignav,API,BOM,BLR,2026-09-17,7,Air India,"2619, 9565",2026-09-17T18:00:00,2026-09-17T22:35:00,economy,,,,12238.0,INR,BOM > HYD > BLR,2026-09-10T21:26:30.353888,verified
Ignav,API,BOM,BLR,2026-09-17,7,Air India,"2531, 9565",2026-09-17T15:05:00,2026-09-17T22:35:00,economy,,,,12238.0,INR,BOM > HYD > BLR,2026-09-10T21:26:30.353896,verified
Ignav,API,BOM,BLR,2026-09-17,7,Air India,"2787, 9454",2026-09-17T06:35:00,2026-09-17T18:50:00,economy,,,,12277.0,INR,BOM > COK > BLR,2026-09-10T21:26:30.353905,verified
Ignav,API,BOM,BLR,2026-09-17,7,Air India,"681, 9456",2026-09-17T16:55:00,2026-09-18T08:25:00,economy,,,,12277.0,INR,BOM > COK > BLR,2026-09-10T21:26:30.353913,verified
Ignav,API,BOM,BLR,2026-09-17,7,Air India,"681, 9452",2026-09-17T16:55:00,2026-09-18T11:35:00,economy,,,,12277.0,INR,BOM > COK > BLR,2026-09-10T21:26:30.353921,verified
Ignav,API,BOM,BLR,2026-09-17,7,IndiGo,"5109, 6774",2026-09-17T09:35:00,2026-09-17T15:40:00,economy,,,,12595.0,INR,BOM > CJB > BLR,2026-09-10T21:26:30.353929,verified
Ignav,API,BOM,BLR,2026-09-17,7,Air India,"435, 9479",2026-09-17T18:10:00,2026-09-17T22:35:00,economy,,,,12932.0,INR,BOM > MAA > BLR,2026-09-10T21:26:30.353937,verified
Ignav,API,BOM,BLR,2026-09-17,7,Air India,"2503, 9779",2026-09-17T12:55:00,2026-09-18T11:15:00,economy,,,,12968.0,INR,BOM > AMD > BLR,2026-09-10T21:26:30.353946,verified
Ignav,API,BOM,BLR,2026-09-17,7,Air India,"2847, 9779",2026-09-17T09:55:00,2026-09-18T11:15:00,economy,,,,13253.0,INR,BOM > AMD > BLR,2026-09-10T21:26:30.353954,verified
Ignav,API,BOM,BLR,2026-09-17,7,Air India,"2739, 9971",2026-09-17T09:00:00,2026-09-17T16:05:00,economy,,,,13488.0,INR,BOM > MAA > BLR,2026-09-10T21:26:30.353963,verified
Ignav,API,BOM,BLR,2026-09-17,7,Air India,"1891, 9604",2026-09-17T08:10:00,2026-09-17T19:05:00,economy,,,,13657.0,INR,BOM > IDR > BLR,2026-09-10T21:26:30.353971,verified
Ignav,API,BOM,BLR,2026-09-17,7,Air India,"2919, 9779",2026-09-17T21:35:00,2026-09-18T11:15:00,economy,,,,13750.0,INR,BOM > AMD > BLR,2026-09-10T21:26:30.353979,verified
Ignav,API,BOM,BLR,2026-09-17,7,Air India,"2491, 9474",2026-09-17T11:15:00,2026-09-17T18:30:00,economy,,,,14234.0,INR,BOM > LKO > BLR,2026-09-10T21:26:30.353988,verified
Ignav,API,BOM,BLR,2026-09-17,7,Air India,"2855, 9450",2026-09-17T10:00:00,2026-09-17T19:35:00,economy,,,,14362.0,INR,BOM > COK > BLR,2026-09-10T21:26:30.353996,verified
Ignav,API,BOM,BLR,2026-09-17,7,Air India,"2422, 2653",2026-09-17T01:00:00,2026-09-17T07:20:00,economy,,,,15138.0,INR,BOM > DEL > BLR,2026-09-10T21:26:30.354004,verified
Ignav,API,BOM,BLR,2026-09-17,7,Air India,"816, 2757",2026-09-17T21:00:00,2026-09-18T03:10:00,economy,,,,15252.0,INR,BOM > DEL > BLR,2026-09-10T21:26:30.354012,verified
Ignav,API,BOM,BLR,2026-09-17,7,Air India,"2531, 9575",2026-09-17T15:05:00,2026-09-17T20:45:00,economy,,,,15338.0,INR,BOM > HYD > BLR,2026-09-10T21:26:30.354021,verified
Ignav,API,BOM,BLR,2026-09-17,7,Air India,"2952, 2819",2026-09-17T11:25:00,2026-09-17T17:55:00,economy,,,,15395.0,INR,BOM > DEL > BLR,2026-09-10T21:26:30.354029,verified
Ignav,API,BOM,BLR,2026-09-17,7,Air India,"2419, 2664",2026-09-17T12:00:00,2026-09-17T18:45:00,economy,,,,15395.0,INR,BOM > DEL > BLR,2026-09-10T21:26:30.354037,verified
Ignav,API,BOM,BLR,2026-09-17,7,Air India,"2988, 2757",2026-09-17T20:30:00,2026-09-18T03:10:00,economy,,,,15603.0,INR,BOM > DEL > BLR,2026-09-10T21:26:30.354045,verified
Ignav,API,BOM,BLR,2026-09-17,7,Air India,"2952, 2664",2026-09-17T11:25:00,2026-09-17T18:45:00,economy,,,,15794.0,INR,BOM > DEL > BLR,2026-09-10T21:26:30.354054,verified
Ignav,API,BOM,BLR,2026-09-17,7,Air India,"2677, 2817",2026-09-17T13:00:00,2026-09-17T19:15:00,economy,,,,15829.0,INR,BOM > DEL > BLR,2026-09-10T21:26:30.354062,verified
Ignav,API,BOM,BLR,2026-09-17,7,Air India,"2432, 2417",2026-09-17T09:30:00,2026-09-17T15:55:00,economy,,,,15921.0,INR,BOM > DEL > BLR,2026-09-10T21:26:30.354070,verified
Ignav,API,BOM,BLR,2026-09-17,7,Air India,"2940, 2757",2026-09-17T20:00:00,2026-09-18T03:10:00,economy,,,,16060.0,INR,BOM > DEL > BLR,2026-09-10T21:26:30.354079,verified
Ignav,API,BOM,BLR,2026-09-17,7,Air India,"2419, 2817",2026-09-17T12:00:00,2026-09-17T19:15:00,economy,,,,16067.0,INR,BOM > DEL > BLR,2026-09-10T21:26:30.354087,verified
Ignav,API,BOM,BLR,2026-09-17,7,Air India,"2970, 2417",2026-09-17T08:30:00,2026-09-17T15:55:00,economy,,,,16202.0,INR,BOM > DEL > BLR,2026-09-10T21:26:30.354096,verified
Ignav,API,BOM,BLR,2026-09-17,7,Air India,"2424, 2485",2026-09-17T07:00:00,2026-09-17T13:20:00,economy,,,,16237.0,INR,BOM > DEL > BLR,2026-09-10T21:26:30.354104,verified
Ignav,API,BOM,BLR,2026-09-17,7,Air India,"2440, 2412",2026-09-17T18:00:00,2026-09-18T00:25:00,economy,,,,16334.0,INR,BOM > DEL > BLR,2026-09-10T21:26:30.354112,verified
Ignav,API,BOM,BLR,2026-09-17,7,IndiGo,"5386, 6783",2026-09-17T15:10:00,2026-09-17T20:05:00,economy,,,,16917.0,INR,BOM > HYD > BLR,2026-09-10T21:26:30.354120,verified
Ignav,API,BOM,BLR,2026-09-17,7,IndiGo,"5386, 285",2026-09-17T15:10:00,2026-09-17T21:20:00,economy,,,,16973.0,INR,BOM > HYD > BLR,2026-09-10T21:26:30.354129,verified
Ignav,API,BOM,BLR,2026-09-17,7,Air India,"2944, 2487",2026-09-17T14:35:00,2026-09-17T21:25:00,economy,,,,17297.0,INR,BOM > DEL > BLR,2026-09-10T21:26:30.354137,verified
Ignav,API,BOM,BLR,2026-09-17,7,Air India,"2787, 9452",2026-09-17T06:35:00,2026-09-17T11:35:00,economy,,,,17360.0,INR,BOM > COK > BLR,2026-09-10T21:26:30.354147,verified
Ignav,API,BOM,BLR,2026-09-17,7,IndiGo,"5178, 314",2026-09-17T11:45:00,2026-09-17T17:50:00,economy,,,,17538.0,INR,BOM > HYD > BLR,2026-09-10T21:26:30.354155,verified
Ignav,API,BOM,BLR,2026-09-17,7,IndiGo,"5178, 6405",2026-09-17T11:45:00,2026-09-17T15:50:00,economy,,,,18338.0,INR,BOM > HYD > BLR,2026-09-10T21:26:30.354163,verified
Ignav,API,BOM,BLR,2026-09-17,7,IndiGo,"5318, 6405",2026-09-17T10:15:00,2026-09-17T15:50:00,economy,,,,18338.0,INR,BOM > HYD > BLR,2026-09-10T21:26:30.354171,verified
Ignav,API,BOM,BLR,2026-09-17,7,Air India,"2471, 9440",2026-09-17T11:30:00,2026-09-17T18:00:00,economy,,,,18399.0,INR,BOM > CCU > BLR,2026-09-10T21:26:30.354179,verified
Ignav,API,BOM,BLR,2026-09-17,7,Air India,"2930, 2485",2026-09-17T07:30:00,2026-09-17T13:20:00,economy,,,,19266.0,INR,BOM > DEL > BLR,2026-09-10T21:26:30.354187,verified
Ignav,API,BOM,BLR,2026-09-17,7,Air India,"2928, 2415",2026-09-17T06:30:00,2026-09-17T12:25:00,economy,,,,19541.0,INR,BOM > DEL > BLR,2026-09-10T21:26:30.354196,verified
Ignav,API,BOM,BLR,2026-09-17,7,Air India Express,"1242, 2004",2026-09-17T16:30:00,2026-09-17T20:10:00,economy,,,,19949.0,INR,BOM > GOI > BLR,2026-09-10T21:26:30.354204,verified
Ignav,API,BOM,BLR,2026-09-17,7,Air India Express,"1238, 2023",2026-09-17T12:25:00,2026-09-17T16:05:00,economy,,,,21605.0,INR,BOM > GOI > BLR,2026-09-10T21:26:30.354213,verified
Ignav,API,BOM,BLR,2026-09-17,7,Air India Express,"1238, 2004",2026-09-17T12:25:00,2026-09-17T20:10:00,economy,,,,21605.0,INR,BOM > GOI > BLR,2026-09-10T21:26:30.354221,verified
Ignav,API,BOM,BLR,2026-09-25,15,Akasa Air,1516,2026-09-25T00:40:00,2026-09-25T02:35:00,economy,,,,4750.0,INR,BOM > BLR,2026-09-10T21:26:31.663368,verified
Ignav,API,BOM,BLR,2026-09-25,15,IndiGo,5323,2026-09-25T01:10:00,2026-09-25T03:05:00,economy,,,,4942.0,INR,BOM > BLR,2026-09-10T21:26:31.663392,verified
Ignav,API,BOM,BLR,2026-09-25,15,IndiGo,5294,2026-09-25T04:30:00,2026-09-25T06:25:00,economy,,,,4942.0,INR,BOM > BLR,2026-09-10T21:26:31.663401,verified
Ignav,API,BOM,BLR,2026-09-25,15,Air India,3305,2026-09-25T23:40:00,2026-09-26T01:40:00,economy,,,,5261.0,INR,BOM > BLR,2026-09-10T21:26:31.663408,verified
Ignav,API,BOM,BLR,2026-09-25,15,Air India,2812,2026-09-25T02:05:00,2026-09-25T04:10:00,economy,,,,5261.0,INR,BOM > BLR,2026-09-10T21:26:31.663415,verified
Ignav,API,BOM,BLR,2026-09-25,15,Air India,2857,2026-09-25T23:30:00,2026-09-26T01:35:00,economy,,,,5261.0,INR,BOM > BLR,2026-09-10T21:26:31.663422,verified
Ignav,API,BOM,BLR,2026-09-25,15,Akasa Air,1384,2026-09-25T23:10:00,2026-09-26T01:05:00,economy,,,,5837.0,INR,BOM > BLR,2026-09-10T21:26:31.663428,verified
Ignav,API,BOM,BLR,2026-09-25,15,IndiGo,5193,2026-09-25T08:05:00,2026-09-25T09:55:00,economy,,,,6796.0,INR,BOM > BLR,2026-09-10T21:26:31.663434,verified
Ignav,API,BOM,BLR,2026-09-25,15,IndiGo,5388,2026-09-25T22:20:00,2026-09-26T00:20:00,economy,,,,6796.0,INR,BOM > BLR,2026-09-10T21:26:31.663441,verified
Ignav,API,BOM,BLR,2026-09-25,15,Akasa Air,1527,2026-09-25T07:40:00,2026-09-25T09:35:00,economy,,,,6899.0,INR,BOM > BLR,2026-09-10T21:26:31.663447,verified
Ignav,API,BOM,BLR,2026-09-25,15,IndiGo,5296,2026-09-25T06:30:00,2026-09-25T08:25:00,economy,,,,7111.0,INR,BOM > BLR,2026-09-10T21:26:31.663453,verified
Ignav,API,BOM,BLR,2026-09-25,15,IndiGo,5217,2026-09-25T11:00:00,2026-09-25T12:55:00,economy,,,,7111.0,INR,BOM > BLR,2026-09-10T21:26:31.663459,verified
Ignav,API,BOM,BLR,2026-09-25,15,IndiGo,5184,2026-09-25T12:30:00,2026-09-25T14:25:00,economy,,,,7111.0,INR,BOM > BLR,2026-09-10T21:26:31.663465,verified
Ignav,API,BOM,BLR,2026-09-25,15,IndiGo,5382,2026-09-25T14:30:00,2026-09-25T16:25:00,economy,,,,7111.0,INR,BOM > BLR,2026-09-10T21:26:31.663471,verified
Ignav,API,BOM,BLR,2026-09-25,15,IndiGo,6188,2026-09-25T21:30:00,2026-09-25T23:25:00,economy,,,,7111.0,INR,BOM > BLR,2026-09-10T21:26:31.663478,verified
Ignav,API,BOM,BLR,2026-09-25,15,IndiGo,"5241, 6163",2026-09-25T16:40:00,2026-09-25T20:55:00,economy,,,,7187.0,INR,BOM > GOI > BLR,2026-09-10T21:26:31.663485,verified
Ignav,API,BOM,BLR,2026-09-25,15,IndiGo,"6361, 249",2026-09-25T05:00:00,2026-09-25T09:20:00,economy,,,,7187.0,INR,BOM > GOI > BLR,2026-09-10T21:26:31.663493,verified
Ignav,API,BOM,BLR,2026-09-25,15,IndiGo,"5241, 6557",2026-09-25T16:40:00,2026-09-25T22:15:00,economy,,,,7187.0,INR,BOM > GOI > BLR,2026-09-10T21:26:31.663500,verified
Ignav,API,BOM,BLR,2026-09-25,15,Akasa Air,1518,2026-09-25T21:45:00,2026-09-25T23:35:00,economy,,,,7195.0,INR,BOM > BLR,2026-09-10T21:26:31.663507,verified
Ignav,API,BOM,BLR,2026-09-25,15,IndiGo,"230, 6163",2026-09-25T13:55:00,2026-09-25T20:55:00,economy,,,,7243.0,INR,BOM > GOI > BLR,2026-09-10T21:26:31.663514,verified
Ignav,API,BOM,BLR,2026-09-25,15,IndiGo,"230, 6557",2026-09-25T13:55:00,2026-09-25T22:15:00,economy,,,,7243.0,INR,BOM > GOI > BLR,2026-09-10T21:26:31.663521,verified
Ignav,API,BOM,BLR,2026-09-25,15,IndiGo,5092,2026-09-25T09:50:00,2026-09-25T11:55:00,economy,,,,7426.0,INR,BOM > BLR,2026-09-10T21:26:31.663528,verified
Ignav,API,BOM,BLR,2026-09-25,15,IndiGo,"6802, 6432",2026-09-25T16:55:00,2026-09-25T21:20:00,economy,,,,7449.0,INR,BOM > NAG > BLR,2026-09-10T21:26:31.663534,verified
Ignav,API,BOM,BLR,2026-09-25,15,IndiGo,"673, 738",2026-09-25T12:30:00,2026-09-25T17:15:00,economy,,,,7528.0,INR,BOM > COK > BLR,2026-09-10T21:26:31.663541,verified
Ignav,API,BOM,BLR,2026-09-25,15,IndiGo,"5196, 189",2026-09-25T15:25:00,2026-09-25T20:10:00,economy,,,,7528.0,INR,BOM > MAA > BLR,2026-09-10T21:26:31.663548,verified
Ignav,API,BOM,BLR,2026-09-25,15,IndiGo,"5126, 6587",2026-09-25T18:15:00,2026-09-25T23:10:00,economy,,,,7528.0,INR,BOM > IXM > BLR,2026-09-10T21:26:31.663555,verified
Ignav,API,BOM,BLR,2026-09-25,15,IndiGo,"5107, 996",2026-09-25T20:00:00,2026-09-26T01:10:00,economy,,,,7528.0,INR,BOM > AMD > BLR,2026-09-10T21:26:31.663562,verified
Ignav,API,BOM,BLR,2026-09-25,15,IndiGo,"6701, 6535",2026-09-25T05:35:00,2026-09-25T10:55:00,economy,,,,7528.0,INR,BOM > COK > BLR,2026-09-10T21:26:31.663569,verified
Ignav,API,BOM,BLR,2026-09-25,15,IndiGo,"5048, 796",2026-09-25T17:25:00,2026-09-25T23:00:00,economy,,,,7528.0,INR,BOM > MAA > BLR,2026-09-10T21:26:31.663576,verified
Ignav,API,BOM,BLR,2026-09-25,15,IndiGo,"6349, 847",2026-09-25T11:40:00,2026-09-25T17:20:00,economy,,,,7584.0,INR,BOM > MAA > BLR,2026-09-10T21:26:31.663582,verified
Ignav,API,BOM,BLR,2026-09-25,15,IndiGo,"437, 472",2026-09-25T17:10:00,2026-09-25T22:50:00,economy,,,,7584.0,INR,BOM > COK > BLR,2026-09-10T21:26:31.663590,verified
Ignav,API,BOM,BLR,2026-09-25,15,IndiGo,"5188, 6892",2026-09-25T06:15:00,2026-09-25T12:00:00,economy,,,,7584.0,INR,BOM > MAA > BLR,2026-09-10T21:26:31.663596,verified
Ignav,API,BOM,BLR,2026-09-25,15,IndiGo,"5313, 6209",2026-09-25T09:50:00,2026-09-25T15:40:00,economy,,,,7584.0,INR,BOM > MAA > BLR,2026-09-10T21:26:31.663603,verified
Ignav,API,BOM,BLR,2026-09-25,15,IndiGo,"5109, 6774",2026-09-25T09:35:00,2026-09-25T15:40:00,economy,,,,7584.0,INR,BOM > CJB > BLR,2026-09-10T21:26:31.663610,verified
Ignav,API,BOM,BLR,2026-09-25,15,IndiGo,"5337, 189",2026-09-25T13:45:00,2026-09-25T20:10:00,economy,,,,7584.0,INR,BOM > MAA > BLR,2026-09-10T21:26:31.663617,verified
Ignav,API,BOM,BLR,2026-09-25,15,IndiGo,"2237, 996",2026-09-25T18:40:00,2026-09-26T01:10:00,economy,,,,7584.0,INR,BOM > AMD > BLR,2026-09-10T21:26:31.663624,verified
Ignav,API,BOM,BLR,2026-09-25,15,IndiGo,"632, 823",2026-09-25T04:00:00,2026-09-25T10:45:00,economy,,,,7584.0,INR,BOM > AMD > BLR,2026-09-10T21:26:31.663631,verified
Ignav,API,BOM,BLR,2026-09-25,15,IndiGo,"240, 5355",2026-09-25T15:45:00,2026-09-25T22:40:00,economy,,,,7584.0,INR,BOM > CJB > BLR,2026-09-10T21:26:31.663637,verified
Ignav,API,BOM,BLR,2026-09-25,15,IndiGo,"5201, 481",2026-09-25T14:55:00,2026-09-25T22:05:00,economy,,,,7584.0,INR,BOM > AMD > BLR,2026-09-10T21:26:31.663644,verified
Ignav,API,BOM,BLR,2026-09-25,15,IndiGo,"5313, 847",2026-09-25T09:50:00,2026-09-25T17:20:00,economy,,,,7584.0,INR,BOM > MAA > BLR,2026-09-10T21:26:31.663650,verified
Ignav,API,BOM,BLR,2026-09-25,15,IndiGo,"5196, 796",2026-09-25T15:25:00,2026-09-25T23:00:00,economy,,,,7584.0,INR,BOM > MAA > BLR,2026-09-10T21:26:31.663657,verified
Ignav,API,BOM,BLR,2026-09-25,15,IndiGo,"6701, 196",2026-09-25T05:35:00,2026-09-25T13:15:00,economy,,,,7584.0,INR,BOM > COK > BLR,2026-09-10T21:26:31.663664,verified
Ignav,API,BOM,BLR,2026-09-25,15,IndiGo,"673, 6922",2026-09-25T12:30:00,2026-09-25T20:50:00,economy,,,,7584.0,INR,BOM > COK > BLR,2026-09-10T21:26:31.663671,verified
Ignav,API,BOM,BLR,2026-09-25,15,IndiGo,"6349, 189",2026-09-25T11:40:00,2026-09-25T20:10:00,economy,,,,7584.0,INR,BOM > MAA > BLR,2026-09-10T21:26:31.663677,verified
Ignav,API,BOM,BLR,2026-09-25,15,Air India,2603,2026-09-25T06:35:00,2026-09-25T08:35:00,economy,,,,7666.0,INR,BOM > BLR,2026-09-10T21:26:31.663684,verified
Ignav,API,BOM,BLR,2026-09-25,15,Air India,2632,2026-09-25T12:00:00,2026-09-25T14:05:00,economy,,,,7666.0,INR,BOM > BLR,2026-09-10T21:26:31.663690,verified
Ignav,API,BOM,BLR,2026-09-25,15,IndiGo,"6599, 6744",2026-09-25T16:50:00,2026-09-25T23:45:00,economy,,,,7715.0,INR,BOM > IDR > BLR,2026-09-10T21:26:31.663696,verified
Ignav,API,BOM,BLR,2026-09-25,15,Air India,2851,2026-09-25T07:55:00,2026-09-25T10:05:00,economy,,,,7723.0,INR,BOM > BLR,2026-09-10T21:26:31.663702,verified
Ignav,API,BOM,BLR,2026-09-25,15,IndiGo,"5082, 7378",2026-09-25T18:05:00,2026-09-25T21:50:00,economy,,,,7729.0,INR,BOM > HBX > BLR,2026-09-10T21:26:31.663709,verified
Ignav,API,BOM,BLR,2026-09-25,15,Akasa Air,1133,2026-09-25T20:05:00,2026-09-25T21:45:00,economy,,,,7830.0,INR,BOM > BLR,2026-09-10T21:26:31.663715,verified
Ignav,API,BOM,BLR,2026-09-25,15,IndiGo,5032,2026-09-25T19:55:00,2026-09-25T21:45:00,economy,,,,7846.0,INR,BOM > BLR,2026-09-10T21:26:31.663722,verified
Ignav,API,BOM,BLR,2026-09-25,15,IndiGo,5221,2026-09-25T17:00:00,2026-09-25T18:55:00,economy,,,,7846.0,INR,BOM > BLR,2026-09-10T21:26:31.663728,verified
Ignav,API,BOM,BLR,2026-09-25,15,IndiGo,5047,2026-09-25T18:30:00,2026-09-25T20:25:00,economy,,,,7846.0,INR,BOM > BLR,2026-09-10T21:26:31.663734,verified
Ignav,API,BOM,BLR,2026-09-25,15,IndiGo,"5386, 6505",2026-09-25T15:10:00,2026-09-25T22:45:00,economy,,,,7916.0,INR,BOM > HYD > BLR,2026-09-10T21:26:31.663741,verified
Ignav,API,BOM,BLR,2026-09-25,15,IndiGo,"5123, 7133",2026-09-25T14:40:00,2026-09-25T22:55:00,economy,,,,8047.0,INR,BOM > VGA > BLR,2026-09-10T21:26:31.663748,verified
Ignav,API,BOM,BLR,2026-09-25,15,Air India Express,"1810, 2115",2026-09-25T13:40:00,2026-09-25T18:50:00,economy,,,,8054.0,INR,BOM > COK > BLR,2026-09-10T21:26:31.663755,verified
Ignav,API,BOM,BLR,2026-09-25,15,Air India Express,"1797, 1894",2026-09-25T05:05:00,2026-09-25T11:35:00,economy,,,,8054.0,INR,BOM > COK > BLR,2026-09-10T21:26:31.663762,verified
Ignav,API,BOM,BLR,2026-09-25,15,Air India Express,"1797, 1896",2026-09-25T05:05:00,2026-09-25T15:00:00,economy,,,,8054.0,INR,BOM > COK > BLR,2026-09-10T21:26:31.663768,verified
Ignav,API,BOM,BLR,2026-09-25,15,Air India Express,"1797, 2115",2026-09-25T05:05:00,2026-09-25T18:50:00,economy,,,,8054.0,INR,BOM > COK > BLR,2026-09-10T21:26:31.663775,verified
Ignav,API,BOM,BLR,2026-09-25,15,Akasa Air,1382,2026-09-25T18:25:00,2026-09-25T20:20:00,economy,,,,8169.0,INR,BOM > BLR,2026-09-10T21:26:31.663781,verified
Ignav,API,BOM,BLR,2026-09-25,15,Air India,2863,2026-09-25T10:00:00,2026-09-25T12:05:00,economy,,,,8227.0,INR,BOM > BLR,2026-09-10T21:26:31.663787,verified
Ignav,API,BOM,BLR,2026-09-25,15,Air India,2849,2026-09-25T17:30:00,2026-09-25T19:35:00,economy,,,,8227.0,INR,BOM > BLR,2026-09-10T21:26:31.663793,verified
Ignav,API,BOM,BLR,2026-09-25,15,IndiGo,5071,2026-09-25T15:35:00,2026-09-25T17:25:00,economy,,,,8266.0,INR,BOM > BLR,2026-09-10T21:26:31.663799,verified
Ignav,API,BOM,BLR,2026-09-25,15,Air India,2401,2026-09-25T20:45:00,2026-09-25T22:45:00,economy,,,,8291.0,INR,BOM > BLR,2026-09-10T21:26:31.663806,verified
Ignav,API,BOM,BLR,2026-09-25,15,Air India,2865,2026-09-25T19:45:00,2026-09-25T21:50:00,economy,,,,8291.0,INR,BOM > BLR,2026-09-10T21:26:31.663812,verified
Ignav,API,BOM,BLR,2026-09-25,15,IndiGo,"5228, 6505",2026-09-25T16:45:00,2026-09-25T22:45:00,economy,,,,8508.0,INR,BOM > HYD > BLR,2026-09-10T21:26:31.663819,verified
Ignav,API,BOM,BLR,2026-09-25,15,Air India,2853,2026-09-25T15:25:00,2026-09-25T17:35:00,economy,,,,8764.0,INR,BOM > BLR,2026-09-10T21:26:31.663826,verified
Ignav,API,BOM,BLR,2026-09-25,15,Air India,2641,2026-09-25T18:30:00,2026-09-25T20:35:00,economy,,,,8781.0,INR,BOM > BLR,2026-09-10T21:26:31.663832,verified
Ignav,API,BOM,BLR,2026-09-25,15,IndiGo,"6674, 306",2026-09-25T09:05:00,2026-09-25T17:10:00,economy,,,,9858.0,INR,BOM > IXE > BLR,2026-09-10T21:26:31.663838,verified
Ignav,API,BOM,BLR,2026-09-25,15,Air India Express,"1242, 2004",2026-09-25T16:30:00,2026-09-25T20:10:00,economy,,,,9978.0,INR,BOM > GOI > BLR,2026-09-10T21:26:31.663845,verified
Ignav,API,BOM,BLR,2026-09-25,15,Air India,"2869, 9573",2026-09-25T21:25:00,2026-09-26T07:55:00,economy,,,,9999.0,INR,BOM > HYD > BLR,2026-09-10T21:26:31.663851,verified
Ignav,API,BOM,BLR,2026-09-25,15,Air India,"2875, 9573",2026-09-25T19:35:00,2026-09-26T07:55:00,economy,,,,9999.0,INR,BOM > HYD > BLR,2026-09-10T21:26:31.663858,verified
Ignav,API,BOM,BLR,2026-09-25,15,Air India,"2619, 9573",2026-09-25T18:00:00,2026-09-26T07:55:00,economy,,,,9999.0,INR,BOM > HYD > BLR,2026-09-10T21:26:31.663864,verified
Ignav,API,BOM,BLR,2026-09-25,15,Air India,"2531, 9573",2026-09-25T15:05:00,2026-09-26T07:55:00,economy,,,,9999.0,INR,BOM > HYD > BLR,2026-09-10T21:26:31.663871,verified
Ignav,API,BOM,BLR,2026-09-25,15,Air India,"2869, 9571",2026-09-25T21:25:00,2026-09-26T09:25:00,economy,,,,10485.0,INR,BOM > HYD > BLR,2026-09-10T21:26:31.663877,verified
Ignav,API,BOM,BLR,2026-09-25,15,Air India,"2875, 9571",2026-09-25T19:35:00,2026-09-26T09:25:00,economy,,,,10485.0,INR,BOM > HYD > BLR,2026-09-10T21:26:31.663884,verified
Ignav,API,BOM,BLR,2026-09-25,15,Air India,"2619, 9571",2026-09-25T18:00:00,2026-09-26T09:25:00,economy,,,,10485.0,INR,BOM > HYD > BLR,2026-09-10T21:26:31.663890,verified
Ignav,API,BOM,BLR,2026-09-25,15,Air India,"2531, 9571",2026-09-25T15:05:00,2026-09-26T09:25:00,economy,,,,10485.0,INR,BOM > HYD > BLR,2026-09-10T21:26:31.663898,verified
Ignav,API,BOM,BLR,2026-09-25,15,Air India,"598, 9841",2026-09-25T15:35:00,2026-09-26T09:20:00,economy,,,,10731.0,INR,BOM > VGA > BLR,2026-09-10T21:26:31.663904,verified
Ignav,API,BOM,BLR,2026-09-25,15,Air India,"2821, 9481",2026-09-25T06:40:00,2026-09-25T11:55:00,economy,,,,10825.0,INR,BOM > MAA > BLR,2026-09-10T21:26:31.663910,verified
Ignav,API,BOM,BLR,2026-09-25,15,Air India,"639, 9427",2026-09-25T22:55:00,2026-09-26T07:50:00,economy,,,,10825.0,INR,BOM > MAA > BLR,2026-09-10T21:26:31.663917,verified
Ignav,API,BOM,BLR,2026-09-25,15,Air India,"639, 9483",2026-09-25T22:55:00,2026-09-26T08:35:00,economy,,,,10825.0,INR,BOM > MAA > BLR,2026-09-10T21:26:31.663923,verified
Ignav,API,BOM,BLR,2026-09-25,15,Air India,"639, 9763",2026-09-25T22:55:00,2026-09-26T10:05:00,economy,,,,10825.0,INR,BOM > MAA > BLR,2026-09-10T21:26:31.663930,verified
Ignav,API,BOM,BLR,2026-09-25,15,Air India,"435, 9427",2026-09-25T18:10:00,2026-09-26T07:50:00,economy,,,,10825.0,INR,BOM > MAA > BLR,2026-09-10T21:26:31.663937,verified
Ignav,API,BOM,BLR,2026-09-25,15,Air India,"435, 9483",2026-09-25T18:10:00,2026-09-26T08:35:00,economy,,,,10825.0,INR,BOM > MAA > BLR,2026-09-10T21:26:31.663943,verified
Ignav,API,BOM,BLR,2026-09-25,15,Air India,"435, 9763",2026-09-25T18:10:00,2026-09-26T10:05:00,economy,,,,10825.0,INR,BOM > MAA > BLR,2026-09-10T21:26:31.663950,verified
Ignav,API,BOM,BLR,2026-09-25,15,Air India,"639, 9971",2026-09-25T22:55:00,2026-09-26T17:15:00,economy,,,,10825.0,INR,BOM > MAA > BLR,2026-09-10T21:26:31.663957,verified
Ignav,API,BOM,BLR,2026-09-25,15,Air India,"639, 9481",2026-09-25T22:55:00,2026-09-26T11:55:00,economy,,,,11025.0,INR,BOM > MAA > BLR,2026-09-10T21:26:31.663963,verified
Ignav,API,BOM,BLR,2026-09-25,15,Air India,"435, 9481",2026-09-25T18:10:00,2026-09-26T11:55:00,economy,,,,11025.0,INR,BOM > MAA > BLR,2026-09-10T21:26:31.663970,verified
Ignav,API,BOM,BLR,2026-09-25,15,Air India Express,"1801, 1692",2026-09-25T20:20:00,2026-09-26T08:25:00,economy,,,,11260.0,INR,BOM > COK > BLR,2026-09-10T21:26:31.663976,verified
Ignav,API,BOM,BLR,2026-09-25,15,Air India,"2444, 9573",2026-09-25T10:50:00,2026-09-26T07:55:00,economy,,,,11388.0,INR,BOM > HYD > BLR,2026-09-10T21:26:31.663983,verified
Ignav,API,BOM,BLR,2026-09-25,15,IndiGo,"5386, 6417",2026-09-25T15:10:00,2026-09-25T19:05:00,economy,,,,11412.0,INR,BOM > HYD > BLR,2026-09-10T21:26:31.664005,verified
Ignav,API,BOM,BLR,2026-09-25,15,Air India,"2780, 9427",2026-09-25T14:00:00,2026-09-26T07:50:00,economy,,,,11689.0,INR,BOM > MAA > BLR,2026-09-10T21:26:31.664016,verified
Ignav,API,BOM,BLR,2026-09-25,15,Air India,"2780, 9483",2026-09-25T14:00:00,2026-09-26T08:35:00,economy,,,,11689.0,INR,BOM > MAA > BLR,2026-09-10T21:26:31.664028,verified
Ignav,API,BOM,BLR,2026-09-25,15,Air India,"2780, 9763",2026-09-25T14:00:00,2026-09-26T10:05:00,economy,,,,11689.0,INR,BOM > MAA > BLR,2026-09-10T21:26:31.664037,verified
Ignav,API,BOM,BLR,2026-09-25,15,Air India,"2505, 9521",2026-09-25T19:20:00,2026-09-26T08:15:00,economy,,,,11734.0,INR,BOM > GOI > BLR,2026-09-10T21:26:31.664045,verified
Ignav,API,BOM,BLR,2026-09-25,15,Air India,"681, 9452",2026-09-25T16:55:00,2026-09-26T11:35:00,economy,,,,11985.0,INR,BOM > COK > BLR,2026-09-10T21:26:31.664052,verified
Ignav,API,BOM,BLR,2026-09-25,15,IndiGo,"6362, 6066",2026-09-25T05:45:00,2026-09-25T10:55:00,economy,,,,12184.0,INR,BOM > HYD > BLR,2026-09-10T21:26:31.664059,verified
Ignav,API,BOM,BLR,2026-09-25,15,Air India,"2821, 9971",2026-09-25T06:40:00,2026-09-25T17:35:00,economy,,,,12236.0,INR,BOM > MAA > BLR,2026-09-10T21:26:31.664066,verified
Ignav,API,BOM,BLR,2026-09-25,15,IndiGo,"5386, 6783",2026-09-25T15:10:00,2026-09-25T20:05:00,economy,,,,12329.0,INR,BOM > HYD > BLR,2026-09-10T21:26:31.664072,verified
Ignav,API,BOM,BLR,2026-09-25,15,Air India,"2827, 9427",2026-09-25T20:30:00,2026-09-26T07:50:00,economy,,,,12381.0,INR,BOM > MAA > BLR,2026-09-10T21:26:31.664079,verified
Ignav,API,BOM,BLR,2026-09-25,15,Air India,"2827, 9483",2026-09-25T20:30:00,2026-09-26T08:35:00,economy,,,,12381.0,INR,BOM > MAA > BLR,2026-09-10T21:26:31.664086,verified
Ignav,API,BOM,BLR,2026-09-25,15,Air India,"2827, 9763",2026-09-25T20:30:00,2026-09-26T10:05:00,economy,,,,12381.0,INR,BOM > MAA > BLR,2026-09-10T21:26:31.664093,verified
Ignav,API,BOM,BLR,2026-09-25,15,Air India,"2827, 9971",2026-09-25T20:30:00,2026-09-26T17:15:00,economy,,,,12381.0,INR,BOM > MAA > BLR,2026-09-10T21:26:31.664100,verified
Ignav,API,BOM,BLR,2026-09-25,15,IndiGo,"5386, 285",2026-09-25T15:10:00,2026-09-25T21:20:00,economy,,,,12385.0,INR,BOM > HYD > BLR,2026-09-10T21:26:31.664107,verified
Ignav,API,BOM,BLR,2026-09-25,15,Air India,"2827, 9481",2026-09-25T20:30:00,2026-09-26T11:55:00,economy,,,,12581.0,INR,BOM > MAA > BLR,2026-09-10T21:26:31.664113,verified
Ignav,API,BOM,BLR,2026-09-25,15,Air India,"2739, 9971",2026-09-25T09:00:00,2026-09-25T17:35:00,economy,,,,12650.0,INR,BOM > MAA > BLR,2026-09-10T21:26:31.664120,verified
Ignav,API,BOM,BLR,2026-09-25,15,Air India,"681, 9456",2026-09-25T16:55:00,2026-09-26T08:25:00,economy,,,,12938.0,INR,BOM > COK > BLR,2026-09-10T21:26:31.664127,verified
Ignav,API,BOM,BLR,2026-09-25,15,Air India Express,"1238, 2023",2026-09-25T12:25:00,2026-09-25T16:05:00,economy,,,,13037.0,INR,BOM > GOI > BLR,2026-09-10T21:26:31.664134,verified
Ignav,API,BOM,BLR,2026-09-25,15,Air India Express,"1238, 2004",2026-09-25T12:25:00,2026-09-25T20:10:00,economy,,,,13037.0,INR,BOM > GOI > BLR,2026-09-10T21:26:31.664141,verified
Ignav,API,BOM,BLR,2026-09-25,15,Air India,"2919, 9779",2026-09-25T21:35:00,2026-09-26T11:15:00,economy,,,,13043.0,INR,BOM > AMD > BLR,2026-09-10T21:26:31.664148,verified
Ignav,API,BOM,BLR,2026-09-25,15,Air India,"2619, 9565",2026-09-25T18:00:00,2026-09-25T22:35:00,economy,,,,13120.0,INR,BOM > HYD > BLR,2026-09-10T21:26:31.664155,verified
Ignav,API,BOM,BLR,2026-09-25,15,Air India,"2503, 9779",2026-09-25T12:55:00,2026-09-26T11:15:00,economy,,,,13139.0,INR,BOM > AMD > BLR,2026-09-10T21:26:31.664163,verified
Ignav,API,BOM,BLR,2026-09-25,15,Air India,"435, 9479",2026-09-25T18:10:00,2026-09-25T22:35:00,economy,,,,13166.0,INR,BOM > MAA > BLR,2026-09-10T21:26:31.664169,verified
Ignav,API,BOM,BLR,2026-09-25,15,Air India,"2821, 9479",2026-09-25T06:40:00,2026-09-25T22:35:00,economy,,,,13166.0,INR,BOM > MAA > BLR,2026-09-10T21:26:31.664176,verified
Ignav,API,BOM,BLR,2026-09-25,15,IndiGo,"5228, 285",2026-09-25T16:45:00,2026-09-25T21:20:00,economy,,,,13330.0,INR,BOM > HYD > BLR,2026-09-10T21:26:31.664183,verified
Ignav,API,BOM,BLR,2026-09-25,15,Air India,"2787, 9450",2026-09-25T06:35:00,2026-09-25T15:00:00,economy,,,,13418.0,INR,BOM > COK > BLR,2026-09-10T21:26:31.664190,verified
Ignav,API,BOM,BLR,2026-09-25,15,Air India,"2787, 9454",2026-09-25T06:35:00,2026-09-25T18:50:00,economy,,,,13418.0,INR,BOM > COK > BLR,2026-09-10T21:26:31.664196,verified
Ignav,API,BOM,BLR,2026-09-25,15,Air India,"2739, 9479",2026-09-25T09:00:00,2026-09-25T22:35:00,economy,,,,13580.0,INR,BOM > MAA > BLR,2026-09-10T21:26:31.664203,verified
Ignav,API,BOM,BLR,2026-09-25,15,Air India,"2915, 9779",2026-09-25T15:30:00,2026-09-26T11:15:00,economy,,,,13594.0,INR,BOM > AMD > BLR,2026-09-10T21:26:31.664210,verified
Ignav,API,BOM,BLR,2026-09-25,15,Air India,"2493, 9779",2026-09-25T18:25:00,2026-09-26T11:15:00,economy,,,,13700.0,INR,BOM > AMD > BLR,2026-09-10T21:26:31.664217,verified
Ignav,API,BOM,BLR,2026-09-25,15,Air India,"2787, 9452",2026-09-25T06:35:00,2026-09-25T11:35:00,economy,,,,13982.0,INR,BOM > COK > BLR,2026-09-10T21:26:31.664223,verified
Ignav,API,BOM,BLR,2026-09-25,15,Air India,"2780, 9479",2026-09-25T14:00:00,2026-09-25T22:35:00,economy,,,,14030.0,INR,BOM > MAA > BLR,2026-09-10T21:26:31.664230,verified
Ignav,API,BOM,BLR,2026-09-25,15,Air India,"1891, 9604",2026-09-25T08:10:00,2026-09-25T19:05:00,economy,,,,14035.0,INR,BOM > IDR > BLR,2026-09-10T21:26:31.664237,verified
Ignav,API,BOM,BLR,2026-09-25,15,IndiGo,"5178, 6405",2026-09-25T11:45:00,2026-09-25T15:50:00,economy,,,,14139.0,INR,BOM > HYD > BLR,2026-09-10T21:26:31.664243,verified
Ignav,API,BOM,BLR,2026-09-25,15,IndiGo,"5318, 6405",2026-09-25T10:15:00,2026-09-25T15:50:00,economy,,,,14422.0,INR,BOM > HYD > BLR,2026-09-10T21:26:31.664250,verified
Ignav,API,BOM,BLR,2026-09-25,15,IndiGo,"5178, 314",2026-09-25T11:45:00,2026-09-25T17:50:00,economy,,,,14478.0,INR,BOM > HYD > BLR,2026-09-10T21:26:31.664257,verified
Ignav,API,BOM,BLR,2026-09-25,15,IndiGo,"5318, 314",2026-09-25T10:15:00,2026-09-25T17:50:00,economy,,,,14478.0,INR,BOM > HYD > BLR,2026-09-10T21:26:31.664263,verified
Ignav,API,BOM,BLR,2026-09-25,15,Air India,"2855, 9450",2026-09-25T10:00:00,2026-09-25T15:00:00,economy,,,,14550.0,INR,BOM > COK > BLR,2026-09-10T21:26:31.664271,verified
Ignav,API,BOM,BLR,2026-09-25,15,Air India,"2855, 9454",2026-09-25T10:00:00,2026-09-25T18:50:00,economy,,,,14550.0,INR,BOM > COK > BLR,2026-09-10T21:26:31.664277,verified
Ignav,API,BOM,BLR,2026-09-25,15,Air India,"2491, 9546",2026-09-25T11:15:00,2026-09-26T01:05:00,economy,,,,14812.0,INR,BOM > LKO > BLR,2026-09-10T21:26:31.664284,verified
Ignav,API,BOM,BLR,2026-09-25,15,Air India,"2422, 2653",2026-09-25T01:00:00,2026-09-25T07:20:00,economy,,,,15138.0,INR,BOM > DEL > BLR,2026-09-10T21:26:31.664291,verified
Ignav,API,BOM,BLR,2026-09-25,15,IndiGo,"5246, 6405",2026-09-25T07:15:00,2026-09-25T15:50:00,economy,,,,15350.0,INR,BOM > HYD > BLR,2026-09-10T21:26:31.664298,verified
Ignav,API,BOM,BLR,2026-09-25,15,Air India,"2452, 2803",2026-09-25T03:05:00,2026-09-25T09:25:00,economy,,,,15572.0,INR,BOM > DEL > BLR,2026-09-10T21:26:31.664304,verified
Ignav,API,BOM,BLR,2026-09-25,15,Air India,"816, 2757",2026-09-25T21:00:00,2026-09-26T03:10:00,economy,,,,15686.0,INR,BOM > DEL > BLR,2026-09-10T21:26:31.664311,verified
Ignav,API,BOM,BLR,2026-09-25,15,Air India,"2452, 2815",2026-09-25T03:05:00,2026-09-25T09:55:00,economy,,,,15811.0,INR,BOM > DEL > BLR,2026-09-10T21:26:31.664318,verified
Ignav,API,BOM,BLR,2026-09-25,15,IndiGo,"6057, 6584",2026-09-25T09:15:00,2026-09-25T13:35:00,economy,,,,15839.0,INR,BOM > GOX > BLR,2026-09-10T21:26:31.664324,verified
Ignav,API,BOM,BLR,2026-09-25,15,Air India,"2687, 2819",2026-09-25T11:25:00,2026-09-25T17:55:00,economy,,,,15986.0,INR,BOM > DEL > BLR,2026-09-10T21:26:31.664331,verified
Ignav,API,BOM,BLR,2026-09-25,15,Air India,"2952, 2819",2026-09-25T11:25:00,2026-09-25T17:55:00,economy,,,,16225.0,INR,BOM > DEL > BLR,2026-09-10T21:26:31.664337,verified
Ignav,API,BOM,BLR,2026-09-25,15,Air India,"2988, 2757",2026-09-25T20:30:00,2026-09-26T03:10:00,economy,,,,16335.0,INR,BOM > DEL > BLR,2026-09-10T21:26:31.664344,verified
Ignav,API,BOM,BLR,2026-09-25,15,Air India,"2745, 9525",2026-09-25T15:30:00,2026-09-25T20:10:00,economy,,,,16484.0,INR,BOM > GOI > BLR,2026-09-10T21:26:31.664351,verified
Ignav,API,BOM,BLR,2026-09-25,15,Air India,"2442, 2487",2026-09-25T15:00:00,2026-09-25T21:25:00,economy,,,,16507.0,INR,BOM > DEL > BLR,2026-09-10T21:26:31.664358,verified
Ignav,API,BOM,BLR,2026-09-25,15,Air India,"2944, 2487",2026-09-25T14:35:00,2026-09-25T21:25:00,economy,,,,16519.0,INR,BOM > DEL > BLR,2026-09-10T21:26:31.664364,verified
Ignav,API,BOM,BLR,2026-09-25,15,Air India,"2930, 2485",2026-09-25T07:30:00,2026-09-25T13:20:00,economy,,,,16640.0,INR,BOM > DEL > BLR,2026-09-10T21:26:31.664371,verified
Ignav,API,BOM,BLR,2026-09-25,15,Air India,"2677, 2817",2026-09-25T13:00:00,2026-09-25T19:15:00,economy,,,,16640.0,INR,BOM > DEL > BLR,2026-09-10T21:26:31.664377,verified
Ignav,API,BOM,BLR,2026-09-25,15,Air India,"2424, 2485",2026-09-25T07:00:00,2026-09-25T13:20:00,economy,,,,16640.0,INR,BOM > DEL > BLR,2026-09-10T21:26:31.664384,verified
Ignav,API,BOM,BLR,2026-09-25,15,Air India,"2928, 2485",2026-09-25T06:30:00,2026-09-25T13:20:00,economy,,,,16669.0,INR,BOM > DEL > BLR,2026-09-10T21:26:31.664390,verified
Ignav,API,BOM,BLR,2026-09-25,15,IndiGo,"5178, 6417",2026-09-25T11:45:00,2026-09-25T19:05:00,economy,,,,16973.0,INR,BOM > HYD > BLR,2026-09-10T21:26:31.664397,verified
Ignav,API,BOM,BLR,2026-09-25,15,Air India,"2928, 2415",2026-09-25T06:30:00,2026-09-25T12:25:00,economy,,,,17448.0,INR,BOM > DEL > BLR,2026-09-10T21:26:31.664405,verified
Ignav,API,BOM,BLR,2026-09-25,15,Air India,"2471, 9440",2026-09-25T11:30:00,2026-09-25T18:00:00,economy,,,,17522.0,INR,BOM > CCU > BLR,2026-09-10T21:26:31.664411,verified
Ignav,API,BOM,BLR,2026-09-25,15,Air India,"2432, 2417",2026-09-25T09:30:00,2026-09-25T15:55:00,economy,,,,17552.0,INR,BOM > DEL > BLR,2026-09-10T21:26:31.664418,verified
Ignav,API,BOM,BLR,2026-09-25,15,Air India,"2531, 9575",2026-09-25T15:05:00,2026-09-25T20:45:00,economy,,,,17619.0,INR,BOM > HYD > BLR,2026-09-10T21:26:31.664424,verified
Ignav,API,BOM,BLR,2026-09-25,15,IndiGo,"261, 633",2026-09-25T11:20:00,2026-09-25T15:45:00,economy,,,,19697.0,INR,BOM > GOI > BLR,2026-09-10T21:26:31.664431,verified
Ignav,API,BOM,BLR,2026-09-25,15,Air India,"2663, 9545",2026-09-25T10:25:00,2026-09-25T18:50:00,economy,,,,20937.0,INR,BOM > SXR > BLR,2026-09-10T21:26:31.664438,verified
Ignav,API,BOM,BLR,2026-09-25,15,IndiGo,"5178, 6783",2026-09-25T11:45:00,2026-09-25T20:05:00,economy,,,,20989.0,INR,BOM > HYD > BLR,2026-09-10T21:26:31.664445,verified
Ignav,API,BOM,BLR,2026-09-25,15,Air India,"2741, 9603",2026-09-25T07:40:00,2026-09-25T16:00:00,economy,,,,28309.0,INR,BOM > DED > BLR,2026-09-10T21:26:31.664451,verified
Ignav,API,BOM,BLR,2026-10-10,30,Akasa Air,1133,2026-10-10T20:05:00,2026-10-10T21:45:00,economy,,,,4750.0,INR,BOM > BLR,2026-09-10T21:26:32.924092,verified
Ignav,API,BOM,BLR,2026-10-10,30,Akasa Air,1518,2026-10-10T21:45:00,2026-10-10T23:35:00,economy,,,,4750.0,INR,BOM > BLR,2026-09-10T21:26:32.924126,verified
Ignav,API,BOM,BLR,2026-10-10,30,Akasa Air,1516,2026-10-10T00:40:00,2026-10-10T02:35:00,economy,,,,4750.0,INR,BOM > BLR,2026-09-10T21:26:32.924137,verified
Ignav,API,BOM,BLR,2026-10-10,30,IndiGo,5323,2026-10-10T01:10:00,2026-10-10T03:05:00,economy,,,,4942.0,INR,BOM > BLR,2026-09-10T21:26:32.924146,verified
Ignav,API,BOM,BLR,2026-10-10,30,IndiGo,5294,2026-10-10T04:30:00,2026-10-10T06:25:00,economy,,,,4942.0,INR,BOM > BLR,2026-09-10T21:26:32.924155,verified
Ignav,API,BOM,BLR,2026-10-10,30,Air India Express,5986,2026-10-10T08:40:00,2026-10-10T10:30:00,economy,,,,5249.0,INR,BOM > BLR,2026-09-10T21:26:32.924164,verified
Ignav,API,BOM,BLR,2026-10-10,30,Air India Express,"1238, 2023",2026-10-10T12:25:00,2026-10-10T16:05:00,economy,,,,5249.0,INR,BOM > GOI > BLR,2026-09-10T21:26:32.924175,verified
Ignav,API,BOM,BLR,2026-10-10,30,Air India Express,"1242, 2004",2026-10-10T16:30:00,2026-10-10T20:10:00,economy,,,,5249.0,INR,BOM > GOI > BLR,2026-09-10T21:26:32.924185,verified
Ignav,API,BOM,BLR,2026-10-10,30,Air India Express,"1238, 2004",2026-10-10T12:25:00,2026-10-10T20:10:00,economy,,,,5249.0,INR,BOM > GOI > BLR,2026-09-10T21:26:32.924195,verified
Ignav,API,BOM,BLR,2026-10-10,30,Air India,2812,2026-10-10T02:05:00,2026-10-10T04:10:00,economy,,,,5261.0,INR,BOM > BLR,2026-09-10T21:26:32.924203,verified
Ignav,API,BOM,BLR,2026-10-10,30,Air India,2857,2026-10-10T23:30:00,2026-10-11T01:35:00,economy,,,,5261.0,INR,BOM > BLR,2026-09-10T21:26:32.924212,verified
Ignav,API,BOM,BLR,2026-10-10,30,IndiGo,5296,2026-10-10T06:15:00,2026-10-10T08:00:00,economy,,,,6796.0,INR,BOM > BLR,2026-09-10T21:26:32.924221,verified
Ignav,API,BOM,BLR,2026-10-10,30,IndiGo,6188,2026-10-10T21:30:00,2026-10-10T23:25:00,economy,,,,6796.0,INR,BOM > BLR,2026-09-10T21:26:32.924229,verified
Ignav,API,BOM,BLR,2026-10-10,30,IndiGo,5388,2026-10-10T22:20:00,2026-10-11T00:20:00,economy,,,,6796.0,INR,BOM > BLR,2026-09-10T21:26:32.924237,verified
Ignav,API,BOM,BLR,2026-10-10,30,IndiGo,"6361, 249",2026-10-10T05:00:00,2026-10-10T08:35:00,economy,,,,6952.0,INR,BOM > GOI > BLR,2026-09-10T21:26:32.924247,verified
Ignav,API,BOM,BLR,2026-10-10,30,IndiGo,"5241, 6163",2026-10-10T16:40:00,2026-10-10T20:25:00,economy,,,,6952.0,INR,BOM > GOI > BLR,2026-09-10T21:26:32.924256,verified
Ignav,API,BOM,BLR,2026-10-10,30,IndiGo,5032,2026-10-10T19:50:00,2026-10-10T21:45:00,economy,,,,7111.0,INR,BOM > BLR,2026-09-10T21:26:32.924264,verified
Ignav,API,BOM,BLR,2026-10-10,30,IndiGo,5193,2026-10-10T07:45:00,2026-10-10T09:45:00,economy,,,,7111.0,INR,BOM > BLR,2026-09-10T21:26:32.924273,verified
Ignav,API,BOM,BLR,2026-10-10,30,IndiGo,"261, 633",2026-10-10T11:20:00,2026-10-10T15:45:00,economy,,,,7187.0,INR,BOM > GOI > BLR,2026-09-10T21:26:32.924282,verified
Ignav,API,BOM,BLR,2026-10-10,30,IndiGo,"230, 6754",2026-10-10T13:55:00,2026-10-10T18:20:00,economy,,,,7188.0,INR,BOM > GOI > BLR,2026-09-10T21:26:32.924290,verified
Ignav,API,BOM,BLR,2026-10-10,30,IndiGo,"230, 6163",2026-10-10T13:55:00,2026-10-10T20:25:00,economy,,,,7244.0,INR,BOM > GOI > BLR,2026-09-10T21:26:32.924300,verified
Ignav,API,BOM,BLR,2026-10-10,30,IndiGo,"6057, 6584",2026-10-10T09:15:00,2026-10-10T13:35:00,economy,,,,7318.0,INR,BOM > GOX > BLR,2026-09-10T21:26:32.924309,verified
Ignav,API,BOM,BLR,2026-10-10,30,IndiGo,"5386, 6783",2026-10-10T15:10:00,2026-10-10T20:05:00,economy,,,,7318.0,INR,BOM > HYD > BLR,2026-09-10T21:26:32.924317,verified
Ignav,API,BOM,BLR,2026-10-10,30,IndiGo,"5179, 413",2026-10-10T02:45:00,2026-10-10T07:50:00,economy,,,,7318.0,INR,BOM > HYD > BLR,2026-09-10T21:26:32.924327,verified
Ignav,API,BOM,BLR,2026-10-10,30,IndiGo,"5179, 151",2026-10-10T02:45:00,2026-10-10T08:40:00,economy,,,,7374.0,INR,BOM > HYD > BLR,2026-09-10T21:26:32.924336,verified
Ignav,API,BOM,BLR,2026-10-10,30,IndiGo,"5386, 285",2026-10-10T15:10:00,2026-10-10T21:20:00,economy,,,,7374.0,INR,BOM > HYD > BLR,2026-09-10T21:26:32.924345,verified
Ignav,API,BOM,BLR,2026-10-10,30,IndiGo,"6187, 413",2026-10-10T00:30:00,2026-10-10T07:50:00,economy,,,,7374.0,INR,BOM > HYD > BLR,2026-09-10T21:26:32.924354,verified
Ignav,API,BOM,BLR,2026-10-10,30,IndiGo,5047,2026-10-10T18:30:00,2026-10-10T20:15:00,economy,,,,7426.0,INR,BOM > BLR,2026-09-10T21:26:32.924363,verified
Ignav,API,BOM,BLR,2026-10-10,30,IndiGo,5071,2026-10-10T15:35:00,2026-10-10T17:25:00,economy,,,,7426.0,INR,BOM > BLR,2026-09-10T21:26:32.924371,verified
Ignav,API,BOM,BLR,2026-10-10,30,IndiGo,5217,2026-10-10T11:00:00,2026-10-10T12:55:00,economy,,,,7426.0,INR,BOM > BLR,2026-09-10T21:26:32.924380,verified
Ignav,API,BOM,BLR,2026-10-10,30,IndiGo,5184,2026-10-10T12:30:00,2026-10-10T14:25:00,economy,,,,7426.0,INR,BOM > BLR,2026-09-10T21:26:32.924388,verified
Ignav,API,BOM,BLR,2026-10-10,30,IndiGo,5382,2026-10-10T14:30:00,2026-10-10T16:25:00,economy,,,,7426.0,INR,BOM > BLR,2026-09-10T21:26:32.924396,verified
Ignav,API,BOM,BLR,2026-10-10,30,IndiGo,5221,2026-10-10T17:00:00,2026-10-10T18:55:00,economy,,,,7426.0,INR,BOM > BLR,2026-09-10T21:26:32.924404,verified
Ignav,API,BOM,BLR,2026-10-10,30,Air India,2603,2026-10-10T06:35:00,2026-10-10T08:35:00,economy,,,,7427.0,INR,BOM > BLR,2026-09-10T21:26:32.924413,verified
Ignav,API,BOM,BLR,2026-10-10,30,Air India,2401,2026-10-10T20:45:00,2026-10-10T22:45:00,economy,,,,7427.0,INR,BOM > BLR,2026-09-10T21:26:32.924421,verified
Ignav,API,BOM,BLR,2026-10-10,30,Air India,2865,2026-10-10T19:45:00,2026-10-10T21:50:00,economy,,,,7427.0,INR,BOM > BLR,2026-09-10T21:26:32.924429,verified
Ignav,API,BOM,BLR,2026-10-10,30,IndiGo,"6802, 6432",2026-10-10T16:55:00,2026-10-10T21:20:00,economy,,,,7449.0,INR,BOM > NAG > BLR,2026-09-10T21:26:32.924439,verified
Ignav,API,BOM,BLR,2026-10-10,30,IndiGo,"5241, 6557",2026-10-10T16:40:00,2026-10-10T22:15:00,economy,,,,7480.0,INR,BOM > GOI > BLR,2026-09-10T21:26:32.924448,verified
Ignav,API,BOM,BLR,2026-10-10,30,IndiGo,"136, 6081",2026-10-10T04:05:00,2026-10-10T08:05:00,economy,,,,7528.0,INR,BOM > MAA > BLR,2026-09-10T21:26:32.924457,verified
Ignav,API,BOM,BLR,2026-10-10,30,IndiGo,"5126, 6587",2026-10-10T18:15:00,2026-10-10T22:40:00,economy,,,,7528.0,INR,BOM > IXM > BLR,2026-09-10T21:26:32.924465,verified
Ignav,API,BOM,BLR,2026-10-10,30,IndiGo,"673, 738",2026-10-10T12:30:00,2026-10-10T17:15:00,economy,,,,7528.0,INR,BOM > COK > BLR,2026-09-10T21:26:32.924474,verified
Ignav,API,BOM,BLR,2026-10-10,30,IndiGo,"5196, 189",2026-10-10T15:25:00,2026-10-10T20:10:00,economy,,,,7528.0,INR,BOM > MAA > BLR,2026-09-10T21:26:32.924483,verified
Ignav,API,BOM,BLR,2026-10-10,30,IndiGo,"5337, 365",2026-10-10T13:45:00,2026-10-10T18:45:00,economy,,,,7528.0,INR,BOM > MAA > BLR,2026-09-10T21:26:32.924492,verified
Ignav,API,BOM,BLR,2026-10-10,30,IndiGo,"911, 6422",2026-10-10T01:30:00,2026-10-10T06:40:00,economy,,,,7584.0,INR,BOM > AMD > BLR,2026-09-10T21:26:32.924501,verified
Ignav,API,BOM,BLR,2026-10-10,30,IndiGo,"6701, 6535",2026-10-10T05:35:00,2026-10-10T10:55:00,economy,,,,7584.0,INR,BOM > COK > BLR,2026-09-10T21:26:32.924510,verified
Ignav,API,BOM,BLR,2026-10-10,30,IndiGo,"5048, 796",2026-10-10T17:25:00,2026-10-10T23:00:00,economy,,,,7584.0,INR,BOM > MAA > BLR,2026-09-10T21:26:32.924519,verified
Ignav,API,BOM,BLR,2026-10-10,30,IndiGo,"6349, 847",2026-10-10T11:40:00,2026-10-10T17:20:00,economy,,,,7584.0,INR,BOM > MAA > BLR,2026-09-10T21:26:32.924527,verified
Ignav,API,BOM,BLR,2026-10-10,30,IndiGo,"437, 472",2026-10-10T17:10:00,2026-10-10T22:50:00,economy,,,,7584.0,INR,BOM > COK > BLR,2026-09-10T21:26:32.924536,verified
Ignav,API,BOM,BLR,2026-10-10,30,IndiGo,"5188, 6892",2026-10-10T06:15:00,2026-10-10T12:00:00,economy,,,,7584.0,INR,BOM > MAA > BLR,2026-09-10T21:26:32.924546,verified
Ignav,API,BOM,BLR,2026-10-10,30,IndiGo,"5313, 6209",2026-10-10T09:50:00,2026-10-10T15:40:00,economy,,,,7584.0,INR,BOM > MAA > BLR,2026-09-10T21:26:32.924555,verified
Ignav,API,BOM,BLR,2026-10-10,30,IndiGo,"136, 6815",2026-10-10T04:05:00,2026-10-10T10:05:00,economy,,,,7584.0,INR,BOM > MAA > BLR,2026-09-10T21:26:32.924563,verified
Ignav,API,BOM,BLR,2026-10-10,30,IndiGo,"5109, 6774",2026-10-10T09:35:00,2026-10-10T15:40:00,economy,,,,7584.0,INR,BOM > CJB > BLR,2026-09-10T21:26:32.924572,verified
Ignav,API,BOM,BLR,2026-10-10,30,IndiGo,"2284, 6508",2026-10-10T12:05:00,2026-10-10T18:10:00,economy,,,,7584.0,INR,BOM > HSR > BLR,2026-09-10T21:26:32.924581,verified
Ignav,API,BOM,BLR,2026-10-10,30,IndiGo,"5107, 996",2026-10-10T20:00:00,2026-10-11T02:05:00,economy,,,,7584.0,INR,BOM > AMD > BLR,2026-09-10T21:26:32.924590,verified
Ignav,API,BOM,BLR,2026-10-10,30,IndiGo,"5337, 189",2026-10-10T13:45:00,2026-10-10T20:10:00,economy,,,,7584.0,INR,BOM > MAA > BLR,2026-09-10T21:26:32.924599,verified
Ignav,API,BOM,BLR,2026-10-10,30,IndiGo,"5181, 6739",2026-10-10T10:25:00,2026-10-10T16:45:00,economy,,,,7715.0,INR,BOM > IDR > BLR,2026-09-10T21:26:32.924609,verified
Ignav,API,BOM,BLR,2026-10-10,30,IndiGo,"5082, 7378",2026-10-10T18:05:00,2026-10-10T21:50:00,economy,,,,7729.0,INR,BOM > HBX > BLR,2026-09-10T21:26:32.924618,verified
Ignav,API,BOM,BLR,2026-10-10,30,IndiGo,5092,2026-10-10T09:50:00,2026-10-10T11:55:00,economy,,,,7846.0,INR,BOM > BLR,2026-09-10T21:26:32.924626,verified
Ignav,API,BOM,BLR,2026-10-10,30,IndiGo,"5228, 285",2026-10-10T16:45:00,2026-10-10T21:20:00,economy,,,,7860.0,INR,BOM > HYD > BLR,2026-09-10T21:26:32.924634,verified
Ignav,API,BOM,BLR,2026-10-10,30,IndiGo,"2016, 7712",2026-10-10T13:35:00,2026-10-10T18:10:00,economy,,,,8070.0,INR,BOM > TRZ > BLR,2026-09-10T21:26:32.924642,verified
Ignav,API,BOM,BLR,2026-10-10,30,Air India,2851,2026-10-10T07:55:00,2026-10-10T10:05:00,economy,,,,8135.0,INR,BOM > BLR,2026-09-10T21:26:32.924650,verified
Ignav,API,BOM,BLR,2026-10-10,30,Air India,2853,2026-10-10T15:25:00,2026-10-10T17:35:00,economy,,,,8140.0,INR,BOM > BLR,2026-09-10T21:26:32.924657,verified
Ignav,API,BOM,BLR,2026-10-10,30,Air India,2632,2026-10-10T12:00:00,2026-10-10T14:05:00,economy,,,,8194.0,INR,BOM > BLR,2026-09-10T21:26:32.924665,verified
Ignav,API,BOM,BLR,2026-10-10,30,Air India,2849,2026-10-10T17:30:00,2026-10-10T19:35:00,economy,,,,8332.0,INR,BOM > BLR,2026-09-10T21:26:32.924672,verified
Ignav,API,BOM,BLR,2026-10-10,30,Air India,2641,2026-10-10T18:30:00,2026-10-10T20:35:00,economy,,,,8332.0,INR,BOM > BLR,2026-09-10T21:26:32.924680,verified
Ignav,API,BOM,BLR,2026-10-10,30,IndiGo,"5228, 6505",2026-10-10T16:45:00,2026-10-10T22:50:00,economy,,,,8508.0,INR,BOM > HYD > BLR,2026-09-10T21:26:32.924689,verified
Ignav,API,BOM,BLR,2026-10-10,30,Air India,2863,2026-10-10T10:00:00,2026-10-10T12:05:00,economy,,,,8769.0,INR,BOM > BLR,2026-09-10T21:26:32.924696,verified
Ignav,API,BOM,BLR,2026-10-10,30,Air India Express,"1810, 2115",2026-10-10T13:40:00,2026-10-10T20:00:00,economy,,,,9148.0,INR,BOM > COK > BLR,2026-09-10T21:26:32.924705,verified
Ignav,API,BOM,BLR,2026-10-10,30,Air India Express,"1797, 1894",2026-10-10T05:05:00,2026-10-10T11:35:00,economy,,,,9148.0,INR,BOM > COK > BLR,2026-09-10T21:26:32.924713,verified
Ignav,API,BOM,BLR,2026-10-10,30,Air India Express,"1797, 1896",2026-10-10T05:05:00,2026-10-10T15:00:00,economy,,,,9148.0,INR,BOM > COK > BLR,2026-09-10T21:26:32.924721,verified
Ignav,API,BOM,BLR,2026-10-10,30,Air India Express,"1801, 1692",2026-10-10T20:20:00,2026-10-11T08:25:00,economy,,,,9148.0,INR,BOM > COK > BLR,2026-09-10T21:26:32.924728,verified
Ignav,API,BOM,BLR,2026-10-10,30,Air India Express,"1797, 2115",2026-10-10T05:05:00,2026-10-10T20:00:00,economy,,,,9148.0,INR,BOM > COK > BLR,2026-09-10T21:26:32.924737,verified
Ignav,API,BOM,BLR,2026-10-10,30,Air India,"2619, 9565",2026-10-10T18:00:00,2026-10-10T22:30:00,economy,,,,10218.0,INR,BOM > HYD > BLR,2026-09-10T21:26:32.924745,verified
Ignav,API,BOM,BLR,2026-10-10,30,Air India,"2625, 9569",2026-10-10T06:00:00,2026-10-10T18:20:00,economy,,,,10336.0,INR,BOM > HYD > BLR,2026-09-10T21:26:32.924753,verified
Ignav,API,BOM,BLR,2026-10-10,30,Air India,"2444, 9575",2026-10-10T10:50:00,2026-10-10T20:50:00,economy,,,,10380.0,INR,BOM > HYD > BLR,2026-09-10T21:26:32.924761,verified
Ignav,API,BOM,BLR,2026-10-10,30,Air India,"2444, 9565",2026-10-10T10:50:00,2026-10-10T22:30:00,economy,,,,10380.0,INR,BOM > HYD > BLR,2026-09-10T21:26:32.924769,verified
Ignav,API,BOM,BLR,2026-10-10,30,Air India,"2531, 9575",2026-10-10T15:05:00,2026-10-10T20:50:00,economy,,,,10596.0,INR,BOM > HYD > BLR,2026-09-10T21:26:32.924777,verified
Ignav,API,BOM,BLR,2026-10-10,30,Air India,"2531, 9565",2026-10-10T15:05:00,2026-10-10T22:30:00,economy,,,,10596.0,INR,BOM > HYD > BLR,2026-09-10T21:26:32.924786,verified
Ignav,API,BOM,BLR,2026-10-10,30,Air India,"2444, 9569",2026-10-10T10:50:00,2026-10-10T18:20:00,economy,,,,10606.0,INR,BOM > HYD > BLR,2026-09-10T21:26:32.924794,verified
Ignav,API,BOM,BLR,2026-10-10,30,Air India,"603, 9529",2026-10-10T05:00:00,2026-10-10T16:05:00,economy,,,,10615.0,INR,BOM > GOI > BLR,2026-09-10T21:26:32.924802,verified
Ignav,API,BOM,BLR,2026-10-10,30,Air India,"603, 9525",2026-10-10T05:00:00,2026-10-10T20:10:00,economy,,,,10615.0,INR,BOM > GOI > BLR,2026-09-10T21:26:32.924810,verified
Ignav,API,BOM,BLR,2026-10-10,30,Air India,"417, 9569",2026-10-10T08:55:00,2026-10-10T18:20:00,economy,,,,10823.0,INR,BOM > HYD > BLR,2026-09-10T21:26:32.924818,verified
Ignav,API,BOM,BLR,2026-10-10,30,Air India,"2739, 9971",2026-10-10T09:00:00,2026-10-10T17:45:00,economy,,,,10825.0,INR,BOM > MAA > BLR,2026-09-10T21:26:32.924825,verified
Ignav,API,BOM,BLR,2026-10-10,30,Air India,"639, 9427",2026-10-10T22:55:00,2026-10-11T07:50:00,economy,,,,10825.0,INR,BOM > MAA > BLR,2026-09-10T21:26:32.924833,verified
Ignav,API,BOM,BLR,2026-10-10,30,Air India,"639, 9483",2026-10-10T22:55:00,2026-10-11T08:35:00,economy,,,,10825.0,INR,BOM > MAA > BLR,2026-09-10T21:26:32.924842,verified
Ignav,API,BOM,BLR,2026-10-10,30,Air India,"639, 9763",2026-10-10T22:55:00,2026-10-11T10:00:00,economy,,,,10825.0,INR,BOM > MAA > BLR,2026-09-10T21:26:32.924849,verified
Ignav,API,BOM,BLR,2026-10-10,30,Air India,"2821, 9481",2026-10-10T06:40:00,2026-10-10T11:55:00,economy,,,,11527.0,INR,BOM > MAA > BLR,2026-09-10T21:26:32.924857,verified
Ignav,API,BOM,BLR,2026-10-10,30,Air India,"435, 9479",2026-10-10T18:10:00,2026-10-10T22:35:00,economy,,,,11648.0,INR,BOM > MAA > BLR,2026-09-10T21:26:32.924866,verified
Ignav,API,BOM,BLR,2026-10-10,30,Air India,"2780, 9479",2026-10-10T14:00:00,2026-10-10T22:35:00,economy,,,,11648.0,INR,BOM > MAA > BLR,2026-09-10T21:26:32.924874,verified
Ignav,API,BOM,BLR,2026-10-10,30,Air India,"2787, 9452",2026-10-10T06:35:00,2026-10-10T11:35:00,economy,,,,12960.0,INR,BOM > COK > BLR,2026-09-10T21:26:32.924882,verified
Ignav,API,BOM,BLR,2026-10-10,30,Air India,"2787, 9450",2026-10-10T06:35:00,2026-10-10T15:00:00,economy,,,,12960.0,INR,BOM > COK > BLR,2026-09-10T21:26:32.924890,verified
Ignav,API,BOM,BLR,2026-10-10,30,Air India,"2787, 9454",2026-10-10T06:35:00,2026-10-10T20:00:00,economy,,,,12960.0,INR,BOM > COK > BLR,2026-09-10T21:26:32.924898,verified
Ignav,API,BOM,BLR,2026-10-10,30,Air India,"2787, 9456",2026-10-10T06:35:00,2026-10-11T08:25:00,economy,,,,12960.0,INR,BOM > COK > BLR,2026-09-10T21:26:32.924906,verified
Ignav,API,BOM,BLR,2026-10-10,30,Air India,"493, 9779",2026-10-10T06:40:00,2026-10-10T11:15:00,economy,,,,15030.0,INR,BOM > AMD > BLR,2026-09-10T21:26:32.924914,verified
Ignav,API,BOM,BLR,2026-10-10,30,Air India,"2944, 2813",2026-10-10T14:35:00,2026-10-10T20:55:00,economy,,,,16334.0,INR,BOM > DEL > BLR,2026-09-10T21:26:32.924922,verified
Ignav,API,BOM,BLR,2026-10-10,30,Air India,"2442, 2487",2026-10-10T15:00:00,2026-10-10T21:25:00,economy,,,,16334.0,INR,BOM > DEL > BLR,2026-09-10T21:26:32.924930,verified
Ignav,API,BOM,BLR,2026-10-10,30,Air India,"2677, 2817",2026-10-10T13:00:00,2026-10-10T19:15:00,economy,,,,16819.0,INR,BOM > DEL > BLR,2026-09-10T21:26:32.924939,verified
Ignav,API,BOM,BLR,2026-10-10,30,Air India,"2930, 2485",2026-10-10T07:30:00,2026-10-10T13:20:00,economy,,,,17299.0,INR,BOM > DEL > BLR,2026-09-10T21:26:32.924947,verified
Ignav,API,BOM,BLR,2026-10-10,30,Air India,"2928, 2415",2026-10-10T06:30:00,2026-10-10T12:25:00,economy,,,,17625.0,INR,BOM > DEL > BLR,2026-09-10T21:26:32.924955,verified
Ignav,API,BOM,BLR,2026-10-10,30,Air India,"816, 2757",2026-10-10T21:00:00,2026-10-11T03:10:00,economy,,,,18007.0,INR,BOM > DEL > BLR,2026-09-10T21:26:32.924963,verified
Ignav,API,BOM,BLR,2026-10-10,30,IndiGo,"5318, 311",2026-10-10T10:15:00,2026-10-10T14:10:00,economy,,,,21248.0,INR,BOM > HYD > BLR,2026-09-10T21:26:32.924972,verified
Ignav,API,BOM,BLR,2026-10-10,30,IndiGo,"5178, 6405",2026-10-10T11:40:00,2026-10-10T15:50:00,economy,,,,21248.0,INR,BOM > HYD > BLR,2026-09-10T21:26:32.924980,verified
Ignav,API,BOM,BLR,2026-10-10,30,IndiGo,"5318, 6405",2026-10-10T10:15:00,2026-10-10T15:50:00,economy,,,,21304.0,INR,BOM > HYD > BLR,2026-09-10T21:26:32.924988,verified
Ignav,API,BOM,BLR,2026-10-10,30,Air India,"2663, 9545",2026-10-10T10:25:00,2026-10-10T18:50:00,economy,,,,22345.0,INR,BOM > SXR > BLR,2026-09-10T21:26:32.924996,verified
Ignav,API,BOM,BLR,2026-10-10,30,Air India,"2771, 9438",2026-10-10T06:55:00,2026-10-10T13:45:00,economy,,,,23266.0,INR,BOM > CCU > BLR,2026-09-10T21:26:32.925003,verified
Ignav,API,BOM,BLR,2026-10-10,30,Air India,"2471, 9440",2026-10-10T11:30:00,2026-10-10T17:55:00,economy,,,,25218.0,INR,BOM > CCU > BLR,2026-09-10T21:26:32.925011,verified
Ignav,API,BOM,BLR,2026-10-10,30,Air India,"2741, 9603",2026-10-10T07:40:00,2026-10-10T16:00:00,economy,,,,25341.0,INR,BOM > DED > BLR,2026-09-10T21:26:32.925020,verified
Ignav,API,BOM,BLR,2026-10-10,30,Air India,"2773, 9436",2026-10-10T14:05:00,2026-10-10T21:30:00,economy,,,,25494.0,INR,BOM > CCU > BLR,2026-09-10T21:26:32.925027,verified
Ignav,API,BOM,BLR,2026-10-25,45,SpiceJet,555,2026-10-25T23:15:00,2026-10-26T01:10:00,economy,,,,5971.0,INR,BOM > BLR,2026-09-10T21:26:33.818689,verified
Ignav,API,BOM,BLR,2026-10-25,45,SpiceJet,669,2026-10-25T05:45:00,2026-10-25T07:45:00,economy,,,,5971.0,INR,BOM > BLR,2026-09-10T21:26:33.818719,verified
Ignav,API,BOM,BLR,2026-10-25,45,Akasa Air,1336,2026-10-25T22:45:00,2026-10-26T00:35:00,economy,,,,6735.0,INR,BOM > BLR,2026-09-10T21:26:33.818729,verified
Ignav,API,BOM,BLR,2026-10-25,45,IndiGo,5323,2026-10-25T00:45:00,2026-10-25T02:35:00,economy,,,,6957.0,INR,BOM > BLR,2026-09-10T21:26:33.818737,verified
Ignav,API,BOM,BLR,2026-10-25,45,IndiGo,6335,2026-10-25T04:30:00,2026-10-25T06:20:00,economy,,,,6957.0,INR,BOM > BLR,2026-09-10T21:26:33.818746,verified
Ignav,API,BOM,BLR,2026-10-25,45,IndiGo,5296,2026-10-25T06:00:00,2026-10-25T07:50:00,economy,,,,7272.0,INR,BOM > BLR,2026-09-10T21:26:33.818754,verified
Ignav,API,BOM,BLR,2026-10-25,45,Air India,2812,2026-10-25T02:05:00,2026-10-25T03:50:00,economy,,,,7526.0,INR,BOM > BLR,2026-09-10T21:26:33.818761,verified
Ignav,API,BOM,BLR,2026-10-25,45,Air India,2603,2026-10-25T06:35:00,2026-10-25T08:20:00,economy,,,,7526.0,INR,BOM > BLR,2026-09-10T21:26:33.818770,verified
Ignav,API,BOM,BLR,2026-10-25,45,Akasa Air,1332,2026-10-25T08:40:00,2026-10-25T10:30:00,economy,,,,7549.0,INR,BOM > BLR,2026-09-10T21:26:33.818777,verified
Ignav,API,BOM,BLR,2026-10-25,45,IndiGo,5193,2026-10-25T07:25:00,2026-10-25T09:15:00,economy,,,,7587.0,INR,BOM > BLR,2026-09-10T21:26:33.818785,verified
Ignav,API,BOM,BLR,2026-10-25,45,IndiGo,5092,2026-10-25T09:40:00,2026-10-25T11:30:00,economy,,,,7587.0,INR,BOM > BLR,2026-09-10T21:26:33.818792,verified
Ignav,API,BOM,BLR,2026-10-25,45,IndiGo,5388,2026-10-25T22:55:00,2026-10-26T00:45:00,economy,,,,7587.0,INR,BOM > BLR,2026-09-10T21:26:33.818800,verified
Ignav,API,BOM,BLR,2026-10-25,45,SpiceJet,642,2026-10-25T18:20:00,2026-10-25T20:20:00,economy,,,,7767.0,INR,BOM > BLR,2026-09-10T21:26:33.818807,verified
Ignav,API,BOM,BLR,2026-10-25,45,IndiGo,6284,2026-10-25T02:15:00,2026-10-25T04:05:00,economy,,,,8007.0,INR,BOM > BLR,2026-09-10T21:26:33.818814,verified
Ignav,API,BOM,BLR,2026-10-25,45,IndiGo,5217,2026-10-25T11:05:00,2026-10-25T12:55:00,economy,,,,8007.0,INR,BOM > BLR,2026-09-10T21:26:33.818822,verified
Ignav,API,BOM,BLR,2026-10-25,45,IndiGo,5083,2026-10-25T21:45:00,2026-10-25T23:35:00,economy,,,,8007.0,INR,BOM > BLR,2026-09-10T21:26:33.818830,verified
Ignav,API,BOM,BLR,2026-10-25,45,Air India,2863,2026-10-25T10:00:00,2026-10-25T11:45:00,economy,,,,8219.0,INR,BOM > BLR,2026-09-10T21:26:33.818838,verified
Ignav,API,BOM,BLR,2026-10-25,45,Air India,2851,2026-10-25T07:55:00,2026-10-25T09:40:00,economy,,,,8356.0,INR,BOM > BLR,2026-09-10T21:26:33.818847,verified
Ignav,API,BOM,BLR,2026-10-25,45,Air India,2401,2026-10-25T20:45:00,2026-10-25T22:35:00,economy,,,,8398.0,INR,BOM > BLR,2026-09-10T21:26:33.818854,verified
Ignav,API,BOM,BLR,2026-10-25,45,IndiGo,5032,2026-10-25T20:15:00,2026-10-25T22:05:00,economy,,,,8427.0,INR,BOM > BLR,2026-09-10T21:26:33.818862,verified
Ignav,API,BOM,BLR,2026-10-25,45,Akasa Air,1133,2026-10-25T18:50:00,2026-10-25T20:45:00,economy,,,,8480.0,INR,BOM > BLR,2026-09-10T21:26:33.818870,verified
Ignav,API,BOM,BLR,2026-10-25,45,Air India,2623,2026-10-25T11:00:00,2026-10-25T12:45:00,economy,,,,8555.0,INR,BOM > BLR,2026-09-10T21:26:33.818878,verified
Ignav,API,BOM,BLR,2026-10-25,45,Air India,2621,2026-10-25T13:45:00,2026-10-25T15:35:00,economy,,,,8555.0,INR,BOM > BLR,2026-09-10T21:26:33.818885,verified
Ignav,API,BOM,BLR,2026-10-25,45,Air India,2484,2026-10-25T18:00:00,2026-10-25T19:50:00,economy,,,,8555.0,INR,BOM > BLR,2026-09-10T21:26:33.818893,verified
Ignav,API,BOM,BLR,2026-10-25,45,Air India,2853,2026-10-25T15:35:00,2026-10-25T17:25:00,economy,,,,8681.0,INR,BOM > BLR,2026-09-10T21:26:33.818900,verified
Ignav,API,BOM,BLR,2026-10-25,45,Air India,2849,2026-10-25T17:30:00,2026-10-25T19:20:00,economy,,,,8681.0,INR,BOM > BLR,2026-09-10T21:26:33.818909,verified
Ignav,API,BOM,BLR,2026-10-25,45,Air India,2641,2026-10-25T19:15:00,2026-10-25T21:05:00,economy,,,,8681.0,INR,BOM > BLR,2026-09-10T21:26:33.818916,verified
Ignav,API,BOM,BLR,2026-10-25,45,IndiGo,5047,2026-10-25T19:00:00,2026-10-25T20:50:00,economy,,,,8952.0,INR,BOM > BLR,2026-09-10T21:26:33.818924,verified
Ignav,API,BOM,BLR,2026-10-25,45,Air India,2632,2026-10-25T12:00:00,2026-10-25T13:45:00,economy,,,,9028.0,INR,BOM > BLR,2026-09-10T21:26:33.818931,verified
Ignav,API,BOM,BLR,2026-10-25,45,IndiGo,5257,2026-10-25T12:30:00,2026-10-25T14:20:00,economy,,,,9477.0,INR,BOM > BLR,2026-09-10T21:26:33.818939,verified
Ignav,API,BOM,BLR,2026-10-25,45,IndiGo,5221,2026-10-25T17:45:00,2026-10-25T19:35:00,economy,,,,10002.0,INR,BOM > BLR,2026-09-10T21:26:33.818946,verified
Ignav,API,BOM,BLR,2026-10-25,45,IndiGo,5382,2026-10-25T15:00:00,2026-10-25T16:50:00,economy,,,,10632.0,INR,BOM > BLR,2026-09-10T21:26:33.818954,verified
Ignav,API,BOM,BLR,2026-10-25,45,IndiGo,5071,2026-10-25T16:20:00,2026-10-25T18:10:00,economy,,,,16722.0,INR,BOM > BLR,2026-09-10T21:26:33.818961,verified
Ignav,API,DEL,CCU,2026-09-11,1,IndiGo,"6378, 6135",2026-09-11T14:40:00,2026-09-11T19:20:00,economy,,,,7578.0,INR,DEL > IXB > CCU,2026-09-10T21:26:34.690752,verified
Ignav,API,DEL,CCU,2026-09-11,1,IndiGo,"6551, 6102",2026-09-11T12:00:00,2026-09-11T18:00:00,economy,,,,7920.0,INR,DEL > DIB > CCU,2026-09-10T21:26:34.690780,verified
Ignav,API,DEL,CCU,2026-09-11,1,Air India,2702,2026-09-11T02:30:00,2026-09-11T04:50:00,economy,,,,8724.0,INR,DEL > CCU,2026-09-10T21:26:34.690788,verified
Ignav,API,DEL,CCU,2026-09-11,1,IndiGo,247,2026-09-11T23:30:00,2026-09-12T01:45:00,economy,,,,8817.0,INR,DEL > CCU,2026-09-10T21:26:34.690794,verified
Ignav,API,DEL,CCU,2026-09-11,1,Air India,2535,2026-09-11T06:40:00,2026-09-11T08:50:00,economy,,,,8976.0,INR,DEL > CCU,2026-09-10T21:26:34.690800,verified
Ignav,API,DEL,CCU,2026-09-11,1,Air India,1733,2026-09-11T16:15:00,2026-09-11T18:35:00,economy,,,,8976.0,INR,DEL > CCU,2026-09-10T21:26:34.690806,verified
Ignav,API,DEL,CCU,2026-09-11,1,Air India,2707,2026-09-11T18:00:00,2026-09-11T20:20:00,economy,,,,8976.0,INR,DEL > CCU,2026-09-10T21:26:34.690812,verified
Ignav,API,DEL,CCU,2026-09-11,1,Air India,2709,2026-09-11T19:40:00,2026-09-11T21:50:00,economy,,,,9129.0,INR,DEL > CCU,2026-09-10T21:26:34.690818,verified
Ignav,API,DEL,CCU,2026-09-11,1,Air India,2767,2026-09-11T13:00:00,2026-09-11T15:20:00,economy,,,,9129.0,INR,DEL > CCU,2026-09-10T21:26:34.690824,verified
Ignav,API,DEL,CCU,2026-09-11,1,IndiGo,5191,2026-09-11T05:00:00,2026-09-11T07:15:00,economy,,,,9395.0,INR,DEL > CCU,2026-09-10T21:26:34.690830,verified
Ignav,API,DEL,CCU,2026-09-11,1,IndiGo,6415,2026-09-11T16:00:00,2026-09-11T18:15:00,economy,,,,9395.0,INR,DEL > CCU,2026-09-10T21:26:34.690836,verified
Ignav,API,DEL,CCU,2026-09-11,1,IndiGo,340,2026-09-11T07:20:00,2026-09-11T09:40:00,economy,,,,9395.0,INR,DEL > CCU,2026-09-10T21:26:34.690841,verified
Ignav,API,DEL,CCU,2026-09-11,1,IndiGo,897,2026-09-11T12:45:00,2026-09-11T15:05:00,economy,,,,9395.0,INR,DEL > CCU,2026-09-10T21:26:34.690847,verified
Ignav,API,DEL,CCU,2026-09-11,1,IndiGo,910,2026-09-11T14:25:00,2026-09-11T16:45:00,economy,,,,9395.0,INR,DEL > CCU,2026-09-10T21:26:34.690853,verified
Ignav,API,DEL,CCU,2026-09-11,1,Akasa Air,1803,2026-09-11T17:05:00,2026-09-11T19:25:00,economy,,,,9700.0,INR,DEL > CCU,2026-09-10T21:26:34.690858,verified
Ignav,API,DEL,CCU,2026-09-11,1,Air India,1791,2026-09-11T09:55:00,2026-09-11T12:15:00,economy,,,,9722.0,INR,DEL > CCU,2026-09-10T21:26:34.690864,verified
Ignav,API,DEL,CCU,2026-09-11,1,IndiGo,6517,2026-09-11T19:30:00,2026-09-11T21:45:00,economy,,,,9867.0,INR,DEL > CCU,2026-09-10T21:26:34.690869,verified
Ignav,API,DEL,CCU,2026-09-11,1,IndiGo,389,2026-09-11T21:50:00,2026-09-12T00:05:00,economy,,,,9867.0,INR,DEL > CCU,2026-09-10T21:26:34.690876,verified
Ignav,API,DEL,CCU,2026-09-11,1,IndiGo,2276,2026-09-11T17:55:00,2026-09-11T20:15:00,economy,,,,9867.0,INR,DEL > CCU,2026-09-10T21:26:34.690881,verified
Ignav,API,DEL,CCU,2026-09-11,1,Akasa Air,1801,2026-09-11T05:55:00,2026-09-11T08:15:00,economy,,,,9876.0,INR,DEL > CCU,2026-09-10T21:26:34.690887,verified
Ignav,API,DEL,CCU,2026-09-11,1,IndiGo,513,2026-09-11T08:30:00,2026-09-11T10:45:00,economy,,,,10392.0,INR,DEL > CCU,2026-09-10T21:26:34.690892,verified
Ignav,API,DEL,CCU,2026-09-11,1,IndiGo,894,2026-09-11T10:15:00,2026-09-11T12:30:00,economy,,,,10392.0,INR,DEL > CCU,2026-09-10T21:26:34.690898,verified
Ignav,API,DEL,CCU,2026-09-11,1,Air India,1714,2026-09-11T21:00:00,2026-09-11T23:20:00,economy,,,,11428.0,INR,DEL > CCU,2026-09-10T21:26:34.690904,verified
Ignav,API,DEL,CCU,2026-09-11,1,Air India,2705,2026-09-11T07:30:00,2026-09-11T09:50:00,economy,,,,12431.0,INR,DEL > CCU,2026-09-10T21:26:34.690910,verified
Ignav,API,DEL,CCU,2026-09-17,7,Akasa Air,1801,2026-09-17T05:55:00,2026-09-17T08:15:00,economy,,,,5800.0,INR,DEL > CCU,2026-09-10T21:26:35.955032,verified
Ignav,API,DEL,CCU,2026-09-17,7,IndiGo,"6236, 342",2026-09-17T16:20:00,2026-09-17T21:05:00,economy,,,,7320.0,INR,DEL > PAT > CCU,2026-09-10T21:26:35.955059,verified
Ignav,API,DEL,CCU,2026-09-17,7,IndiGo,"6440, 6469",2026-09-17T16:40:00,2026-09-17T22:05:00,economy,,,,7320.0,INR,DEL > LKO > CCU,2026-09-10T21:26:35.955069,verified
Ignav,API,DEL,CCU,2026-09-17,7,IndiGo,"6245, 663",2026-09-17T06:20:00,2026-09-17T13:45:00,economy,,,,7376.0,INR,DEL > PAT > CCU,2026-09-10T21:26:35.955077,verified
Ignav,API,DEL,CCU,2026-09-17,7,IndiGo,"2453, 342",2026-09-17T13:35:00,2026-09-17T21:05:00,economy,,,,7376.0,INR,DEL > PAT > CCU,2026-09-10T21:26:35.955085,verified
Ignav,API,DEL,CCU,2026-09-17,7,IndiGo,"5206, 6469",2026-09-17T13:20:00,2026-09-17T22:05:00,economy,,,,7376.0,INR,DEL > LKO > CCU,2026-09-10T21:26:35.955093,verified
Ignav,API,DEL,CCU,2026-09-17,7,IndiGo,"6459, 669",2026-09-17T05:55:00,2026-09-17T13:25:00,economy,,,,7507.0,INR,DEL > RPR > CCU,2026-09-10T21:26:35.955100,verified
Ignav,API,DEL,CCU,2026-09-17,7,IndiGo,"2361, 6502",2026-09-17T14:35:00,2026-09-17T22:15:00,economy,,,,7507.0,INR,DEL > VNS > CCU,2026-09-10T21:26:35.955108,verified
Ignav,API,DEL,CCU,2026-09-17,7,IndiGo,"6190, 207",2026-09-17T07:40:00,2026-09-17T12:05:00,economy,,,,7530.0,INR,DEL > JAI > CCU,2026-09-10T21:26:35.955115,verified
Ignav,API,DEL,CCU,2026-09-17,7,Akasa Air,1803,2026-09-17T17:05:00,2026-09-17T19:25:00,economy,,,,7559.0,INR,DEL > CCU,2026-09-10T21:26:35.955122,verified
Ignav,API,DEL,CCU,2026-09-17,7,IndiGo,"6190, 6568",2026-09-17T07:40:00,2026-09-17T15:20:00,economy,,,,7586.0,INR,DEL > JAI > CCU,2026-09-10T21:26:35.955130,verified
Ignav,API,DEL,CCU,2026-09-17,7,IndiGo,"2296, 6101",2026-09-17T09:20:00,2026-09-17T17:05:00,economy,,,,7586.0,INR,DEL > BBI > CCU,2026-09-10T21:26:35.955137,verified
Ignav,API,DEL,CCU,2026-09-17,7,IndiGo,"5307, 292",2026-09-17T10:50:00,2026-09-17T15:25:00,economy,,,,7635.0,INR,DEL > IXB > CCU,2026-09-10T21:26:35.955144,verified
Ignav,API,DEL,CCU,2026-09-17,7,IndiGo,"6378, 6135",2026-09-17T14:40:00,2026-09-17T19:20:00,economy,,,,7635.0,INR,DEL > IXB > CCU,2026-09-10T21:26:35.955151,verified
Ignav,API,DEL,CCU,2026-09-17,7,IndiGo,"5041, 6152",2026-09-17T15:10:00,2026-09-17T20:30:00,economy,,,,7635.0,INR,DEL > GAU > CCU,2026-09-10T21:26:35.955161,verified
Ignav,API,DEL,CCU,2026-09-17,7,IndiGo,"6829, 6566",2026-09-17T17:20:00,2026-09-17T22:40:00,economy,,,,7661.0,INR,DEL > IDR > CCU,2026-09-10T21:26:35.955169,verified
Ignav,API,DEL,CCU,2026-09-17,7,IndiGo,"5215, 6729",2026-09-17T07:45:00,2026-09-17T14:30:00,economy,,,,7691.0,INR,DEL > GAU > CCU,2026-09-10T21:26:35.955176,verified
Ignav,API,DEL,CCU,2026-09-17,7,IndiGo,"5041, 6664",2026-09-17T15:10:00,2026-09-17T22:25:00,economy,,,,7691.0,INR,DEL > GAU > CCU,2026-09-10T21:26:35.955183,verified
Ignav,API,DEL,CCU,2026-09-17,7,IndiGo,"6124, 292",2026-09-17T07:30:00,2026-09-17T15:25:00,economy,,,,7691.0,INR,DEL > IXB > CCU,2026-09-10T21:26:35.955190,verified
Ignav,API,DEL,CCU,2026-09-17,7,IndiGo,"6503, 6069",2026-09-17T13:25:00,2026-09-17T19:40:00,economy,,,,7845.0,INR,DEL > IXA > CCU,2026-09-10T21:26:35.955197,verified
Ignav,API,DEL,CCU,2026-09-17,7,IndiGo,"717, 944",2026-09-17T17:55:00,2026-09-17T23:25:00,economy,,,,7871.0,INR,DEL > HYD > CCU,2026-09-10T21:26:35.955205,verified
Ignav,API,DEL,CCU,2026-09-17,7,IndiGo,"704, 6494",2026-09-17T02:25:00,2026-09-17T08:05:00,economy,,,,7871.0,INR,DEL > HYD > CCU,2026-09-10T21:26:35.955213,verified
Ignav,API,DEL,CCU,2026-09-17,7,IndiGo,"6293, 6907",2026-09-17T09:55:00,2026-09-17T16:20:00,economy,,,,7871.0,INR,DEL > HYD > CCU,2026-09-10T21:26:35.955220,verified
Ignav,API,DEL,CCU,2026-09-17,7,IndiGo,"6282, 283",2026-09-17T13:30:00,2026-09-17T20:05:00,economy,,,,7871.0,INR,DEL > HYD > CCU,2026-09-10T21:26:35.955227,verified
Ignav,API,DEL,CCU,2026-09-17,7,IndiGo,"6503, 6705",2026-09-17T13:25:00,2026-09-17T21:20:00,economy,,,,7901.0,INR,DEL > IXA > CCU,2026-09-10T21:26:35.955237,verified
Ignav,API,DEL,CCU,2026-09-17,7,IndiGo,"5119, 751",2026-09-17T05:10:00,2026-09-17T12:00:00,economy,,,,7927.0,INR,DEL > AMD > CCU,2026-09-10T21:26:35.955245,verified
Ignav,API,DEL,CCU,2026-09-17,7,IndiGo,"6217, 944",2026-09-17T16:15:00,2026-09-17T23:25:00,economy,,,,7927.0,INR,DEL > HYD > CCU,2026-09-10T21:26:35.955252,verified
Ignav,API,DEL,CCU,2026-09-17,7,IndiGo,"2331, 6556",2026-09-17T12:20:00,2026-09-17T19:50:00,economy,,,,7927.0,INR,DEL > AMD > CCU,2026-09-10T21:26:35.955259,verified
Ignav,API,DEL,CCU,2026-09-17,7,IndiGo,"5073, 319",2026-09-17T17:05:00,2026-09-18T00:40:00,economy,,,,7927.0,INR,DEL > AMD > CCU,2026-09-10T21:26:35.955266,verified
Ignav,API,DEL,CCU,2026-09-17,7,IndiGo,"704, 664",2026-09-17T02:25:00,2026-09-17T10:25:00,economy,,,,7927.0,INR,DEL > HYD > CCU,2026-09-10T21:26:35.955273,verified
Ignav,API,DEL,CCU,2026-09-17,7,IndiGo,"6371, 6894",2026-09-17T06:20:00,2026-09-17T13:30:00,economy,,,,8032.0,INR,DEL > DIB > CCU,2026-09-10T21:26:35.955280,verified
Ignav,API,DEL,CCU,2026-09-17,7,IndiGo,"734, 7216",2026-09-17T16:20:00,2026-09-17T22:50:00,economy,,,,8059.0,INR,DEL > RPR > CCU,2026-09-10T21:26:35.955288,verified
Ignav,API,DEL,CCU,2026-09-17,7,IndiGo,"6053, 7088",2026-09-17T13:05:00,2026-09-17T17:30:00,economy,,,,8138.0,INR,DEL > JRG > CCU,2026-09-10T21:26:35.955295,verified
Ignav,API,DEL,CCU,2026-09-17,7,IndiGo,"2614, 7326",2026-09-17T14:40:00,2026-09-17T19:05:00,economy,,,,8138.0,INR,DEL > IXR > CCU,2026-09-10T21:26:35.955302,verified
Ignav,API,DEL,CCU,2026-09-17,7,IndiGo,"2296, 7352",2026-09-17T09:20:00,2026-09-17T15:45:00,economy,,,,8138.0,INR,DEL > BBI > CCU,2026-09-10T21:26:35.955312,verified
Ignav,API,DEL,CCU,2026-09-17,7,IndiGo,"5038, 6041",2026-09-17T14:00:00,2026-09-17T20:40:00,economy,,,,8138.0,INR,DEL > IXC > CCU,2026-09-10T21:26:35.955320,verified
Ignav,API,DEL,CCU,2026-09-17,7,IndiGo,"2259, 7326",2026-09-17T12:20:00,2026-09-17T19:05:00,economy,,,,8194.0,INR,DEL > IXR > CCU,2026-09-10T21:26:35.955328,verified
Ignav,API,DEL,CCU,2026-09-17,7,IndiGo,"705, 376",2026-09-17T08:30:00,2026-09-17T14:10:00,economy,,,,8479.0,INR,DEL > HYD > CCU,2026-09-10T21:26:35.955335,verified
Ignav,API,DEL,CCU,2026-09-17,7,Air India Express,"1085, 1369",2026-09-17T12:55:00,2026-09-17T21:45:00,economy,,,,8511.0,INR,DEL > GAU > CCU,2026-09-10T21:26:35.955342,verified
Ignav,API,DEL,CCU,2026-09-17,7,Air India Express,"1001, 1249",2026-09-17T09:00:00,2026-09-17T18:15:00,economy,,,,8511.0,INR,DEL > IXB > CCU,2026-09-10T21:26:35.955349,verified
Ignav,API,DEL,CCU,2026-09-17,7,Air India Express,"1069, 1369",2026-09-17T10:40:00,2026-09-17T21:45:00,economy,,,,8511.0,INR,DEL > GAU > CCU,2026-09-10T21:26:35.955356,verified
Ignav,API,DEL,CCU,2026-09-17,7,Air India Express,"1001, 1532",2026-09-17T09:00:00,2026-09-17T21:30:00,economy,,,,8511.0,INR,DEL > IXB > CCU,2026-09-10T21:26:35.955363,verified
Ignav,API,DEL,CCU,2026-09-17,7,Air India Express,"1035, 1369",2026-09-17T08:10:00,2026-09-17T21:45:00,economy,,,,8511.0,INR,DEL > GAU > CCU,2026-09-10T21:26:35.955370,verified
Ignav,API,DEL,CCU,2026-09-17,7,Air India Express,"1671, 1518",2026-09-17T20:00:00,2026-09-18T10:40:00,economy,,,,8511.0,INR,DEL > GAU > CCU,2026-09-10T21:26:35.955378,verified
Ignav,API,DEL,CCU,2026-09-17,7,Air India Express,"1032, 1369",2026-09-17T05:45:00,2026-09-17T21:45:00,economy,,,,8511.0,INR,DEL > GAU > CCU,2026-09-10T21:26:35.955387,verified
Ignav,API,DEL,CCU,2026-09-17,7,IndiGo,"203, 376",2026-09-17T07:10:00,2026-09-17T14:10:00,economy,,,,8535.0,INR,DEL > HYD > CCU,2026-09-10T21:26:35.955395,verified
Ignav,API,DEL,CCU,2026-09-17,7,IndiGo,"705, 6907",2026-09-17T08:30:00,2026-09-17T16:20:00,economy,,,,8535.0,INR,DEL > HYD > CCU,2026-09-10T21:26:35.955402,verified
Ignav,API,DEL,CCU,2026-09-17,7,IndiGo,5191,2026-09-17T05:00:00,2026-09-17T07:15:00,economy,,,,8752.0,INR,DEL > CCU,2026-09-10T21:26:35.955410,verified
Ignav,API,DEL,CCU,2026-09-17,7,IndiGo,6415,2026-09-17T16:00:00,2026-09-17T18:15:00,economy,,,,8752.0,INR,DEL > CCU,2026-09-10T21:26:35.955416,verified
Ignav,API,DEL,CCU,2026-09-17,7,IndiGo,389,2026-09-17T21:50:00,2026-09-18T00:05:00,economy,,,,8752.0,INR,DEL > CCU,2026-09-10T21:26:35.955423,verified
Ignav,API,DEL,CCU,2026-09-17,7,IndiGo,247,2026-09-17T23:30:00,2026-09-18T01:45:00,economy,,,,8752.0,INR,DEL > CCU,2026-09-10T21:26:35.955430,verified
Ignav,API,DEL,CCU,2026-09-17,7,IndiGo,340,2026-09-17T07:20:00,2026-09-17T09:40:00,economy,,,,8752.0,INR,DEL > CCU,2026-09-10T21:26:35.955436,verified
Ignav,API,DEL,CCU,2026-09-17,7,IndiGo,897,2026-09-17T12:45:00,2026-09-17T15:05:00,economy,,,,8752.0,INR,DEL > CCU,2026-09-10T21:26:35.955443,verified
Ignav,API,DEL,CCU,2026-09-17,7,IndiGo,910,2026-09-17T14:25:00,2026-09-17T16:45:00,economy,,,,8752.0,INR,DEL > CCU,2026-09-10T21:26:35.955450,verified
Ignav,API,DEL,CCU,2026-09-17,7,IndiGo,2276,2026-09-17T17:55:00,2026-09-17T20:15:00,economy,,,,8752.0,INR,DEL > CCU,2026-09-10T21:26:35.955459,verified
Ignav,API,DEL,CCU,2026-09-17,7,Air India,2702,2026-09-17T02:30:00,2026-09-17T04:50:00,economy,,,,9142.0,INR,DEL > CCU,2026-09-10T21:26:35.955466,verified
Ignav,API,DEL,CCU,2026-09-17,7,Air India Express,"1273, 1249",2026-09-17T12:20:00,2026-09-17T18:15:00,economy,,,,9252.0,INR,DEL > IXB > CCU,2026-09-10T21:26:35.955473,verified
Ignav,API,DEL,CCU,2026-09-17,7,Air India Express,"1273, 1532",2026-09-17T12:20:00,2026-09-17T21:30:00,economy,,,,9252.0,INR,DEL > IXB > CCU,2026-09-10T21:26:35.955480,verified
Ignav,API,DEL,CCU,2026-09-17,7,Air India Express,"1067, 1249",2026-09-17T06:10:00,2026-09-17T18:15:00,economy,,,,9252.0,INR,DEL > IXB > CCU,2026-09-10T21:26:35.955487,verified
Ignav,API,DEL,CCU,2026-09-17,7,Air India Express,"1067, 1532",2026-09-17T06:10:00,2026-09-17T21:30:00,economy,,,,9252.0,INR,DEL > IXB > CCU,2026-09-10T21:26:35.955494,verified
Ignav,API,DEL,CCU,2026-09-17,7,IndiGo,513,2026-09-17T08:30:00,2026-09-17T10:45:00,economy,,,,9329.0,INR,DEL > CCU,2026-09-10T21:26:35.955501,verified
Ignav,API,DEL,CCU,2026-09-17,7,Air India,2535,2026-09-17T06:40:00,2026-09-17T08:50:00,economy,,,,9392.0,INR,DEL > CCU,2026-09-10T21:26:35.955508,verified
Ignav,API,DEL,CCU,2026-09-17,7,Air India,1733,2026-09-17T16:15:00,2026-09-17T18:35:00,economy,,,,9392.0,INR,DEL > CCU,2026-09-10T21:26:35.955514,verified
Ignav,API,DEL,CCU,2026-09-17,7,Air India,2707,2026-09-17T18:00:00,2026-09-17T20:20:00,economy,,,,9392.0,INR,DEL > CCU,2026-09-10T21:26:35.955521,verified
Ignav,API,DEL,CCU,2026-09-17,7,Air India,1714,2026-09-17T21:00:00,2026-09-17T23:20:00,economy,,,,9392.0,INR,DEL > CCU,2026-09-10T21:26:35.955530,verified
Ignav,API,DEL,CCU,2026-09-17,7,IndiGo,"6073, 6793",2026-09-17T05:00:00,2026-09-17T10:50:00,economy,,,,9541.0,INR,DEL > BBI > CCU,2026-09-10T21:26:35.955538,verified
Ignav,API,DEL,CCU,2026-09-17,7,Air India,2705,2026-09-17T07:30:00,2026-09-17T09:50:00,economy,,,,9557.0,INR,DEL > CCU,2026-09-10T21:26:35.955545,verified
Ignav,API,DEL,CCU,2026-09-17,7,Air India,2767,2026-09-17T13:00:00,2026-09-17T15:20:00,economy,,,,9557.0,INR,DEL > CCU,2026-09-10T21:26:35.955551,verified
Ignav,API,DEL,CCU,2026-09-17,7,IndiGo,894,2026-09-17T10:15:00,2026-09-17T12:30:00,economy,,,,9802.0,INR,DEL > CCU,2026-09-10T21:26:35.955557,verified
Ignav,API,DEL,CCU,2026-09-17,7,Air India,2709,2026-09-17T19:40:00,2026-09-17T21:50:00,economy,,,,9826.0,INR,DEL > CCU,2026-09-10T21:26:35.955564,verified
Ignav,API,DEL,CCU,2026-09-17,7,IndiGo,6517,2026-09-17T19:30:00,2026-09-17T21:45:00,economy,,,,10327.0,INR,DEL > CCU,2026-09-10T21:26:35.955571,verified
Ignav,API,DEL,CCU,2026-09-17,7,Air India,1791,2026-09-17T09:55:00,2026-09-17T12:15:00,economy,,,,11313.0,INR,DEL > CCU,2026-09-10T21:26:35.955577,verified
Ignav,API,DEL,CCU,2026-09-17,7,Air India,"1755, 9504",2026-09-17T14:30:00,2026-09-17T21:45:00,economy,,,,12740.0,INR,DEL > GAU > CCU,2026-09-10T21:26:35.955584,verified
Ignav,API,DEL,CCU,2026-09-17,7,Air India,"879, 9504",2026-09-17T06:40:00,2026-09-17T21:45:00,economy,,,,12740.0,INR,DEL > GAU > CCU,2026-09-10T21:26:35.955591,verified
Ignav,API,DEL,CCU,2026-09-17,7,Air India,"1755, 9502",2026-09-17T14:30:00,2026-09-18T10:40:00,economy,,,,12740.0,INR,DEL > GAU > CCU,2026-09-10T21:26:35.955601,verified
Ignav,API,DEL,CCU,2026-09-17,7,Air India,"879, 9502",2026-09-17T06:40:00,2026-09-18T10:40:00,economy,,,,12740.0,INR,DEL > GAU > CCU,2026-09-10T21:26:35.955609,verified
Ignav,API,DEL,CCU,2026-09-17,7,Air India,"2943, 2471",2026-09-17T07:30:00,2026-09-17T14:25:00,economy,,,,12998.0,INR,DEL > BOM > CCU,2026-09-10T21:26:35.955616,verified
Ignav,API,DEL,CCU,2026-09-17,7,Air India,"441, 2643",2026-09-17T17:00:00,2026-09-18T00:10:00,economy,,,,12998.0,INR,DEL > BOM > CCU,2026-09-10T21:26:35.955625,verified
Ignav,API,DEL,CCU,2026-09-17,7,Air India,"2429, 2471",2026-09-17T07:00:00,2026-09-17T14:25:00,economy,,,,12998.0,INR,DEL > BOM > CCU,2026-09-10T21:26:35.955632,verified
Ignav,API,DEL,CCU,2026-09-17,7,Air India,"1777, 2643",2026-09-17T16:00:00,2026-09-18T00:10:00,economy,,,,12998.0,INR,DEL > BOM > CCU,2026-09-10T21:26:35.955639,verified
Ignav,API,DEL,CCU,2026-09-17,7,Air India,"2945, 2481",2026-09-17T11:00:00,2026-09-17T19:55:00,economy,,,,12998.0,INR,DEL > BOM > CCU,2026-09-10T21:26:35.955646,verified
Ignav,API,DEL,CCU,2026-09-17,7,Air India,"1745, 2471",2026-09-17T05:00:00,2026-09-17T14:25:00,economy,,,,12998.0,INR,DEL > BOM > CCU,2026-09-10T21:26:35.955653,verified
Ignav,API,DEL,CCU,2026-09-17,7,Air India,"2439, 2771",2026-09-17T23:00:00,2026-09-18T09:45:00,economy,,,,12998.0,INR,DEL > BOM > CCU,2026-09-10T21:26:35.955660,verified
Ignav,API,DEL,CCU,2026-09-17,7,Air India,"2433, 2771",2026-09-17T21:30:00,2026-09-18T09:45:00,economy,,,,12998.0,INR,DEL > BOM > CCU,2026-09-10T21:26:35.955667,verified
Ignav,API,DEL,CCU,2026-09-17,7,Air India,"2943, 2481",2026-09-17T07:30:00,2026-09-17T19:55:00,economy,,,,12998.0,INR,DEL > BOM > CCU,2026-09-10T21:26:35.955676,verified
Ignav,API,DEL,CCU,2026-09-17,7,Air India,"2429, 2481",2026-09-17T07:00:00,2026-09-17T19:55:00,economy,,,,13278.0,INR,DEL > BOM > CCU,2026-09-10T21:26:35.955683,verified
Ignav,API,DEL,CCU,2026-09-17,7,Air India,"2945, 2643",2026-09-17T11:00:00,2026-09-18T00:10:00,economy,,,,13278.0,INR,DEL > BOM > CCU,2026-09-10T21:26:35.955690,verified
Ignav,API,DEL,CCU,2026-09-17,7,Air India Express,"1070, 1370",2026-09-17T18:20:00,2026-09-18T00:50:00,economy,,,,14467.0,INR,DEL > BLR > CCU,2026-09-10T21:26:35.955698,verified
Ignav,API,DEL,CCU,2026-09-17,7,Akasa Air,"1826, 1135",2026-09-17T19:55:00,2026-09-18T03:20:00,economy,,,,14808.0,INR,DEL > BOM > CCU,2026-09-10T21:26:35.955705,verified
Ignav,API,DEL,CCU,2026-09-17,7,Akasa Air,"1820, 1107",2026-09-17T17:30:00,2026-09-17T23:50:00,economy,,,,14824.0,INR,DEL > BOM > CCU,2026-09-10T21:26:35.955712,verified
Ignav,API,DEL,CCU,2026-09-17,7,Air India,"9484, 2471",2026-09-17T23:25:00,2026-09-18T14:25:00,economy,,,,14889.0,INR,DEL > BOM > CCU,2026-09-10T21:26:35.955719,verified
Ignav,API,DEL,CCU,2026-09-17,7,Air India,"9484, 2481",2026-09-17T23:25:00,2026-09-18T19:55:00,economy,,,,14889.0,INR,DEL > BOM > CCU,2026-09-10T21:26:35.955727,verified
Ignav,API,DEL,CCU,2026-09-17,7,Akasa Air,"1128, 1125",2026-09-17T16:00:00,2026-09-17T22:20:00,economy,,,,14975.0,INR,DEL > BOM > CCU,2026-09-10T21:26:35.955734,verified
Ignav,API,DEL,CCU,2026-09-17,7,Air India,"2995, 2643",2026-09-17T10:00:00,2026-09-18T00:10:00,economy,,,,15365.0,INR,DEL > BOM > CCU,2026-09-10T21:26:35.955742,verified
Ignav,API,DEL,CCU,2026-09-17,7,Air India Express,"5975, 1131",2026-09-17T21:00:00,2026-09-18T09:45:00,economy,,,,15470.0,INR,DEL > BLR > CCU,2026-09-10T21:26:35.955751,verified
Ignav,API,DEL,CCU,2026-09-17,7,Air India,"9486, 2481",2026-09-17T05:35:00,2026-09-17T19:55:00,economy,,,,15570.0,INR,DEL > BOM > CCU,2026-09-10T21:26:35.955759,verified
Ignav,API,DEL,CCU,2026-09-17,7,Air India,"9486, 2643",2026-09-17T05:35:00,2026-09-18T00:10:00,economy,,,,15570.0,INR,DEL > BOM > CCU,2026-09-10T21:26:35.955766,verified
Ignav,API,DEL,CCU,2026-09-17,7,Air India,"9484, 2643",2026-09-17T23:25:00,2026-09-19T00:10:00,economy,,,,15570.0,INR,DEL > BOM > CCU,2026-09-10T21:26:35.955773,verified
Ignav,API,DEL,CCU,2026-09-17,7,Air India Express,"1070, 1131",2026-09-17T18:20:00,2026-09-18T09:45:00,economy,,,,15727.0,INR,DEL > BLR > CCU,2026-09-10T21:26:35.955780,verified
Ignav,API,DEL,CCU,2026-09-17,7,Air India,"9486, 2471",2026-09-17T05:35:00,2026-09-17T14:25:00,economy,,,,15872.0,INR,DEL > BOM > CCU,2026-09-10T21:26:35.955787,verified
Ignav,API,DEL,CCU,2026-09-17,7,Air India,"9484, 2771",2026-09-17T23:25:00,2026-09-18T09:45:00,economy,,,,15979.0,INR,DEL > BOM > CCU,2026-09-10T21:26:35.955794,verified
Ignav,API,DEL,CCU,2026-09-17,7,Air India,"1780, 1780, 2643",2026-09-17T16:10:00,2026-09-18T00:10:00,economy,,,,16046.0,INR,DEL > IDR > BOM > CCU,2026-09-10T21:26:35.955802,verified
Ignav,API,DEL,CCU,2026-09-17,7,Air India,"2933, 2643",2026-09-17T15:30:00,2026-09-18T00:10:00,economy,,,,16046.0,INR,DEL > BOM > CCU,2026-09-10T21:26:35.955809,verified
Ignav,API,DEL,CCU,2026-09-17,7,Air India,"2995, 2481",2026-09-17T10:00:00,2026-09-17T19:55:00,economy,,,,16046.0,INR,DEL > BOM > CCU,2026-09-10T21:26:35.955816,verified
Ignav,API,DEL,CCU,2026-09-17,7,Air India,"2927, 2481",2026-09-17T09:30:00,2026-09-17T19:55:00,economy,,,,16046.0,INR,DEL > BOM > CCU,2026-09-10T21:26:35.955825,verified
Ignav,API,DEL,CCU,2026-09-17,7,Air India,"2927, 2643",2026-09-17T09:30:00,2026-09-18T00:10:00,economy,,,,16046.0,INR,DEL > BOM > CCU,2026-09-10T21:26:35.955832,verified
Ignav,API,DEL,CCU,2026-09-17,7,Air India,"887, 2471",2026-09-17T21:00:00,2026-09-18T14:25:00,economy,,,,16046.0,INR,DEL > BOM > CCU,2026-09-10T21:26:35.955840,verified
Ignav,API,DEL,CCU,2026-09-17,7,Air India,"2467, 9783",2026-09-17T10:00:00,2026-09-17T22:10:00,economy,,,,16096.0,INR,DEL > MAA > CCU,2026-09-10T21:26:35.955847,verified
Ignav,API,DEL,CCU,2026-09-17,7,Air India,"2833, 9783",2026-09-17T07:30:00,2026-09-17T22:10:00,economy,,,,16096.0,INR,DEL > MAA > CCU,2026-09-10T21:26:35.955854,verified
Ignav,API,DEL,CCU,2026-09-17,7,Air India,"2525, 9783",2026-09-17T06:00:00,2026-09-17T22:10:00,economy,,,,16096.0,INR,DEL > MAA > CCU,2026-09-10T21:26:35.955861,verified
Ignav,API,DEL,CCU,2026-09-17,7,Air India,"2975, 2481",2026-09-17T06:30:00,2026-09-17T19:55:00,economy,,,,16205.0,INR,DEL > BOM > CCU,2026-09-10T21:26:35.955868,verified
Ignav,API,DEL,CCU,2026-09-17,7,Air India,"1745, 2481",2026-09-17T05:00:00,2026-09-17T19:55:00,economy,,,,16205.0,INR,DEL > BOM > CCU,2026-09-10T21:26:35.955876,verified
Ignav,API,DEL,CCU,2026-09-17,7,Air India,"2975, 2643",2026-09-17T06:30:00,2026-09-18T00:10:00,economy,,,,16205.0,INR,DEL > BOM > CCU,2026-09-10T21:26:35.955883,verified
Ignav,API,DEL,CCU,2026-09-17,7,Air India,"1745, 2643",2026-09-17T05:00:00,2026-09-18T00:10:00,economy,,,,16205.0,INR,DEL > BOM > CCU,2026-09-10T21:26:35.955889,verified
Ignav,API,DEL,CCU,2026-09-17,7,Air India,"2951, 2481",2026-09-17T13:30:00,2026-09-17T19:55:00,economy,,,,16415.0,INR,DEL > BOM > CCU,2026-09-10T21:26:35.955899,verified
Ignav,API,DEL,CCU,2026-09-17,7,Air India,"2951, 2643",2026-09-17T13:30:00,2026-09-18T00:10:00,economy,,,,16415.0,INR,DEL > BOM > CCU,2026-09-10T21:26:35.955906,verified
Ignav,API,DEL,CCU,2026-09-17,7,Air India,"2963, 2481",2026-09-17T09:00:00,2026-09-17T19:55:00,economy,,,,16415.0,INR,DEL > BOM > CCU,2026-09-10T21:26:35.955913,verified
Ignav,API,DEL,CCU,2026-09-17,7,Air India,"2963, 2643",2026-09-17T09:00:00,2026-09-18T00:10:00,economy,,,,16415.0,INR,DEL > BOM > CCU,2026-09-10T21:26:35.955921,verified
Ignav,API,DEL,CCU,2026-09-17,7,Air India,"887, 2771",2026-09-17T21:00:00,2026-09-18T09:45:00,economy,,,,16454.0,INR,DEL > BOM > CCU,2026-09-10T21:26:35.955927,verified
Ignav,API,DEL,CCU,2026-09-17,7,Air India,"1780, 1780, 2771",2026-09-17T16:10:00,2026-09-18T09:45:00,economy,,,,16454.0,INR,DEL > IDR > BOM > CCU,2026-09-10T21:26:35.955935,verified
Ignav,API,DEL,CCU,2026-09-17,7,Air India,"2933, 2771",2026-09-17T15:30:00,2026-09-18T09:45:00,economy,,,,16454.0,INR,DEL > BOM > CCU,2026-09-10T21:26:35.955943,verified
Ignav,API,DEL,CCU,2026-09-17,7,Air India,"2487, 9441",2026-09-17T18:30:00,2026-09-18T00:50:00,economy,,,,16509.0,INR,DEL > BLR > CCU,2026-09-10T21:26:35.955950,verified
Ignav,API,DEL,CCU,2026-09-17,7,Air India,"2815, 9441",2026-09-17T07:00:00,2026-09-18T00:50:00,economy,,,,16509.0,INR,DEL > BLR > CCU,2026-09-10T21:26:35.955957,verified
Ignav,API,DEL,CCU,2026-09-17,7,Air India,"537, 9783",2026-09-17T15:45:00,2026-09-17T22:10:00,economy,,,,16642.0,INR,DEL > MAA > CCU,2026-09-10T21:26:35.955964,verified
Ignav,API,DEL,CCU,2026-09-17,7,Air India,"2483, 9783",2026-09-17T12:20:00,2026-09-17T22:10:00,economy,,,,16642.0,INR,DEL > MAA > CCU,2026-09-10T21:26:35.955974,verified
Ignav,API,DEL,CCU,2026-09-17,7,Air India,"2757, 9437",2026-09-17T00:15:00,2026-09-17T09:45:00,economy,,,,16929.0,INR,DEL > BLR > CCU,2026-09-10T21:26:35.955981,verified
Ignav,API,DEL,CCU,2026-09-17,7,Air India,"1785, 2481",2026-09-17T12:00:00,2026-09-17T19:55:00,economy,,,,17080.0,INR,DEL > BOM > CCU,2026-09-10T21:26:35.955988,verified
Ignav,API,DEL,CCU,2026-09-17,7,Air India,"2815, 9439",2026-09-17T07:00:00,2026-09-17T14:40:00,economy,,,,17373.0,INR,DEL > BLR > CCU,2026-09-10T21:26:35.955995,verified
Ignav,API,DEL,CCU,2026-09-17,7,Air India,"2803, 9439",2026-09-17T06:30:00,2026-09-17T14:40:00,economy,,,,17373.0,INR,DEL > BLR > CCU,2026-09-10T21:26:35.956003,verified
Ignav,API,DEL,CCU,2026-09-17,7,Air India,"2409, 9439",2026-09-17T06:00:00,2026-09-17T14:40:00,economy,,,,17373.0,INR,DEL > BLR > CCU,2026-09-10T21:26:35.956010,verified
Ignav,API,DEL,CCU,2026-09-17,7,Air India,"2653, 9439",2026-09-17T04:30:00,2026-09-17T14:40:00,economy,,,,17373.0,INR,DEL > BLR > CCU,2026-09-10T21:26:35.956017,verified
Ignav,API,DEL,CCU,2026-09-17,7,Air India,"2975, 2471",2026-09-17T06:30:00,2026-09-17T14:25:00,economy,,,,17383.0,INR,DEL > BOM > CCU,2026-09-10T21:26:35.956024,verified
Ignav,API,DEL,CCU,2026-09-17,7,Air India,"2525, 9785",2026-09-17T06:00:00,2026-09-17T12:10:00,economy,,,,17956.0,INR,DEL > MAA > CCU,2026-09-10T21:26:35.956031,verified
Ignav,API,DEL,CCU,2026-09-17,7,Air India,"2678, 2471",2026-09-17T08:30:00,2026-09-17T14:25:00,economy,,,,18106.0,INR,DEL > BOM > CCU,2026-09-10T21:26:35.956038,verified
Ignav,API,DEL,CCU,2026-09-17,7,Air India,"2809, 9437",2026-09-17T19:30:00,2026-09-18T09:45:00,economy,,,,20193.0,INR,DEL > BLR > CCU,2026-09-10T21:26:35.956047,verified
Ignav,API,DEL,CCU,2026-09-17,7,Air India,"809, 2494, 2771",2026-09-17T17:40:00,2026-09-18T09:45:00,economy,,,,24003.0,INR,DEL > AMD > BOM > CCU,2026-09-10T21:26:35.956056,verified
Ignav,API,DEL,CCU,2026-09-17,7,Air India,"2937, 9945",2026-09-17T07:20:00,2026-09-18T11:15:00,economy,,,,25939.0,INR,DEL > IXZ > CCU,2026-09-10T21:26:35.956063,verified
Ignav,API,DEL,CCU,2026-09-25,15,IndiGo,"6236, 342",2026-09-25T16:20:00,2026-09-25T21:05:00,economy,,,,7271.0,INR,DEL > PAT > CCU,2026-09-10T21:26:36.802670,verified
Ignav,API,DEL,CCU,2026-09-25,15,IndiGo,"5036, 6310",2026-09-25T08:00:00,2026-09-25T12:25:00,economy,,,,7402.0,INR,DEL > GOP > CCU,2026-09-10T21:26:36.802704,verified
Ignav,API,DEL,CCU,2026-09-25,15,IndiGo,"5307, 292",2026-09-25T10:50:00,2026-09-25T15:25:00,economy,,,,7586.0,INR,DEL > IXB > CCU,2026-09-10T21:26:36.802718,verified
Ignav,API,DEL,CCU,2026-09-25,15,Akasa Air,1801,2026-09-25T05:55:00,2026-09-25T08:15:00,economy,,,,8406.0,INR,DEL > CCU,2026-09-10T21:26:36.802730,verified
Ignav,API,DEL,CCU,2026-09-25,15,Akasa Air,1803,2026-09-25T17:05:00,2026-09-25T19:25:00,economy,,,,8406.0,INR,DEL > CCU,2026-09-10T21:26:36.802740,verified
Ignav,API,DEL,CCU,2026-09-25,15,Air India,2702,2026-09-25T02:30:00,2026-09-25T04:50:00,economy,,,,8724.0,INR,DEL > CCU,2026-09-10T21:26:36.802751,verified
Ignav,API,DEL,CCU,2026-09-25,15,IndiGo,5191,2026-09-25T05:00:00,2026-09-25T07:15:00,economy,,,,8817.0,INR,DEL > CCU,2026-09-10T21:26:36.802761,verified
Ignav,API,DEL,CCU,2026-09-25,15,IndiGo,513,2026-09-25T08:30:00,2026-09-25T10:45:00,economy,,,,8817.0,INR,DEL > CCU,2026-09-10T21:26:36.802770,verified
Ignav,API,DEL,CCU,2026-09-25,15,IndiGo,894,2026-09-25T10:15:00,2026-09-25T12:30:00,economy,,,,8817.0,INR,DEL > CCU,2026-09-10T21:26:36.802781,verified
Ignav,API,DEL,CCU,2026-09-25,15,IndiGo,6415,2026-09-25T16:00:00,2026-09-25T18:15:00,economy,,,,8817.0,INR,DEL > CCU,2026-09-10T21:26:36.802792,verified
Ignav,API,DEL,CCU,2026-09-25,15,IndiGo,6517,2026-09-25T19:30:00,2026-09-25T21:45:00,economy,,,,8817.0,INR,DEL > CCU,2026-09-10T21:26:36.802803,verified
Ignav,API,DEL,CCU,2026-09-25,15,IndiGo,389,2026-09-25T21:50:00,2026-09-26T00:05:00,economy,,,,8817.0,INR,DEL > CCU,2026-09-10T21:26:36.802814,verified
Ignav,API,DEL,CCU,2026-09-25,15,IndiGo,247,2026-09-25T23:30:00,2026-09-26T01:45:00,economy,,,,8817.0,INR,DEL > CCU,2026-09-10T21:26:36.802824,verified
Ignav,API,DEL,CCU,2026-09-25,15,IndiGo,340,2026-09-25T07:20:00,2026-09-25T09:40:00,economy,,,,8817.0,INR,DEL > CCU,2026-09-10T21:26:36.802833,verified
Ignav,API,DEL,CCU,2026-09-25,15,IndiGo,897,2026-09-25T12:45:00,2026-09-25T15:05:00,economy,,,,8817.0,INR,DEL > CCU,2026-09-10T21:26:36.802842,verified
Ignav,API,DEL,CCU,2026-09-25,15,IndiGo,910,2026-09-25T14:25:00,2026-09-25T16:45:00,economy,,,,8817.0,INR,DEL > CCU,2026-09-10T21:26:36.802851,verified
Ignav,API,DEL,CCU,2026-09-25,15,IndiGo,2276,2026-09-25T17:55:00,2026-09-25T20:15:00,economy,,,,8817.0,INR,DEL > CCU,2026-09-10T21:26:36.802860,verified
Ignav,API,DEL,CCU,2026-09-25,15,Air India,2535,2026-09-25T06:40:00,2026-09-25T08:50:00,economy,,,,8976.0,INR,DEL > CCU,2026-09-10T21:26:36.802870,verified
Ignav,API,DEL,CCU,2026-09-25,15,Air India,1733,2026-09-25T16:15:00,2026-09-25T18:35:00,economy,,,,8976.0,INR,DEL > CCU,2026-09-10T21:26:36.802880,verified
Ignav,API,DEL,CCU,2026-09-25,15,Air India,2707,2026-09-25T18:00:00,2026-09-25T20:20:00,economy,,,,8976.0,INR,DEL > CCU,2026-09-10T21:26:36.802889,verified
Ignav,API,DEL,CCU,2026-09-25,15,Air India,1714,2026-09-25T21:00:00,2026-09-25T23:20:00,economy,,,,8976.0,INR,DEL > CCU,2026-09-10T21:26:36.802898,verified
Ignav,API,DEL,CCU,2026-09-25,15,Air India,2709,2026-09-25T19:40:00,2026-09-25T21:50:00,economy,,,,9129.0,INR,DEL > CCU,2026-09-10T21:26:36.802907,verified
Ignav,API,DEL,CCU,2026-09-25,15,Air India,2705,2026-09-25T07:30:00,2026-09-25T09:50:00,economy,,,,9129.0,INR,DEL > CCU,2026-09-10T21:26:36.802917,verified
Ignav,API,DEL,CCU,2026-09-25,15,Air India,1791,2026-09-25T09:55:00,2026-09-25T12:15:00,economy,,,,9129.0,INR,DEL > CCU,2026-09-10T21:26:36.802926,verified
Ignav,API,DEL,CCU,2026-09-25,15,Air India,2767,2026-09-25T13:00:00,2026-09-25T15:20:00,economy,,,,9129.0,INR,DEL > CCU,2026-09-10T21:26:36.802935,verified
Ignav,API,DEL,CCU,2026-10-10,30,IndiGo,"2769, 663",2026-10-10T08:10:00,2026-10-10T13:45:00,economy,,,,8547.0,INR,DEL > PAT > CCU,2026-09-10T21:26:37.653291,verified
Ignav,API,DEL,CCU,2026-10-10,30,IndiGo,"6246, 507",2026-10-10T05:25:00,2026-10-10T10:20:00,economy,,,,8678.0,INR,DEL > VNS > CCU,2026-09-10T21:26:37.653325,verified
Ignav,API,DEL,CCU,2026-10-10,30,Air India,2702,2026-10-10T02:30:00,2026-10-10T04:50:00,economy,,,,8724.0,INR,DEL > CCU,2026-09-10T21:26:37.653337,verified
Ignav,API,DEL,CCU,2026-10-10,30,IndiGo,"6378, 6135",2026-10-10T14:40:00,2026-10-10T19:20:00,economy,,,,8862.0,INR,DEL > IXB > CCU,2026-09-10T21:26:37.653349,verified
Ignav,API,DEL,CCU,2026-10-10,30,Air India,2705,2026-10-10T07:30:00,2026-10-10T09:50:00,economy,,,,8976.0,INR,DEL > CCU,2026-09-10T21:26:37.653359,verified
Ignav,API,DEL,CCU,2026-10-10,30,Air India,2709,2026-10-10T19:40:00,2026-10-10T21:50:00,economy,,,,9207.0,INR,DEL > CCU,2026-09-10T21:26:37.653369,verified
Ignav,API,DEL,CCU,2026-10-10,30,Air India,1791,2026-10-10T09:55:00,2026-10-10T12:15:00,economy,,,,9207.0,INR,DEL > CCU,2026-09-10T21:26:37.653379,verified
Ignav,API,DEL,CCU,2026-10-10,30,Air India,2535,2026-10-10T06:40:00,2026-10-10T08:50:00,economy,,,,9554.0,INR,DEL > CCU,2026-09-10T21:26:37.653388,verified
Ignav,API,DEL,CCU,2026-10-10,30,Air India,2707,2026-10-10T18:00:00,2026-10-10T20:20:00,economy,,,,9554.0,INR,DEL > CCU,2026-09-10T21:26:37.653398,verified
Ignav,API,DEL,CCU,2026-10-10,30,Akasa Air,1803,2026-10-10T17:00:00,2026-10-10T19:15:00,economy,,,,10620.0,INR,DEL > CCU,2026-09-10T21:26:37.653408,verified
Ignav,API,DEL,CCU,2026-10-10,30,SpiceJet,905,2026-10-10T20:10:00,2026-10-10T22:30:00,economy,,,,11498.0,INR,DEL > CCU,2026-09-10T21:26:37.653416,verified
Ignav,API,DEL,CCU,2026-10-10,30,IndiGo,5191,2026-10-10T05:00:00,2026-10-10T07:15:00,economy,,,,11757.0,INR,DEL > CCU,2026-09-10T21:26:37.653425,verified
Ignav,API,DEL,CCU,2026-10-10,30,IndiGo,6415,2026-10-10T16:00:00,2026-10-10T18:15:00,economy,,,,12545.0,INR,DEL > CCU,2026-09-10T21:26:37.653434,verified
Ignav,API,DEL,CCU,2026-10-10,30,IndiGo,389,2026-10-10T21:50:00,2026-10-11T00:05:00,economy,,,,12545.0,INR,DEL > CCU,2026-09-10T21:26:37.653443,verified
Ignav,API,DEL,CCU,2026-10-10,30,IndiGo,247,2026-10-10T23:30:00,2026-10-11T01:45:00,economy,,,,12545.0,INR,DEL > CCU,2026-09-10T21:26:37.653452,verified
Ignav,API,DEL,CCU,2026-10-10,30,IndiGo,2276,2026-10-10T17:55:00,2026-10-10T20:15:00,economy,,,,12545.0,INR,DEL > CCU,2026-09-10T21:26:37.653461,verified
Ignav,API,DEL,CCU,2026-10-10,30,Akasa Air,1801,2026-10-10T05:55:00,2026-10-10T08:15:00,economy,,,,12755.0,INR,DEL > CCU,2026-09-10T21:26:37.653470,verified
Ignav,API,DEL,CCU,2026-10-10,30,IndiGo,930,2026-10-10T02:45:00,2026-10-10T05:00:00,economy,,,,13332.0,INR,DEL > CCU,2026-09-10T21:26:37.653479,verified
Ignav,API,DEL,CCU,2026-10-10,30,Air India,1714,2026-10-10T21:00:00,2026-10-10T23:20:00,economy,,,,13518.0,INR,DEL > CCU,2026-09-10T21:26:37.653490,verified
Ignav,API,DEL,CCU,2026-10-10,30,SpiceJet,130,2026-10-10T05:20:00,2026-10-10T07:45:00,economy,,,,14164.0,INR,DEL > CCU,2026-09-10T21:26:37.653499,verified
Ignav,API,DEL,CCU,2026-10-10,30,IndiGo,2487,2026-10-10T11:50:00,2026-10-10T14:00:00,economy,,,,14172.0,INR,DEL > CCU,2026-09-10T21:26:37.653507,verified
Ignav,API,DEL,CCU,2026-10-10,30,IndiGo,513,2026-10-10T08:30:00,2026-10-10T10:45:00,economy,,,,14172.0,INR,DEL > CCU,2026-09-10T21:26:37.653516,verified
Ignav,API,DEL,CCU,2026-10-10,30,IndiGo,894,2026-10-10T10:15:00,2026-10-10T12:30:00,economy,,,,14172.0,INR,DEL > CCU,2026-09-10T21:26:37.653525,verified
Ignav,API,DEL,CCU,2026-10-10,30,IndiGo,6517,2026-10-10T19:30:00,2026-10-10T21:45:00,economy,,,,14172.0,INR,DEL > CCU,2026-09-10T21:26:37.653534,verified
Ignav,API,DEL,CCU,2026-10-10,30,IndiGo,340,2026-10-10T07:20:00,2026-10-10T09:40:00,economy,,,,14172.0,INR,DEL > CCU,2026-09-10T21:26:37.653543,verified
Ignav,API,DEL,CCU,2026-10-10,30,IndiGo,910,2026-10-10T14:25:00,2026-10-10T16:45:00,economy,,,,14172.0,INR,DEL > CCU,2026-09-10T21:26:37.653553,verified
Ignav,API,DEL,CCU,2026-10-10,30,IndiGo,897,2026-10-10T12:45:00,2026-10-10T15:05:00,economy,,,,15065.0,INR,DEL > CCU,2026-09-10T21:26:37.653561,verified
Ignav,API,DEL,CCU,2026-10-10,30,SpiceJet,156,2026-10-10T06:45:00,2026-10-10T09:05:00,economy,,,,16378.0,INR,DEL > CCU,2026-09-10T21:26:37.653570,verified
Ignav,API,DEL,CCU,2026-10-10,30,Air India,2767,2026-10-10T13:00:00,2026-10-10T15:20:00,economy,,,,18279.0,INR,DEL > CCU,2026-09-10T21:26:37.653579,verified
Ignav,API,DEL,CCU,2026-10-10,30,Air India,1733,2026-10-10T16:15:00,2026-10-10T18:35:00,economy,,,,18279.0,INR,DEL > CCU,2026-09-10T21:26:37.653588,verified
Ignav,API,DEL,CCU,2026-10-25,45,IndiGo,"6503, 114",2026-10-25T12:35:00,2026-10-25T17:30:00,economy,,,,10614.0,INR,DEL > IXA > CCU,2026-09-10T21:26:38.542863,verified
Ignav,API,DEL,CCU,2026-10-25,45,IndiGo,"2373, 775",2026-10-25T11:05:00,2026-10-25T17:10:00,economy,,,,12069.0,INR,DEL > PAT > CCU,2026-09-10T21:26:38.542901,verified
Ignav,API,DEL,CCU,2026-10-25,45,IndiGo,"2039, 7462",2026-10-25T05:30:00,2026-10-25T09:45:00,economy,,,,12497.0,INR,DEL > IXR > CCU,2026-09-10T21:26:38.542913,verified
Ignav,API,DEL,CCU,2026-10-25,45,IndiGo,"2769, 663",2026-10-25T07:55:00,2026-10-25T13:20:00,economy,,,,12699.0,INR,DEL > PAT > CCU,2026-09-10T21:26:38.542923,verified
Ignav,API,DEL,CCU,2026-10-25,45,IndiGo,"6347, 342",2026-10-25T14:35:00,2026-10-25T20:45:00,economy,,,,12699.0,INR,DEL > PAT > CCU,2026-09-10T21:26:38.542932,verified
Ignav,API,DEL,CCU,2026-10-25,45,SpiceJet,263,2026-10-25T07:00:00,2026-10-25T09:25:00,economy,,,,13196.0,INR,DEL > CCU,2026-09-10T21:26:38.542942,verified
Ignav,API,DEL,CCU,2026-10-25,45,IndiGo,"821, 775",2026-10-25T13:25:00,2026-10-25T17:10:00,economy,,,,13539.0,INR,DEL > PAT > CCU,2026-09-10T21:26:38.542952,verified
Ignav,API,DEL,CCU,2026-10-25,45,IndiGo,340,2026-10-25T06:15:00,2026-10-25T08:25:00,economy,,,,15957.0,INR,DEL > CCU,2026-09-10T21:26:38.542960,verified
Ignav,API,DEL,CCU,2026-10-25,45,Akasa Air,1258,2026-10-25T08:50:00,2026-10-25T11:10:00,economy,,,,16521.0,INR,DEL > CCU,2026-09-10T21:26:38.542969,verified
Ignav,API,DEL,CCU,2026-10-25,45,IndiGo,930,2026-10-25T03:00:00,2026-10-25T05:10:00,economy,,,,17952.0,INR,DEL > CCU,2026-09-10T21:26:38.542977,verified
Ignav,API,DEL,CCU,2026-10-25,45,IndiGo,5191,2026-10-25T04:45:00,2026-10-25T06:55:00,economy,,,,17952.0,INR,DEL > CCU,2026-09-10T21:26:38.542985,verified
Ignav,API,DEL,CCU,2026-10-25,45,IndiGo,2192,2026-10-25T08:30:00,2026-10-25T10:40:00,economy,,,,19107.0,INR,DEL > CCU,2026-09-10T21:26:38.542993,verified
Ignav,API,DEL,CCU,2026-10-25,45,IndiGo,897,2026-10-25T12:15:00,2026-10-25T14:25:00,economy,,,,19107.0,INR,DEL > CCU,2026-09-10T21:26:38.543001,verified
Ignav,API,DEL,CCU,2026-10-25,45,IndiGo,247,2026-10-25T23:45:00,2026-10-26T01:55:00,economy,,,,20367.0,INR,DEL > CCU,2026-09-10T21:26:38.543009,verified
Ignav,API,DEL,CCU,2026-10-25,45,IndiGo,894,2026-10-25T10:30:00,2026-10-25T12:40:00,economy,,,,21837.0,INR,DEL > CCU,2026-09-10T21:26:38.543017,verified
Ignav,API,DEL,CCU,2026-10-25,45,IndiGo,2327,2026-10-25T13:35:00,2026-10-25T15:45:00,economy,,,,21837.0,INR,DEL > CCU,2026-09-10T21:26:38.543026,verified
Ignav,API,DEL,CCU,2026-10-25,45,IndiGo,6415,2026-10-25T15:30:00,2026-10-25T17:40:00,economy,,,,22438.0,INR,DEL > CCU,2026-09-10T21:26:38.543034,verified
Ignav,API,DEL,CCU,2026-10-25,45,IndiGo,920,2026-10-25T17:15:00,2026-10-25T19:25:00,economy,,,,22438.0,INR,DEL > CCU,2026-09-10T21:26:38.543042,verified
Ignav,API,DEL,CCU,2026-10-25,45,IndiGo,6517,2026-10-25T19:30:00,2026-10-25T21:40:00,economy,,,,22438.0,INR,DEL > CCU,2026-09-10T21:26:38.543051,verified
Ignav,API,DEL,CCU,2026-10-25,45,IndiGo,389,2026-10-25T22:15:00,2026-10-26T00:25:00,economy,,,,22438.0,INR,DEL > CCU,2026-09-10T21:26:38.543060,verified
Ignav,API,DEL,CCU,2026-10-25,45,Air India,2553,2026-10-25T16:15:00,2026-10-25T18:25:00,economy,,,,23755.0,INR,DEL > CCU,2026-09-10T21:26:38.543069,verified
Ignav,API,DEL,CCU,2026-10-25,45,Air India,2597,2026-10-25T09:30:00,2026-10-25T11:45:00,economy,,,,23755.0,INR,DEL > CCU,2026-09-10T21:26:38.543077,verified
Ignav,API,DEL,CCU,2026-10-25,45,Air India,2767,2026-10-25T13:00:00,2026-10-25T15:10:00,economy,,,,25335.0,INR,DEL > CCU,2026-09-10T21:26:38.543085,verified
Ignav,API,DEL,CCU,2026-10-25,45,Air India,2707,2026-10-25T18:00:00,2026-10-25T20:10:00,economy,,,,25335.0,INR,DEL > CCU,2026-09-10T21:26:38.543094,verified
Ignav,API,DEL,CCU,2026-10-25,45,Air India,2709,2026-10-25T19:40:00,2026-10-25T21:50:00,economy,,,,25335.0,INR,DEL > CCU,2026-09-10T21:26:38.543102,verified
Ignav,API,DEL,CCU,2026-10-25,45,Akasa Air,1260,2026-10-25T20:55:00,2026-10-25T23:25:00,economy,,,,26136.0,INR,DEL > CCU,2026-09-10T21:26:38.543111,verified
Ignav,API,DEL,CCU,2026-10-25,45,Air India,2727,2026-10-25T21:40:00,2026-10-25T23:50:00,economy,,,,32289.0,INR,DEL > CCU,2026-09-10T21:26:38.543120,verified
Ignav,API,DEL,CCU,2026-10-25,45,Air India,2705,2026-10-25T06:45:00,2026-10-25T09:00:00,economy,,,,32289.0,INR,DEL > CCU,2026-09-10T21:26:38.543128,verified
Ignav,API,BLR,HYD,2026-09-11,1,IndiGo,"7204, 6575",2026-09-11T06:50:00,2026-09-11T15:00:00,economy,,,,9030.0,INR,BLR > VGA > HYD,2026-09-10T21:26:48.950292,verified
Ignav,API,BLR,HYD,2026-09-11,1,IndiGo,"6336, 783",2026-09-11T12:40:00,2026-09-11T17:40:00,economy,,,,9161.0,INR,BLR > VTZ > HYD,2026-09-10T21:26:48.950316,verified
Ignav,API,BLR,HYD,2026-09-11,1,IndiGo,"6542, 764",2026-09-11T13:10:00,2026-09-11T17:30:00,economy,,,,10554.0,INR,BLR > CJB > HYD,2026-09-10T21:26:48.950324,verified
Ignav,API,BLR,HYD,2026-09-11,1,IndiGo,"6445, 6235",2026-09-11T10:25:00,2026-09-11T15:25:00,economy,,,,10554.0,INR,BLR > COK > HYD,2026-09-10T21:26:48.950330,verified
Ignav,API,BLR,HYD,2026-09-11,1,Star Air,151,2026-09-11T19:40:00,2026-09-11T20:55:00,economy,,,,11575.0,INR,BLR > HYD,2026-09-10T21:26:48.950344,verified
Ignav,API,BLR,HYD,2026-09-11,1,IndiGo,"6336, 216",2026-09-11T12:40:00,2026-09-11T20:35:00,economy,,,,11670.0,INR,BLR > VTZ > HYD,2026-09-10T21:26:48.950350,verified
Ignav,API,BLR,HYD,2026-09-11,1,IndiGo,"6208, 562",2026-09-11T12:45:00,2026-09-11T19:35:00,economy,,,,12396.0,INR,BLR > MAA > HYD,2026-09-10T21:26:48.950363,verified
Ignav,API,BLR,HYD,2026-09-11,1,IndiGo,"7005, 304",2026-09-11T08:05:00,2026-09-11T13:40:00,economy,,,,13456.0,INR,BLR > COK > HYD,2026-09-10T21:26:48.950369,verified
Ignav,API,BLR,HYD,2026-09-11,1,IndiGo,"763, 304",2026-09-11T07:05:00,2026-09-11T13:40:00,economy,,,,13456.0,INR,BLR > COK > HYD,2026-09-10T21:26:48.950377,verified
Ignav,API,BLR,HYD,2026-09-11,1,IndiGo,"7005, 6235",2026-09-11T08:05:00,2026-09-11T15:25:00,economy,,,,13456.0,INR,BLR > COK > HYD,2026-09-10T21:26:48.950385,verified
Ignav,API,BLR,HYD,2026-09-11,1,Air India Express,"2926, 1832",2026-09-11T08:40:00,2026-09-11T15:10:00,economy,,,,13598.0,INR,BLR > MAA > HYD,2026-09-10T21:26:48.950391,verified
Ignav,API,BLR,HYD,2026-09-11,1,Air India Express,"1472, 1832",2026-09-11T07:05:00,2026-09-11T15:10:00,economy,,,,13598.0,INR,BLR > MAA > HYD,2026-09-10T21:26:48.950397,verified
Ignav,API,BLR,HYD,2026-09-11,1,IndiGo,"857, 467",2026-09-11T07:05:00,2026-09-11T10:45:00,economy,,,,13959.0,INR,BLR > CJB > HYD,2026-09-10T21:26:48.950403,verified
Ignav,API,BLR,HYD,2026-09-11,1,IndiGo,"857, 6421",2026-09-11T07:05:00,2026-09-11T13:35:00,economy,,,,13959.0,INR,BLR > CJB > HYD,2026-09-10T21:26:48.950410,verified
Ignav,API,BLR,HYD,2026-09-11,1,Alliance Air,517,2026-09-11T21:50:00,2026-09-11T23:35:00,economy,,,,14054.0,INR,BLR > HYD,2026-09-10T21:26:48.950416,verified
Ignav,API,BLR,HYD,2026-09-11,1,Air India Express,1723,2026-09-11T22:40:00,2026-09-11T23:50:00,economy,,,,14783.0,INR,BLR > HYD,2026-09-10T21:26:48.950421,verified
Ignav,API,BLR,HYD,2026-09-11,1,IndiGo,"7285, 7511",2026-09-11T06:50:00,2026-09-11T13:30:00,economy,,,,15831.0,INR,BLR > IXG > HYD,2026-09-10T21:26:48.950428,verified
Ignav,API,BLR,HYD,2026-09-11,1,IndiGo,6067,2026-09-11T16:30:00,2026-09-11T17:45:00,economy,,,,16468.0,INR,BLR > HYD,2026-09-10T21:26:48.950433,verified
Ignav,API,BLR,HYD,2026-09-11,1,Air India Express,2506,2026-09-11T17:15:00,2026-09-11T18:40:00,economy,,,,16782.0,INR,BLR > HYD,2026-09-10T21:26:48.950439,verified
Ignav,API,BLR,HYD,2026-09-11,1,IndiGo,6178,2026-09-11T06:25:00,2026-09-11T07:35:00,economy,,,,18044.0,INR,BLR > HYD,2026-09-10T21:26:48.950447,verified
Ignav,API,BLR,HYD,2026-09-11,1,IndiGo,638,2026-09-11T18:35:00,2026-09-11T19:45:00,economy,,,,18044.0,INR,BLR > HYD,2026-09-10T21:26:48.950453,verified
Ignav,API,BLR,HYD,2026-09-11,1,IndiGo,484,2026-09-11T08:15:00,2026-09-11T09:30:00,economy,,,,18044.0,INR,BLR > HYD,2026-09-10T21:26:48.950459,verified
Ignav,API,BLR,HYD,2026-09-11,1,IndiGo,312,2026-09-11T09:15:00,2026-09-11T10:30:00,economy,,,,18044.0,INR,BLR > HYD,2026-09-10T21:26:48.950476,verified
Ignav,API,BLR,HYD,2026-09-11,1,IndiGo,537,2026-09-11T10:15:00,2026-09-11T11:30:00,economy,,,,18044.0,INR,BLR > HYD,2026-09-10T21:26:48.950482,verified
Ignav,API,BLR,HYD,2026-09-11,1,IndiGo,6404,2026-09-11T11:35:00,2026-09-11T12:50:00,economy,,,,18044.0,INR,BLR > HYD,2026-09-10T21:26:48.950487,verified
Ignav,API,BLR,HYD,2026-09-11,1,IndiGo,855,2026-09-11T19:45:00,2026-09-11T21:00:00,economy,,,,18044.0,INR,BLR > HYD,2026-09-10T21:26:48.950492,verified
Ignav,API,BLR,HYD,2026-09-11,1,IndiGo,6784,2026-09-11T21:30:00,2026-09-11T22:45:00,economy,,,,18044.0,INR,BLR > HYD,2026-09-10T21:26:48.950498,verified
Ignav,API,BLR,HYD,2026-09-11,1,IndiGo,"6168, 6177",2026-09-11T17:40:00,2026-09-11T21:15:00,economy,,,,19087.0,INR,BLR > GOI > HYD,2026-09-10T21:26:48.950504,verified
Ignav,API,BLR,HYD,2026-09-11,1,IndiGo,"6583, 712",2026-09-11T10:40:00,2026-09-11T15:05:00,economy,,,,19554.0,INR,BLR > GOX > HYD,2026-09-10T21:26:48.950510,verified
Ignav,API,BLR,HYD,2026-09-11,1,Air India Express,2819,2026-09-11T12:30:00,2026-09-11T13:50:00,economy,,,,19783.0,INR,BLR > HYD,2026-09-10T21:26:48.950518,verified
Ignav,API,BLR,HYD,2026-09-11,1,IndiGo,"6168, 985",2026-09-11T17:40:00,2026-09-11T22:50:00,economy,,,,19822.0,INR,BLR > GOI > HYD,2026-09-10T21:26:48.950525,verified
Ignav,API,BLR,HYD,2026-09-11,1,IndiGo,"6753, 117",2026-09-11T15:15:00,2026-09-11T20:25:00,economy,,,,20010.0,INR,BLR > GOI > HYD,2026-09-10T21:26:48.950531,verified
Ignav,API,BLR,HYD,2026-09-11,1,IndiGo,"6653, 374",2026-09-11T12:35:00,2026-09-11T17:50:00,economy,,,,20506.0,INR,BLR > GOI > HYD,2026-09-10T21:26:48.950537,verified
Ignav,API,BLR,HYD,2026-09-11,1,IndiGo,"6753, 6177",2026-09-11T15:15:00,2026-09-11T21:15:00,economy,,,,20506.0,INR,BLR > GOI > HYD,2026-09-10T21:26:48.950544,verified
Ignav,API,BLR,HYD,2026-09-11,1,IndiGo,"6554, 985",2026-09-11T19:15:00,2026-09-11T22:50:00,economy,,,,20745.0,INR,BLR > GOI > HYD,2026-09-10T21:26:48.950552,verified
Ignav,API,BLR,HYD,2026-09-11,1,IndiGo,"6753, 985",2026-09-11T15:15:00,2026-09-11T22:50:00,economy,,,,20745.0,INR,BLR > GOI > HYD,2026-09-10T21:26:48.950558,verified
Ignav,API,BLR,HYD,2026-09-11,1,IndiGo,"6542, 6307",2026-09-11T13:10:00,2026-09-11T21:45:00,economy,,,,20889.0,INR,BLR > CJB > HYD,2026-09-10T21:26:48.950564,verified
Ignav,API,BLR,HYD,2026-09-11,1,IndiGo,"6017, 6487",2026-09-11T18:15:00,2026-09-11T22:40:00,economy,,,,21066.0,INR,BLR > MAA > HYD,2026-09-10T21:26:48.950570,verified
Ignav,API,BLR,HYD,2026-09-11,1,IndiGo,"356, 6487",2026-09-11T17:15:00,2026-09-11T22:40:00,economy,,,,21066.0,INR,BLR > MAA > HYD,2026-09-10T21:26:48.950576,verified
Ignav,API,BLR,HYD,2026-09-11,1,Air India,"2630, 2619",2026-09-11T12:05:00,2026-09-11T19:35:00,economy,,,,22702.0,INR,BLR > BOM > HYD,2026-09-10T21:26:48.950584,verified
Ignav,API,BLR,HYD,2026-09-11,1,Air India,"9475, 2492, 2619",2026-09-11T11:45:00,2026-09-12T19:35:00,economy,,,,22787.0,INR,BLR > LKO > BOM > HYD,2026-09-10T21:26:48.950591,verified
Ignav,API,BLR,HYD,2026-09-11,1,Air India,"9475, 2492, 2875",2026-09-11T11:45:00,2026-09-12T21:05:00,economy,,,,22787.0,INR,BLR > LKO > BOM > HYD,2026-09-10T21:26:48.950597,verified
Ignav,API,BLR,HYD,2026-09-11,1,Air India,"9547, 2492, 2619",2026-09-11T19:05:00,2026-09-12T19:35:00,economy,,,,23627.0,INR,BLR > LKO > BOM > HYD,2026-09-10T21:26:48.950604,verified
Ignav,API,BLR,HYD,2026-09-11,1,Air India,"9547, 2492, 2875",2026-09-11T19:05:00,2026-09-12T21:05:00,economy,,,,23627.0,INR,BLR > LKO > BOM > HYD,2026-09-10T21:26:48.950610,verified
Ignav,API,BLR,HYD,2026-09-11,1,Air India,"2630, 2875",2026-09-11T12:05:00,2026-09-11T21:05:00,economy,,,,23684.0,INR,BLR > BOM > HYD,2026-09-10T21:26:48.950616,verified
Ignav,API,BLR,HYD,2026-09-11,1,IndiGo,"356, 193",2026-09-11T17:15:00,2026-09-11T21:25:00,economy,,,,23713.0,INR,BLR > MAA > HYD,2026-09-10T21:26:48.950621,verified
Ignav,API,BLR,HYD,2026-09-11,1,Air India,"2630, 2531",2026-09-11T12:05:00,2026-09-11T16:35:00,economy,,,,23883.0,INR,BLR > BOM > HYD,2026-09-10T21:26:48.950627,verified
Ignav,API,BLR,HYD,2026-09-11,1,Air India,"9475, 2570, 2577",2026-09-11T11:45:00,2026-09-12T04:20:00,economy,,,,24033.0,INR,BLR > LKO > DEL > HYD,2026-09-10T21:26:48.950633,verified
Ignav,API,BLR,HYD,2026-09-11,1,Air India,"9475, 2500, 2859",2026-09-11T11:45:00,2026-09-12T12:50:00,economy,,,,24033.0,INR,BLR > LKO > DEL > HYD,2026-09-10T21:26:48.950640,verified
Ignav,API,BLR,HYD,2026-09-11,1,Air India,"9475, 2500, 2899",2026-09-11T11:45:00,2026-09-12T14:45:00,economy,,,,24033.0,INR,BLR > LKO > DEL > HYD,2026-09-10T21:26:48.950648,verified
Ignav,API,BLR,HYD,2026-09-11,1,Air India,"2630, 2444",2026-09-11T12:05:00,2026-09-12T12:25:00,economy,,,,24171.0,INR,BLR > BOM > HYD,2026-09-10T21:26:48.950654,verified
Ignav,API,BLR,HYD,2026-09-11,1,Air India,"9547, 1824, 1708",2026-09-11T19:05:00,2026-09-12T21:50:00,economy,,,,24198.0,INR,BLR > LKO > DEL > HYD,2026-09-10T21:26:48.950660,verified
Ignav,API,BLR,HYD,2026-09-11,1,IndiGo,"6876, 352",2026-09-11T02:40:00,2026-09-11T07:50:00,economy,,,,24285.0,INR,BLR > PNQ > HYD,2026-09-10T21:26:48.950666,verified
Ignav,API,BLR,HYD,2026-09-11,1,Air India,"9475, 2570, 1793",2026-09-11T11:45:00,2026-09-12T08:20:00,economy,,,,24628.0,INR,BLR > LKO > DEL > HYD,2026-09-10T21:26:48.950672,verified
Ignav,API,BLR,HYD,2026-09-11,1,IndiGo,"703, 6681",2026-09-11T12:55:00,2026-09-11T17:35:00,economy,,,,24793.0,INR,BLR > COK > HYD,2026-09-10T21:26:48.950678,verified
Ignav,API,BLR,HYD,2026-09-11,1,Air India,"9547, 2500, 2859",2026-09-11T19:05:00,2026-09-12T12:50:00,economy,,,,24873.0,INR,BLR > LKO > DEL > HYD,2026-09-10T21:26:48.950687,verified
Ignav,API,BLR,HYD,2026-09-11,1,Air India,"9547, 2500, 2899",2026-09-11T19:05:00,2026-09-12T14:45:00,economy,,,,24873.0,INR,BLR > LKO > DEL > HYD,2026-09-10T21:26:48.950694,verified
Ignav,API,BLR,HYD,2026-09-11,1,Air India,"9475, 1824, 1708",2026-09-11T11:45:00,2026-09-11T21:50:00,economy,,,,24932.0,INR,BLR > LKO > DEL > HYD,2026-09-10T21:26:48.950700,verified
Ignav,API,BLR,HYD,2026-09-11,1,Air India,"2840, 2869",2026-09-11T22:30:00,2026-09-12T23:05:00,economy,,,,25207.0,INR,BLR > BOM > HYD,2026-09-10T21:26:48.950706,verified
Ignav,API,BLR,HYD,2026-09-11,1,Air India,"2840, 2619",2026-09-11T22:30:00,2026-09-12T19:35:00,economy,,,,25316.0,INR,BLR > BOM > HYD,2026-09-10T21:26:48.950714,verified
Ignav,API,BLR,HYD,2026-09-11,1,Air India,"2840, 2875",2026-09-11T22:30:00,2026-09-12T21:05:00,economy,,,,25316.0,INR,BLR > BOM > HYD,2026-09-10T21:26:48.950720,verified
Ignav,API,BLR,HYD,2026-09-11,1,Akasa Air,"1359, 1406",2026-09-11T05:00:00,2026-09-11T16:45:00,economy,,,,25468.0,INR,BLR > DEL > HYD,2026-09-10T21:26:48.950726,verified
Ignav,API,BLR,HYD,2026-09-11,1,IndiGo,"6445, 6681",2026-09-11T10:25:00,2026-09-11T17:35:00,economy,,,,25558.0,INR,BLR > COK > HYD,2026-09-10T21:26:48.950731,verified
Ignav,API,BLR,HYD,2026-09-11,1,Air India,"2630, 2625",2026-09-11T12:05:00,2026-09-12T07:35:00,economy,,,,25612.0,INR,BLR > BOM > HYD,2026-09-10T21:26:48.950738,verified
Ignav,API,BLR,HYD,2026-09-11,1,Air India,"2858, 2625",2026-09-11T02:20:00,2026-09-11T07:35:00,economy,,,,25626.0,INR,BLR > BOM > HYD,2026-09-10T21:26:48.950744,verified
Ignav,API,BLR,HYD,2026-09-11,1,Air India,"2630, 417",2026-09-11T12:05:00,2026-09-12T10:35:00,economy,,,,25662.0,INR,BLR > BOM > HYD,2026-09-10T21:26:48.950750,verified
Ignav,API,BLR,HYD,2026-09-11,1,IndiGo,"763, 6235",2026-09-11T07:05:00,2026-09-11T15:25:00,economy,,,,25866.0,INR,BLR > COK > HYD,2026-09-10T21:26:48.950755,verified
Ignav,API,BLR,HYD,2026-09-11,1,Air India,"2642, 2869",2026-09-11T21:30:00,2026-09-12T23:05:00,economy,,,,25936.0,INR,BLR > BOM > HYD,2026-09-10T21:26:48.950761,verified
Ignav,API,BLR,HYD,2026-09-11,1,Air India,"2642, 2619",2026-09-11T21:30:00,2026-09-12T19:35:00,economy,,,,26045.0,INR,BLR > BOM > HYD,2026-09-10T21:26:48.950766,verified
Ignav,API,BLR,HYD,2026-09-11,1,Air India,"2642, 2875",2026-09-11T21:30:00,2026-09-12T21:05:00,economy,,,,26045.0,INR,BLR > BOM > HYD,2026-09-10T21:26:48.950774,verified
Ignav,API,BLR,HYD,2026-09-11,1,Air India,"2811, 2869",2026-09-11T23:40:00,2026-09-12T23:05:00,economy,,,,26482.0,INR,BLR > BOM > HYD,2026-09-10T21:26:48.950781,verified
Ignav,API,BLR,HYD,2026-09-11,1,IndiGo,"116, 336",2026-09-11T23:05:00,2026-09-12T03:10:00,economy,,,,26496.0,INR,BLR > PNQ > HYD,2026-09-10T21:26:48.950787,verified
Ignav,API,BLR,HYD,2026-09-11,1,IndiGo,"441, 336",2026-09-11T20:40:00,2026-09-12T03:10:00,economy,,,,26496.0,INR,BLR > PNQ > HYD,2026-09-10T21:26:48.950793,verified
Ignav,API,BLR,HYD,2026-09-11,1,Air India,"2850, 2619",2026-09-11T20:30:00,2026-09-12T19:35:00,economy,,,,26500.0,INR,BLR > BOM > HYD,2026-09-10T21:26:48.950798,verified
Ignav,API,BLR,HYD,2026-09-11,1,Air India,"2850, 2875",2026-09-11T20:30:00,2026-09-12T21:05:00,economy,,,,26500.0,INR,BLR > BOM > HYD,2026-09-10T21:26:48.950804,verified
Ignav,API,BLR,HYD,2026-09-11,1,Air India,"2811, 2875",2026-09-11T23:40:00,2026-09-12T21:05:00,economy,,,,26590.0,INR,BLR > BOM > HYD,2026-09-10T21:26:48.950811,verified
Ignav,API,BLR,HYD,2026-09-11,1,Air India,"2811, 2619",2026-09-11T23:40:00,2026-09-12T19:35:00,economy,,,,26591.0,INR,BLR > BOM > HYD,2026-09-10T21:26:48.950819,verified
Ignav,API,BLR,HYD,2026-09-11,1,Air India,"2854, 2619",2026-09-11T18:05:00,2026-09-12T19:35:00,economy,,,,26591.0,INR,BLR > BOM > HYD,2026-09-10T21:26:48.950825,verified
Ignav,API,BLR,HYD,2026-09-11,1,Air India,"2854, 2875",2026-09-11T18:05:00,2026-09-12T21:05:00,economy,,,,26591.0,INR,BLR > BOM > HYD,2026-09-10T21:26:48.950831,verified
Ignav,API,BLR,HYD,2026-09-11,1,IndiGo,"6162, 7241",2026-09-11T18:50:00,2026-09-11T23:10:00,economy,,,,26695.0,INR,BLR > IXE > HYD,2026-09-10T21:26:48.950839,verified
Ignav,API,BLR,HYD,2026-09-11,1,IndiGo,"763, 913",2026-09-11T07:05:00,2026-09-11T11:05:00,economy,,,,26706.0,INR,BLR > COK > HYD,2026-09-10T21:26:48.950845,verified
Ignav,API,BLR,HYD,2026-09-11,1,IndiGo,"6563, 352",2026-09-11T01:05:00,2026-09-11T07:50:00,economy,,,,26759.0,INR,BLR > PNQ > HYD,2026-09-10T21:26:48.950851,verified
Ignav,API,BLR,HYD,2026-09-11,1,Air India,"2511, 2449",2026-09-11T15:00:00,2026-09-12T00:20:00,economy,,,,26994.0,INR,BLR > DEL > HYD,2026-09-10T21:26:48.950857,verified
Ignav,API,BLR,HYD,2026-09-11,1,Air India,"2511, 1706",2026-09-11T15:00:00,2026-09-12T01:20:00,economy,,,,26994.0,INR,BLR > DEL > HYD,2026-09-10T21:26:48.950862,verified
Ignav,API,BLR,HYD,2026-09-11,1,Air India,"2511, 2577",2026-09-11T15:00:00,2026-09-12T04:20:00,economy,,,,26994.0,INR,BLR > DEL > HYD,2026-09-10T21:26:48.950868,verified
Ignav,API,BLR,HYD,2026-09-11,1,Air India,"2511, 1708",2026-09-11T15:00:00,2026-09-11T21:50:00,economy,,,,27264.0,INR,BLR > DEL > HYD,2026-09-10T21:26:48.950874,verified
Ignav,API,BLR,HYD,2026-09-11,1,Air India,"2511, 2871",2026-09-11T15:00:00,2026-09-11T22:50:00,economy,,,,27264.0,INR,BLR > DEL > HYD,2026-09-10T21:26:48.950880,verified
Ignav,API,BLR,HYD,2026-09-11,1,IndiGo,"109, 7241",2026-09-11T17:00:00,2026-09-11T23:10:00,economy,,,,27666.0,INR,BLR > IXE > HYD,2026-09-10T21:26:48.950886,verified
Ignav,API,BLR,HYD,2026-09-11,1,Air India,"9400, 1708",2026-09-11T14:40:00,2026-09-11T21:50:00,economy,,,,28792.0,INR,BLR > DEL > HYD,2026-09-10T21:26:48.950891,verified
Ignav,API,BLR,HYD,2026-09-11,1,Air India,"9400, 2871",2026-09-11T14:40:00,2026-09-11T22:50:00,economy,,,,28792.0,INR,BLR > DEL > HYD,2026-09-10T21:26:48.950899,verified
Ignav,API,BLR,HYD,2026-09-11,1,Air India,"9400, 2449",2026-09-11T14:40:00,2026-09-12T00:20:00,economy,,,,28792.0,INR,BLR > DEL > HYD,2026-09-10T21:26:48.950905,verified
Ignav,API,BLR,HYD,2026-09-11,1,Air India,"9400, 1706",2026-09-11T14:40:00,2026-09-12T01:20:00,economy,,,,28792.0,INR,BLR > DEL > HYD,2026-09-10T21:26:48.950912,verified
Ignav,API,BLR,HYD,2026-09-11,1,Air India,"9400, 2577",2026-09-11T14:40:00,2026-09-12T04:20:00,economy,,,,28792.0,INR,BLR > DEL > HYD,2026-09-10T21:26:48.950918,verified
Ignav,API,BLR,HYD,2026-09-11,1,Air India,"2840, 2531",2026-09-11T22:30:00,2026-09-12T16:35:00,economy,,,,28806.0,INR,BLR > BOM > HYD,2026-09-10T21:26:48.950924,verified
Ignav,API,BLR,HYD,2026-09-11,1,Air India,"2402, 2444",2026-09-11T06:35:00,2026-09-11T12:25:00,economy,,,,29058.0,INR,BLR > BOM > HYD,2026-09-10T21:26:48.950929,verified
Ignav,API,BLR,HYD,2026-09-11,1,Air India,"2858, 2444",2026-09-11T02:20:00,2026-09-11T12:25:00,economy,,,,29058.0,INR,BLR > BOM > HYD,2026-09-10T21:26:48.950935,verified
Ignav,API,BLR,HYD,2026-09-11,1,Air India,"2840, 2444",2026-09-11T22:30:00,2026-09-12T12:25:00,economy,,,,29058.0,INR,BLR > BOM > HYD,2026-09-10T21:26:48.950941,verified
Ignav,API,BLR,HYD,2026-09-11,1,Air India,"2402, 2619",2026-09-11T06:35:00,2026-09-11T19:35:00,economy,,,,29226.0,INR,BLR > BOM > HYD,2026-09-10T21:26:48.950949,verified
Ignav,API,BLR,HYD,2026-09-11,1,Air India,"2858, 2619",2026-09-11T02:20:00,2026-09-11T19:35:00,economy,,,,29226.0,INR,BLR > BOM > HYD,2026-09-10T21:26:48.950956,verified
Ignav,API,BLR,HYD,2026-09-11,1,Air India,"2642, 2444",2026-09-11T21:30:00,2026-09-12T12:25:00,economy,,,,29785.0,INR,BLR > BOM > HYD,2026-09-10T21:26:48.950963,verified
Ignav,API,BLR,HYD,2026-09-11,1,Air India,"2406, 1706",2026-09-11T11:00:00,2026-09-12T01:20:00,economy,,,,29904.0,INR,BLR > DEL > HYD,2026-09-10T21:26:48.950969,verified
Ignav,API,BLR,HYD,2026-09-11,1,Air India,"2811, 2531",2026-09-11T23:40:00,2026-09-12T16:35:00,economy,,,,30079.0,INR,BLR > BOM > HYD,2026-09-10T21:26:48.950975,verified
Ignav,API,BLR,HYD,2026-09-11,1,Air India,"2840, 2625",2026-09-11T22:30:00,2026-09-12T07:35:00,economy,,,,30207.0,INR,BLR > BOM > HYD,2026-09-10T21:26:48.950981,verified
Ignav,API,BLR,HYD,2026-09-11,1,Air India,"2402, 2875",2026-09-11T06:35:00,2026-09-11T21:05:00,economy,,,,30207.0,INR,BLR > BOM > HYD,2026-09-10T21:26:48.950986,verified
Ignav,API,BLR,HYD,2026-09-11,1,Air India,"2858, 2875",2026-09-11T02:20:00,2026-09-11T21:05:00,economy,,,,30207.0,INR,BLR > BOM > HYD,2026-09-10T21:26:48.950992,verified
Ignav,API,BLR,HYD,2026-09-11,1,Air India,"2811, 2444",2026-09-11T23:40:00,2026-09-12T12:25:00,economy,,,,30331.0,INR,BLR > BOM > HYD,2026-09-10T21:26:48.950998,verified
Ignav,API,BLR,HYD,2026-09-11,1,Air India,"2402, 2531",2026-09-11T06:35:00,2026-09-11T16:35:00,economy,,,,30407.0,INR,BLR > BOM > HYD,2026-09-10T21:26:48.951003,verified
Ignav,API,BLR,HYD,2026-09-11,1,Air India,"2840, 417",2026-09-11T22:30:00,2026-09-12T10:35:00,economy,,,,30407.0,INR,BLR > BOM > HYD,2026-09-10T21:26:48.951010,verified
Ignav,API,BLR,HYD,2026-09-11,1,Air India,"2858, 2531",2026-09-11T02:20:00,2026-09-11T16:35:00,economy,,,,30407.0,INR,BLR > BOM > HYD,2026-09-10T21:26:48.951015,verified
Ignav,API,BLR,HYD,2026-09-11,1,Air India,"2642, 2625",2026-09-11T21:30:00,2026-09-12T07:35:00,economy,,,,30935.0,INR,BLR > BOM > HYD,2026-09-10T21:26:48.951023,verified
Ignav,API,BLR,HYD,2026-09-11,1,Air India,"2642, 417",2026-09-11T21:30:00,2026-09-12T10:35:00,economy,,,,31135.0,INR,BLR > BOM > HYD,2026-09-10T21:26:48.951029,verified
Ignav,API,BLR,HYD,2026-09-11,1,IndiGo,"5306, 7241",2026-09-11T14:35:00,2026-09-11T23:10:00,economy,,,,31169.0,INR,BLR > IXE > HYD,2026-09-10T21:26:48.951035,verified
Ignav,API,BLR,HYD,2026-09-11,1,Air India,"2850, 2625",2026-09-11T20:30:00,2026-09-12T07:35:00,economy,,,,31299.0,INR,BLR > BOM > HYD,2026-09-10T21:26:48.951041,verified
Ignav,API,BLR,HYD,2026-09-11,1,IndiGo,"173, 103",2026-09-11T15:30:00,2026-09-11T23:40:00,economy,,,,31326.0,INR,BLR > PNQ > HYD,2026-09-10T21:26:48.951047,verified
Ignav,API,BLR,HYD,2026-09-11,1,Air India,"2811, 2625",2026-09-11T23:40:00,2026-09-12T07:35:00,economy,,,,31481.0,INR,BLR > BOM > HYD,2026-09-10T21:26:48.951053,verified
Ignav,API,BLR,HYD,2026-09-11,1,Air India,"2854, 2625",2026-09-11T18:05:00,2026-09-12T07:35:00,economy,,,,31481.0,INR,BLR > BOM > HYD,2026-09-10T21:26:48.951058,verified
Ignav,API,BLR,HYD,2026-09-11,1,Air India,"2850, 417",2026-09-11T20:30:00,2026-09-12T10:35:00,economy,,,,31499.0,INR,BLR > BOM > HYD,2026-09-10T21:26:48.951064,verified
Ignav,API,BLR,HYD,2026-09-11,1,Air India,"2811, 417",2026-09-11T23:40:00,2026-09-12T10:35:00,economy,,,,31681.0,INR,BLR > BOM > HYD,2026-09-10T21:26:48.951070,verified
Ignav,API,BLR,HYD,2026-09-11,1,Air India,"2630, 2869",2026-09-11T12:05:00,2026-09-11T23:05:00,economy,,,,32133.0,INR,BLR > BOM > HYD,2026-09-10T21:26:48.951076,verified
Ignav,API,BLR,HYD,2026-09-11,1,IndiGo,"6104, 407",2026-09-11T11:40:00,2026-09-11T16:05:00,economy,,,,32849.0,INR,BLR > PNQ > HYD,2026-09-10T21:26:48.951086,verified
Ignav,API,BLR,HYD,2026-09-11,1,Air India,"2802, 2449",2026-09-11T18:20:00,2026-09-12T00:20:00,economy,,,,33774.0,INR,BLR > DEL > HYD,2026-09-10T21:26:48.951092,verified
Ignav,API,BLR,HYD,2026-09-11,1,Air India,"2820, 2449",2026-09-11T17:25:00,2026-09-12T00:20:00,economy,,,,33774.0,INR,BLR > DEL > HYD,2026-09-10T21:26:48.951098,verified
Ignav,API,BLR,HYD,2026-09-11,1,Air India,"2802, 1706",2026-09-11T18:20:00,2026-09-12T01:20:00,economy,,,,33774.0,INR,BLR > DEL > HYD,2026-09-10T21:26:48.951103,verified
Ignav,API,BLR,HYD,2026-09-11,1,Air India,"2820, 1706",2026-09-11T17:25:00,2026-09-12T01:20:00,economy,,,,33774.0,INR,BLR > DEL > HYD,2026-09-10T21:26:48.951109,verified
Ignav,API,BLR,HYD,2026-09-11,1,Air India,"2486, 2879",2026-09-11T14:00:00,2026-09-11T20:20:00,economy,,,,34044.0,INR,BLR > DEL > HYD,2026-09-10T21:26:48.951114,verified
Ignav,API,BLR,HYD,2026-09-11,1,Air India,"2486, 1708",2026-09-11T14:00:00,2026-09-11T21:50:00,economy,,,,34044.0,INR,BLR > DEL > HYD,2026-09-10T21:26:48.951120,verified
Ignav,API,BLR,HYD,2026-09-11,1,Air India,"2486, 2871",2026-09-11T14:00:00,2026-09-11T22:50:00,economy,,,,34044.0,INR,BLR > DEL > HYD,2026-09-10T21:26:48.951125,verified
Ignav,API,BLR,HYD,2026-09-11,1,IndiGo,"173, 577",2026-09-11T15:30:00,2026-09-11T19:50:00,economy,,,,36366.0,INR,BLR > PNQ > HYD,2026-09-10T21:26:48.951132,verified
Ignav,API,BLR,HYD,2026-09-17,7,IndiGo,"6168, 6177",2026-09-17T17:40:00,2026-09-17T21:15:00,economy,,,,5358.0,INR,BLR > GOI > HYD,2026-09-10T21:26:55.701919,verified
Ignav,API,BLR,HYD,2026-09-17,7,IndiGo,"6554, 985",2026-09-17T19:15:00,2026-09-17T22:50:00,economy,,,,5358.0,INR,BLR > GOI > HYD,2026-09-10T21:26:55.701932,verified
Ignav,API,BLR,HYD,2026-09-17,7,IndiGo,"857, 467",2026-09-17T07:05:00,2026-09-17T10:45:00,economy,,,,5358.0,INR,BLR > CJB > HYD,2026-09-10T21:26:55.701936,verified
Ignav,API,BLR,HYD,2026-09-17,7,IndiGo,"116, 336",2026-09-17T23:05:00,2026-09-18T03:10:00,economy,,,,5358.0,INR,BLR > PNQ > HYD,2026-09-10T21:26:55.701940,verified
Ignav,API,BLR,HYD,2026-09-17,7,IndiGo,"6542, 764",2026-09-17T13:10:00,2026-09-17T17:30:00,economy,,,,5358.0,INR,BLR > CJB > HYD,2026-09-10T21:26:55.701943,verified
Ignav,API,BLR,HYD,2026-09-17,7,IndiGo,"6104, 407",2026-09-17T11:40:00,2026-09-17T16:05:00,economy,,,,5358.0,INR,BLR > PNQ > HYD,2026-09-10T21:26:55.701947,verified
Ignav,API,BLR,HYD,2026-09-17,7,IndiGo,"6017, 6487",2026-09-17T18:15:00,2026-09-17T22:40:00,economy,,,,5358.0,INR,BLR > MAA > HYD,2026-09-10T21:26:55.701950,verified
Ignav,API,BLR,HYD,2026-09-17,7,IndiGo,"6208, 6158",2026-09-17T12:45:00,2026-09-17T17:25:00,economy,,,,5358.0,INR,BLR > MAA > HYD,2026-09-10T21:26:55.701954,verified
Ignav,API,BLR,HYD,2026-09-17,7,IndiGo,"6876, 352",2026-09-17T02:40:00,2026-09-17T07:50:00,economy,,,,5358.0,INR,BLR > PNQ > HYD,2026-09-10T21:26:55.701957,verified
Ignav,API,BLR,HYD,2026-09-17,7,IndiGo,"6269, 6925",2026-09-17T07:15:00,2026-09-17T13:15:00,economy,,,,5358.0,INR,BLR > MAA > HYD,2026-09-10T21:26:55.701961,verified
Ignav,API,BLR,HYD,2026-09-17,7,IndiGo,"6269, 372",2026-09-17T07:15:00,2026-09-17T11:10:00,economy,,,,5688.0,INR,BLR > MAA > HYD,2026-09-10T21:26:55.701964,verified
Ignav,API,BLR,HYD,2026-09-17,7,IndiGo,"7071, 6575",2026-09-17T10:55:00,2026-09-17T15:00:00,economy,,,,6048.0,INR,BLR > VGA > HYD,2026-09-10T21:26:55.701968,verified
Ignav,API,BLR,HYD,2026-09-17,7,Air India Express,2506,2026-09-17T17:15:00,2026-09-17T18:40:00,economy,,,,6427.0,INR,BLR > HYD,2026-09-10T21:26:55.701971,verified
Ignav,API,BLR,HYD,2026-09-17,7,Star Air,151,2026-09-17T19:10:00,2026-09-17T20:25:00,economy,,,,6577.0,INR,BLR > HYD,2026-09-10T21:26:55.701974,verified
Ignav,API,BLR,HYD,2026-09-17,7,IndiGo,638,2026-09-17T18:35:00,2026-09-17T19:45:00,economy,,,,6825.0,INR,BLR > HYD,2026-09-10T21:26:55.701977,verified
Ignav,API,BLR,HYD,2026-09-17,7,IndiGo,6067,2026-09-17T16:30:00,2026-09-17T17:45:00,economy,,,,6825.0,INR,BLR > HYD,2026-09-10T21:26:55.701981,verified
Ignav,API,BLR,HYD,2026-09-17,7,Air India Express,1250,2026-09-17T19:15:00,2026-09-17T20:25:00,economy,,,,7026.0,INR,BLR > HYD,2026-09-10T21:26:55.701984,verified
Ignav,API,BLR,HYD,2026-09-17,7,Air India Express,2819,2026-09-17T12:30:00,2026-09-17T13:50:00,economy,,,,8527.0,INR,BLR > HYD,2026-09-10T21:26:55.701987,verified
Ignav,API,BLR,HYD,2026-09-17,7,IndiGo,6404,2026-09-17T11:35:00,2026-09-17T12:50:00,economy,,,,9570.0,INR,BLR > HYD,2026-09-10T21:26:55.701990,verified
Ignav,API,BLR,HYD,2026-09-17,7,IndiGo,537,2026-09-17T10:15:00,2026-09-17T11:30:00,economy,,,,10443.0,INR,BLR > HYD,2026-09-10T21:26:55.701993,verified
Ignav,API,BLR,HYD,2026-09-17,7,Air India Express,2018,2026-09-17T06:05:00,2026-09-17T07:25:00,economy,,,,11627.0,INR,BLR > HYD,2026-09-10T21:26:55.701996,verified
Ignav,API,BLR,HYD,2026-09-17,7,IndiGo,312,2026-09-17T09:15:00,2026-09-17T10:30:00,economy,,,,12468.0,INR,BLR > HYD,2026-09-10T21:26:55.701999,verified
Ignav,API,BLR,HYD,2026-09-17,7,IndiGo,855,2026-09-17T19:45:00,2026-09-17T21:00:00,economy,,,,12468.0,INR,BLR > HYD,2026-09-10T21:26:55.702002,verified
Ignav,API,BLR,HYD,2026-09-17,7,IndiGo,6784,2026-09-17T21:30:00,2026-09-17T22:45:00,economy,,,,13641.0,INR,BLR > HYD,2026-09-10T21:26:55.702005,verified
Ignav,API,BLR,HYD,2026-09-17,7,IndiGo,6178,2026-09-17T06:25:00,2026-09-17T07:35:00,economy,,,,16363.0,INR,BLR > HYD,2026-09-10T21:26:55.702008,verified
Ignav,API,BLR,HYD,2026-09-17,7,IndiGo,484,2026-09-17T08:15:00,2026-09-17T09:30:00,economy,,,,16363.0,INR,BLR > HYD,2026-09-10T21:26:55.702011,verified
Ignav,API,BLR,HYD,2026-09-25,15,Alliance Air,517,2026-09-25T21:50:00,2026-09-25T23:35:00,economy,,,,4614.0,INR,BLR > HYD,2026-09-10T21:27:07.278832,verified
Ignav,API,BLR,HYD,2026-09-25,15,Air India Express,2506,2026-09-25T17:15:00,2026-09-25T18:40:00,economy,,,,5078.0,INR,BLR > HYD,2026-09-10T21:27:07.278856,verified
Ignav,API,BLR,HYD,2026-09-25,15,IndiGo,"6168, 6177",2026-09-25T17:40:00,2026-09-25T21:15:00,economy,,,,5407.0,INR,BLR > GOI > HYD,2026-09-10T21:27:07.278867,verified
Ignav,API,BLR,HYD,2026-09-25,15,IndiGo,"6269, 372",2026-09-25T07:15:00,2026-09-25T11:10:00,economy,,,,5407.0,INR,BLR > MAA > HYD,2026-09-10T21:27:07.278875,verified
Ignav,API,BLR,HYD,2026-09-25,15,IndiGo,"763, 913",2026-09-25T07:05:00,2026-09-25T11:05:00,economy,,,,5407.0,INR,BLR > COK > HYD,2026-09-10T21:27:07.278883,verified
Ignav,API,BLR,HYD,2026-09-25,15,IndiGo,"116, 336",2026-09-25T23:05:00,2026-09-26T03:10:00,economy,,,,5407.0,INR,BLR > PNQ > HYD,2026-09-10T21:27:07.278890,verified
Ignav,API,BLR,HYD,2026-09-25,15,IndiGo,"356, 193",2026-09-25T17:15:00,2026-09-25T21:25:00,economy,,,,5407.0,INR,BLR > MAA > HYD,2026-09-10T21:27:07.278897,verified
Ignav,API,BLR,HYD,2026-09-25,15,IndiGo,"6542, 764",2026-09-25T13:10:00,2026-09-25T17:30:00,economy,,,,5407.0,INR,BLR > CJB > HYD,2026-09-10T21:27:07.278903,verified
Ignav,API,BLR,HYD,2026-09-25,15,IndiGo,"173, 577",2026-09-25T15:30:00,2026-09-25T19:50:00,economy,,,,5407.0,INR,BLR > PNQ > HYD,2026-09-10T21:27:07.278911,verified
Ignav,API,BLR,HYD,2026-09-25,15,IndiGo,"6104, 407",2026-09-25T11:40:00,2026-09-25T16:05:00,economy,,,,5407.0,INR,BLR > PNQ > HYD,2026-09-10T21:27:07.278920,verified
Ignav,API,BLR,HYD,2026-09-25,15,IndiGo,"6208, 6158",2026-09-25T12:45:00,2026-09-25T17:25:00,economy,,,,5407.0,INR,BLR > MAA > HYD,2026-09-10T21:27:07.278927,verified
Ignav,API,BLR,HYD,2026-09-25,15,IndiGo,"703, 6681",2026-09-25T12:55:00,2026-09-25T17:35:00,economy,,,,5407.0,INR,BLR > COK > HYD,2026-09-10T21:27:07.278934,verified
Ignav,API,BLR,HYD,2026-09-25,15,IndiGo,"105, 103",2026-09-25T18:50:00,2026-09-25T23:40:00,economy,,,,5407.0,INR,BLR > PNQ > HYD,2026-09-10T21:27:07.278943,verified
Ignav,API,BLR,HYD,2026-09-25,15,IndiGo,"6445, 6235",2026-09-25T10:25:00,2026-09-25T15:25:00,economy,,,,5407.0,INR,BLR > COK > HYD,2026-09-10T21:27:07.278950,verified
Ignav,API,BLR,HYD,2026-09-25,15,IndiGo,"6753, 117",2026-09-25T15:15:00,2026-09-25T20:25:00,economy,,,,5407.0,INR,BLR > GOI > HYD,2026-09-10T21:27:07.278956,verified
Ignav,API,BLR,HYD,2026-09-25,15,IndiGo,"6876, 352",2026-09-25T02:40:00,2026-09-25T07:50:00,economy,,,,5463.0,INR,BLR > PNQ > HYD,2026-09-10T21:27:07.278963,verified
Ignav,API,BLR,HYD,2026-09-25,15,IndiGo,"356, 6487",2026-09-25T17:15:00,2026-09-25T22:40:00,economy,,,,5463.0,INR,BLR > MAA > HYD,2026-09-10T21:27:07.278970,verified
Ignav,API,BLR,HYD,2026-09-25,15,IndiGo,"528, 336",2026-09-25T21:40:00,2026-09-26T03:10:00,economy,,,,5463.0,INR,BLR > PNQ > HYD,2026-09-10T21:27:07.278977,verified
Ignav,API,BLR,HYD,2026-09-25,15,IndiGo,"6753, 6177",2026-09-25T15:15:00,2026-09-25T21:15:00,economy,,,,5463.0,INR,BLR > GOI > HYD,2026-09-10T21:27:07.278983,verified
Ignav,API,BLR,HYD,2026-09-25,15,IndiGo,"857, 6421",2026-09-25T07:05:00,2026-09-25T13:35:00,economy,,,,5463.0,INR,BLR > CJB > HYD,2026-09-10T21:27:07.278993,verified
Ignav,API,BLR,HYD,2026-09-25,15,IndiGo,"441, 336",2026-09-25T20:40:00,2026-09-26T03:10:00,economy,,,,5463.0,INR,BLR > PNQ > HYD,2026-09-10T21:27:07.279000,verified
Ignav,API,BLR,HYD,2026-09-25,15,IndiGo,"763, 304",2026-09-25T07:05:00,2026-09-25T13:40:00,economy,,,,5463.0,INR,BLR > COK > HYD,2026-09-10T21:27:07.279006,verified
Ignav,API,BLR,HYD,2026-09-25,15,IndiGo,"6563, 352",2026-09-25T01:05:00,2026-09-25T07:50:00,economy,,,,5463.0,INR,BLR > PNQ > HYD,2026-09-10T21:27:07.279013,verified
Ignav,API,BLR,HYD,2026-09-25,15,IndiGo,"6208, 562",2026-09-25T12:45:00,2026-09-25T19:35:00,economy,,,,5463.0,INR,BLR > MAA > HYD,2026-09-10T21:27:07.279020,verified
Ignav,API,BLR,HYD,2026-09-25,15,IndiGo,"6445, 6681",2026-09-25T10:25:00,2026-09-25T17:35:00,economy,,,,5463.0,INR,BLR > COK > HYD,2026-09-10T21:27:07.279026,verified
Ignav,API,BLR,HYD,2026-09-25,15,IndiGo,"6104, 577",2026-09-25T11:40:00,2026-09-25T19:50:00,economy,,,,5463.0,INR,BLR > PNQ > HYD,2026-09-10T21:27:07.279033,verified
Ignav,API,BLR,HYD,2026-09-25,15,IndiGo,"173, 103",2026-09-25T15:30:00,2026-09-25T23:40:00,economy,,,,5463.0,INR,BLR > PNQ > HYD,2026-09-10T21:27:07.279039,verified
Ignav,API,BLR,HYD,2026-09-25,15,IndiGo,"763, 6235",2026-09-25T07:05:00,2026-09-25T15:25:00,economy,,,,5463.0,INR,BLR > COK > HYD,2026-09-10T21:27:07.279046,verified
Ignav,API,BLR,HYD,2026-09-25,15,IndiGo,"105, 336",2026-09-25T18:50:00,2026-09-26T03:10:00,economy,,,,5463.0,INR,BLR > PNQ > HYD,2026-09-10T21:27:07.279053,verified
Ignav,API,BLR,HYD,2026-09-25,15,IndiGo,"6542, 6307",2026-09-25T13:10:00,2026-09-25T21:45:00,economy,,,,5463.0,INR,BLR > CJB > HYD,2026-09-10T21:27:07.279061,verified
Ignav,API,BLR,HYD,2026-09-25,15,IndiGo,"6336, 783",2026-09-25T12:40:00,2026-09-25T17:40:00,economy,,,,5594.0,INR,BLR > VTZ > HYD,2026-09-10T21:27:07.279068,verified
Ignav,API,BLR,HYD,2026-09-25,15,IndiGo,"6336, 216",2026-09-25T12:40:00,2026-09-25T20:35:00,economy,,,,5594.0,INR,BLR > VTZ > HYD,2026-09-10T21:27:07.279074,verified
Ignav,API,BLR,HYD,2026-09-25,15,IndiGo,6067,2026-09-25T16:30:00,2026-09-25T17:45:00,economy,,,,5805.0,INR,BLR > HYD,2026-09-10T21:27:07.279081,verified
Ignav,API,BLR,HYD,2026-09-25,15,IndiGo,"7005, 304",2026-09-25T08:05:00,2026-09-25T13:40:00,economy,,,,6153.0,INR,BLR > COK > HYD,2026-09-10T21:27:07.279088,verified
Ignav,API,BLR,HYD,2026-09-25,15,IndiGo,"7005, 6235",2026-09-25T08:05:00,2026-09-25T15:25:00,economy,,,,6153.0,INR,BLR > COK > HYD,2026-09-10T21:27:07.279098,verified
Ignav,API,BLR,HYD,2026-09-25,15,Air India Express,"2926, 1832",2026-09-25T08:40:00,2026-09-25T15:10:00,economy,,,,6271.0,INR,BLR > MAA > HYD,2026-09-10T21:27:07.279104,verified
Ignav,API,BLR,HYD,2026-09-25,15,Air India Express,"1472, 1832",2026-09-25T07:05:00,2026-09-25T15:10:00,economy,,,,6271.0,INR,BLR > MAA > HYD,2026-09-10T21:27:07.279111,verified
Ignav,API,BLR,HYD,2026-09-25,15,Air India Express,1250,2026-09-25T19:15:00,2026-09-25T20:25:00,economy,,,,6282.0,INR,BLR > HYD,2026-09-10T21:27:07.279117,verified
Ignav,API,BLR,HYD,2026-09-25,15,Air India Express,2819,2026-09-25T12:30:00,2026-09-25T13:50:00,economy,,,,6282.0,INR,BLR > HYD,2026-09-10T21:27:07.279123,verified
Ignav,API,BLR,HYD,2026-09-25,15,IndiGo,"7227, 7416",2026-09-25T06:25:00,2026-09-25T11:15:00,economy,,,,6356.0,INR,BLR > HBX > HYD,2026-09-10T21:27:07.279142,verified
Ignav,API,BLR,HYD,2026-09-25,15,IndiGo,"857, 467",2026-09-25T07:05:00,2026-09-25T10:45:00,economy,,,,6487.0,INR,BLR > CJB > HYD,2026-09-10T21:27:07.279149,verified
Ignav,API,BLR,HYD,2026-09-25,15,IndiGo,638,2026-09-25T18:35:00,2026-09-25T19:45:00,economy,,,,6821.0,INR,BLR > HYD,2026-09-10T21:27:07.279155,verified
Ignav,API,BLR,HYD,2026-09-25,15,IndiGo,6404,2026-09-25T11:35:00,2026-09-25T12:50:00,economy,,,,6821.0,INR,BLR > HYD,2026-09-10T21:27:07.279162,verified
Ignav,API,BLR,HYD,2026-09-25,15,IndiGo,"6168, 985",2026-09-25T17:40:00,2026-09-25T22:50:00,economy,,,,6969.0,INR,BLR > GOI > HYD,2026-09-10T21:27:07.279168,verified
Ignav,API,BLR,HYD,2026-09-25,15,IndiGo,"6554, 985",2026-09-25T19:15:00,2026-09-25T22:50:00,economy,,,,7376.0,INR,BLR > GOI > HYD,2026-09-10T21:27:07.279174,verified
Ignav,API,BLR,HYD,2026-09-25,15,IndiGo,"6162, 7241",2026-09-25T18:50:00,2026-09-25T23:10:00,economy,,,,7376.0,INR,BLR > IXE > HYD,2026-09-10T21:27:07.279181,verified
Ignav,API,BLR,HYD,2026-09-25,15,IndiGo,6178,2026-09-25T06:25:00,2026-09-25T07:35:00,economy,,,,7410.0,INR,BLR > HYD,2026-09-10T21:27:07.279190,verified
Ignav,API,BLR,HYD,2026-09-25,15,IndiGo,537,2026-09-25T10:15:00,2026-09-25T11:30:00,economy,,,,7410.0,INR,BLR > HYD,2026-09-10T21:27:07.279196,verified
Ignav,API,BLR,HYD,2026-09-25,15,IndiGo,"6653, 374",2026-09-25T12:35:00,2026-09-25T17:50:00,economy,,,,7432.0,INR,BLR > GOI > HYD,2026-09-10T21:27:07.279203,verified
Ignav,API,BLR,HYD,2026-09-25,15,IndiGo,"109, 7241",2026-09-25T17:00:00,2026-09-25T23:10:00,economy,,,,7432.0,INR,BLR > IXE > HYD,2026-09-10T21:27:07.279212,verified
Ignav,API,BLR,HYD,2026-09-25,15,IndiGo,"6753, 985",2026-09-25T15:15:00,2026-09-25T22:50:00,economy,,,,7432.0,INR,BLR > GOI > HYD,2026-09-10T21:27:07.279218,verified
Ignav,API,BLR,HYD,2026-09-25,15,IndiGo,"6653, 117",2026-09-25T12:35:00,2026-09-25T20:25:00,economy,,,,7432.0,INR,BLR > GOI > HYD,2026-09-10T21:27:07.279225,verified
Ignav,API,BLR,HYD,2026-09-25,15,IndiGo,"5306, 7241",2026-09-25T14:35:00,2026-09-25T23:10:00,economy,,,,7432.0,INR,BLR > IXE > HYD,2026-09-10T21:27:07.279248,verified
Ignav,API,BLR,HYD,2026-09-25,15,Air India Express,2018,2026-09-25T06:05:00,2026-09-25T07:25:00,economy,,,,7582.0,INR,BLR > HYD,2026-09-10T21:27:07.279256,verified
Ignav,API,BLR,HYD,2026-09-25,15,IndiGo,484,2026-09-25T08:15:00,2026-09-25T09:30:00,economy,,,,8059.0,INR,BLR > HYD,2026-09-10T21:27:07.279262,verified
Ignav,API,BLR,HYD,2026-09-25,15,IndiGo,312,2026-09-25T09:15:00,2026-09-25T10:30:00,economy,,,,8059.0,INR,BLR > HYD,2026-09-10T21:27:07.279269,verified
Ignav,API,BLR,HYD,2026-09-25,15,IndiGo,"7204, 6575",2026-09-25T06:50:00,2026-09-25T15:00:00,economy,,,,8497.0,INR,BLR > VGA > HYD,2026-09-10T21:27:07.279276,verified
Ignav,API,BLR,HYD,2026-09-25,15,IndiGo,"6583, 712",2026-09-25T10:40:00,2026-09-25T15:05:00,economy,,,,8559.0,INR,BLR > GOX > HYD,2026-09-10T21:27:07.279282,verified
Ignav,API,BLR,HYD,2026-09-25,15,IndiGo,855,2026-09-25T19:45:00,2026-09-25T21:00:00,economy,,,,8776.0,INR,BLR > HYD,2026-09-10T21:27:07.279292,verified
Ignav,API,BLR,HYD,2026-09-25,15,IndiGo,6784,2026-09-25T21:30:00,2026-09-25T22:45:00,economy,,,,8776.0,INR,BLR > HYD,2026-09-10T21:27:07.279300,verified
Ignav,API,BLR,HYD,2026-09-25,15,IndiGo,"6017, 6487",2026-09-25T18:15:00,2026-09-25T22:40:00,economy,,,,10377.0,INR,BLR > MAA > HYD,2026-09-10T21:27:07.279314,verified
Ignav,API,BLR,HYD,2026-09-25,15,IndiGo,"6269, 6925",2026-09-25T07:15:00,2026-09-25T13:15:00,economy,,,,10435.0,INR,BLR > MAA > HYD,2026-09-10T21:27:07.279320,verified
Ignav,API,BLR,HYD,2026-09-25,15,Air India,"2858, 2869",2026-09-25T02:20:00,2026-09-25T23:05:00,economy,,,,10524.0,INR,BLR > BOM > HYD,2026-09-10T21:27:07.279327,verified
Ignav,API,BLR,HYD,2026-09-25,15,Air India,"2858, 2531",2026-09-25T02:20:00,2026-09-25T16:35:00,economy,,,,10738.0,INR,BLR > BOM > HYD,2026-09-10T21:27:07.279334,verified
Ignav,API,BLR,HYD,2026-09-25,15,Air India,"2858, 2619",2026-09-25T02:20:00,2026-09-25T19:35:00,economy,,,,10738.0,INR,BLR > BOM > HYD,2026-09-10T21:27:07.279341,verified
Ignav,API,BLR,HYD,2026-09-25,15,Air India,"2858, 2875",2026-09-25T02:20:00,2026-09-25T21:05:00,economy,,,,10738.0,INR,BLR > BOM > HYD,2026-09-10T21:27:07.279348,verified
Ignav,API,BLR,HYD,2026-09-25,15,Air India,"2858, 2625",2026-09-25T02:20:00,2026-09-25T07:35:00,economy,,,,11048.0,INR,BLR > BOM > HYD,2026-09-10T21:27:07.279357,verified
Ignav,API,BLR,HYD,2026-09-25,15,Air India Express,"2063, 2083",2026-09-25T05:55:00,2026-09-25T10:00:00,economy,,,,11135.0,INR,BLR > VTZ > HYD,2026-09-10T21:27:07.279364,verified
Ignav,API,BLR,HYD,2026-09-25,15,IndiGo,"904, 6158",2026-09-25T10:45:00,2026-09-25T17:25:00,economy,,,,11204.0,INR,BLR > MAA > HYD,2026-09-10T21:27:07.279373,verified
Ignav,API,BLR,HYD,2026-09-25,15,IndiGo,"7285, 7511",2026-09-25T06:50:00,2026-09-25T13:30:00,economy,,,,11326.0,INR,BLR > IXG > HYD,2026-09-10T21:27:07.279380,verified
Ignav,API,BLR,HYD,2026-09-25,15,Air India,"2858, 417",2026-09-25T02:20:00,2026-09-25T10:35:00,economy,,,,11942.0,INR,BLR > BOM > HYD,2026-09-10T21:27:07.279386,verified
Ignav,API,BLR,HYD,2026-09-25,15,Air India,"2811, 2869",2026-09-25T23:40:00,2026-09-26T23:05:00,economy,,,,11958.0,INR,BLR > BOM > HYD,2026-09-10T21:27:07.279393,verified
Ignav,API,BLR,HYD,2026-09-25,15,Air India,"2858, 2444",2026-09-25T02:20:00,2026-09-25T12:25:00,economy,,,,12126.0,INR,BLR > BOM > HYD,2026-09-10T21:27:07.279399,verified
Ignav,API,BLR,HYD,2026-09-25,15,Air India,"2811, 2444",2026-09-25T23:40:00,2026-09-26T12:25:00,economy,,,,12173.0,INR,BLR > BOM > HYD,2026-09-10T21:27:07.279406,verified
Ignav,API,BLR,HYD,2026-09-25,15,Air India,"2811, 2619",2026-09-25T23:40:00,2026-09-26T19:35:00,economy,,,,12173.0,INR,BLR > BOM > HYD,2026-09-10T21:27:07.279412,verified
Ignav,API,BLR,HYD,2026-09-25,15,Air India,"2811, 2875",2026-09-25T23:40:00,2026-09-26T21:05:00,economy,,,,12173.0,INR,BLR > BOM > HYD,2026-09-10T21:27:07.279419,verified
Ignav,API,BLR,HYD,2026-09-25,15,Air India,"2811, 2625",2026-09-25T23:40:00,2026-09-26T07:35:00,economy,,,,12482.0,INR,BLR > BOM > HYD,2026-09-10T21:27:07.279427,verified
Ignav,API,BLR,HYD,2026-09-25,15,Air India,"2811, 2531",2026-09-25T23:40:00,2026-09-26T16:35:00,economy,,,,12967.0,INR,BLR > BOM > HYD,2026-09-10T21:27:07.280146,verified
Ignav,API,BLR,HYD,2026-09-25,15,Air India,"2402, 2869",2026-09-25T06:35:00,2026-09-25T23:05:00,economy,,,,12975.0,INR,BLR > BOM > HYD,2026-09-10T21:27:07.280162,verified
Ignav,API,BLR,HYD,2026-09-25,15,Air India,"2402, 2531",2026-09-25T06:35:00,2026-09-25T16:35:00,economy,,,,13189.0,INR,BLR > BOM > HYD,2026-09-10T21:27:07.280172,verified
Ignav,API,BLR,HYD,2026-09-25,15,Air India,"2402, 2619",2026-09-25T06:35:00,2026-09-25T19:35:00,economy,,,,13189.0,INR,BLR > BOM > HYD,2026-09-10T21:27:07.280179,verified
Ignav,API,BLR,HYD,2026-09-25,15,Air India,"2402, 2875",2026-09-25T06:35:00,2026-09-25T21:05:00,economy,,,,13189.0,INR,BLR > BOM > HYD,2026-09-10T21:27:07.280185,verified
Ignav,API,BLR,HYD,2026-09-25,15,Air India,"2840, 2444",2026-09-25T22:30:00,2026-09-26T12:25:00,economy,,,,13484.0,INR,BLR > BOM > HYD,2026-09-10T21:27:07.280192,verified
Ignav,API,BLR,HYD,2026-09-25,15,Air India,"2840, 2619",2026-09-25T22:30:00,2026-09-26T19:35:00,economy,,,,13484.0,INR,BLR > BOM > HYD,2026-09-10T21:27:07.280198,verified
Ignav,API,BLR,HYD,2026-09-25,15,Air India,"2840, 2875",2026-09-25T22:30:00,2026-09-26T21:05:00,economy,,,,13484.0,INR,BLR > BOM > HYD,2026-09-10T21:27:07.280205,verified
Ignav,API,BLR,HYD,2026-09-25,15,Air India,"2604, 2869",2026-09-25T09:15:00,2026-09-25T23:05:00,economy,,,,13739.0,INR,BLR > BOM > HYD,2026-09-10T21:27:07.280212,verified
Ignav,API,BLR,HYD,2026-09-25,15,Air India,"2811, 417",2026-09-25T23:40:00,2026-09-26T10:35:00,economy,,,,13775.0,INR,BLR > BOM > HYD,2026-09-10T21:27:07.280218,verified
Ignav,API,BLR,HYD,2026-09-25,15,Air India,"2840, 2625",2026-09-25T22:30:00,2026-09-26T07:35:00,economy,,,,13794.0,INR,BLR > BOM > HYD,2026-09-10T21:27:07.280225,verified
Ignav,API,BLR,HYD,2026-09-25,15,Air India,"2604, 2531",2026-09-25T09:15:00,2026-09-25T16:35:00,economy,,,,13953.0,INR,BLR > BOM > HYD,2026-09-10T21:27:07.280233,verified
Ignav,API,BLR,HYD,2026-09-25,15,Air India,"2604, 2619",2026-09-25T09:15:00,2026-09-25T19:35:00,economy,,,,13953.0,INR,BLR > BOM > HYD,2026-09-10T21:27:07.280240,verified
Ignav,API,BLR,HYD,2026-09-25,15,Air India,"2604, 2875",2026-09-25T09:15:00,2026-09-25T21:05:00,economy,,,,13953.0,INR,BLR > BOM > HYD,2026-09-10T21:27:07.280247,verified
Ignav,API,BLR,HYD,2026-09-25,15,Air India,"2630, 2869",2026-09-25T12:05:00,2026-09-25T23:05:00,economy,,,,14168.0,INR,BLR > BOM > HYD,2026-09-10T21:27:07.280253,verified
Ignav,API,BLR,HYD,2026-09-25,15,Air India,"2852, 2869",2026-09-25T10:30:00,2026-09-25T23:05:00,economy,,,,14168.0,INR,BLR > BOM > HYD,2026-09-10T21:27:07.280261,verified
Ignav,API,BLR,HYD,2026-09-25,15,Air India,"2604, 2625",2026-09-25T09:15:00,2026-09-26T07:35:00,economy,,,,14263.0,INR,BLR > BOM > HYD,2026-09-10T21:27:07.280267,verified
Ignav,API,BLR,HYD,2026-09-25,15,Air India,"2840, 2531",2026-09-25T22:30:00,2026-09-26T16:35:00,economy,,,,14280.0,INR,BLR > BOM > HYD,2026-09-10T21:27:07.280273,verified
Ignav,API,BLR,HYD,2026-09-25,15,Air India,"2630, 2531",2026-09-25T12:05:00,2026-09-25T16:35:00,economy,,,,14382.0,INR,BLR > BOM > HYD,2026-09-10T21:27:07.280280,verified
Ignav,API,BLR,HYD,2026-09-25,15,Air India,"2852, 2531",2026-09-25T10:30:00,2026-09-25T16:35:00,economy,,,,14382.0,INR,BLR > BOM > HYD,2026-09-10T21:27:07.280290,verified
Ignav,API,BLR,HYD,2026-09-25,15,Air India,"2630, 2619",2026-09-25T12:05:00,2026-09-25T19:35:00,economy,,,,14382.0,INR,BLR > BOM > HYD,2026-09-10T21:27:07.280297,verified
Ignav,API,BLR,HYD,2026-09-25,15,Air India,"2630, 2875",2026-09-25T12:05:00,2026-09-25T21:05:00,economy,,,,14382.0,INR,BLR > BOM > HYD,2026-09-10T21:27:07.280306,verified
Ignav,API,BLR,HYD,2026-09-25,15,Air India,"2852, 2619",2026-09-25T10:30:00,2026-09-25T19:35:00,economy,,,,14382.0,INR,BLR > BOM > HYD,2026-09-10T21:27:07.280312,verified
Ignav,API,BLR,HYD,2026-09-25,15,Air India,"2852, 2875",2026-09-25T10:30:00,2026-09-25T21:05:00,economy,,,,14382.0,INR,BLR > BOM > HYD,2026-09-10T21:27:07.280321,verified
Ignav,API,BLR,HYD,2026-09-25,15,Air India,"2402, 2444",2026-09-25T06:35:00,2026-09-25T12:25:00,economy,,,,14577.0,INR,BLR > BOM > HYD,2026-09-10T21:27:07.280328,verified
Ignav,API,BLR,HYD,2026-09-25,15,Air India,"2630, 2625",2026-09-25T12:05:00,2026-09-26T07:35:00,economy,,,,14692.0,INR,BLR > BOM > HYD,2026-09-10T21:27:07.280334,verified
Ignav,API,BLR,HYD,2026-09-25,15,Air India,"2852, 2625",2026-09-25T10:30:00,2026-09-26T07:35:00,economy,,,,14692.0,INR,BLR > BOM > HYD,2026-09-10T21:27:07.280340,verified
Ignav,API,BLR,HYD,2026-09-25,15,Air India,"2854, 2869",2026-09-25T18:05:00,2026-09-25T23:05:00,economy,,,,14973.0,INR,BLR > BOM > HYD,2026-09-10T21:27:07.280347,verified
Ignav,API,BLR,HYD,2026-09-25,15,Air India,"2840, 417",2026-09-25T22:30:00,2026-09-26T10:35:00,economy,,,,15086.0,INR,BLR > BOM > HYD,2026-09-10T21:27:07.280353,verified
Ignav,API,BLR,HYD,2026-09-25,15,Air India,"2850, 2444",2026-09-25T20:30:00,2026-09-26T12:25:00,economy,,,,15112.0,INR,BLR > BOM > HYD,2026-09-10T21:27:07.280359,verified
Ignav,API,BLR,HYD,2026-09-25,15,Air India,"2610, 2444",2026-09-25T19:00:00,2026-09-26T12:25:00,economy,,,,15112.0,INR,BLR > BOM > HYD,2026-09-10T21:27:07.280365,verified
Ignav,API,BLR,HYD,2026-09-25,15,Air India,"2850, 2619",2026-09-25T20:30:00,2026-09-26T19:35:00,economy,,,,15112.0,INR,BLR > BOM > HYD,2026-09-10T21:27:07.280375,verified
Ignav,API,BLR,HYD,2026-09-25,15,Air India,"2854, 2444",2026-09-25T18:05:00,2026-09-26T12:25:00,economy,,,,15187.0,INR,BLR > BOM > HYD,2026-09-10T21:27:07.280381,verified
Ignav,API,BLR,HYD,2026-09-25,15,Air India,"2850, 2625",2026-09-25T20:30:00,2026-09-26T07:35:00,economy,,,,15421.0,INR,BLR > BOM > HYD,2026-09-10T21:27:07.280388,verified
Ignav,API,BLR,HYD,2026-09-25,15,Air India,"2610, 2625",2026-09-25T19:00:00,2026-09-26T07:35:00,economy,,,,15421.0,INR,BLR > BOM > HYD,2026-09-10T21:27:07.280394,verified
Ignav,API,BLR,HYD,2026-09-25,15,Air India,"2854, 2625",2026-09-25T18:05:00,2026-09-26T07:35:00,economy,,,,15497.0,INR,BLR > BOM > HYD,2026-09-10T21:27:07.280401,verified
Ignav,API,BLR,HYD,2026-09-25,15,Air India,"2850, 2531",2026-09-25T20:30:00,2026-09-26T16:35:00,economy,,,,15906.0,INR,BLR > BOM > HYD,2026-09-10T21:27:07.280407,verified
Ignav,API,BLR,HYD,2026-09-25,15,Air India,"2610, 2531",2026-09-25T19:00:00,2026-09-26T16:35:00,economy,,,,15906.0,INR,BLR > BOM > HYD,2026-09-10T21:27:07.280414,verified
Ignav,API,BLR,HYD,2026-09-25,15,Air India,"2854, 2531",2026-09-25T18:05:00,2026-09-26T16:35:00,economy,,,,15982.0,INR,BLR > BOM > HYD,2026-09-10T21:27:07.280420,verified
Ignav,API,BLR,HYD,2026-09-25,15,Air India,"2630, 417",2026-09-25T12:05:00,2026-09-26T10:35:00,economy,,,,15983.0,INR,BLR > BOM > HYD,2026-09-10T21:27:07.280426,verified
Ignav,API,BLR,HYD,2026-09-25,15,Akasa Air,"1359, 1406",2026-09-25T05:00:00,2026-09-25T16:45:00,economy,,,,16664.0,INR,BLR > DEL > HYD,2026-09-10T21:27:07.280433,verified
Ignav,API,BLR,HYD,2026-09-25,15,Air India,"2850, 417",2026-09-25T20:30:00,2026-09-26T10:35:00,economy,,,,16714.0,INR,BLR > BOM > HYD,2026-09-10T21:27:07.280442,verified
Ignav,API,BLR,HYD,2026-09-25,15,Air India,"2610, 417",2026-09-25T19:00:00,2026-09-26T10:35:00,economy,,,,16714.0,INR,BLR > BOM > HYD,2026-09-10T21:27:07.280449,verified
Ignav,API,BLR,HYD,2026-09-25,15,Air India,"2854, 417",2026-09-25T18:05:00,2026-09-26T10:35:00,economy,,,,16788.0,INR,BLR > BOM > HYD,2026-09-10T21:27:07.280456,verified
Ignav,API,BLR,HYD,2026-09-25,15,Akasa Air,"1811, 1406",2026-09-25T03:55:00,2026-09-25T16:45:00,economy,,,,16830.0,INR,BLR > DEL > HYD,2026-09-10T21:27:07.280462,verified
Ignav,API,BLR,HYD,2026-09-25,15,Air India,"9453, 2856, 2619",2026-09-25T21:00:00,2026-09-26T19:35:00,economy,,,,17425.0,INR,BLR > COK > BOM > HYD,2026-09-10T21:27:07.280472,verified
Ignav,API,BLR,HYD,2026-09-25,15,Akasa Air,"1821, 1409",2026-09-25T13:05:00,2026-09-25T23:10:00,economy,,,,17684.0,INR,BLR > DEL > HYD,2026-09-10T21:27:07.280479,verified
Ignav,API,BLR,HYD,2026-09-25,15,Akasa Air,"1823, 1406",2026-09-25T06:05:00,2026-09-25T16:45:00,economy,,,,17714.0,INR,BLR > DEL > HYD,2026-09-10T21:27:07.280485,verified
Ignav,API,BLR,HYD,2026-09-25,15,Air India,"9451, 2788, 2875",2026-09-25T05:30:00,2026-09-25T21:05:00,economy,,,,17805.0,INR,BLR > COK > BOM > HYD,2026-09-10T21:27:07.280492,verified
Ignav,API,BLR,HYD,2026-09-25,15,Air India,"9451, 2856, 2869",2026-09-25T05:30:00,2026-09-25T23:05:00,economy,,,,17805.0,INR,BLR > COK > BOM > HYD,2026-09-10T21:27:07.280499,verified
Ignav,API,BLR,HYD,2026-09-25,15,Air India,"9455, 2856, 2869",2026-09-25T08:40:00,2026-09-25T23:05:00,economy,,,,18228.0,INR,BLR > COK > BOM > HYD,2026-09-10T21:27:07.280506,verified
Ignav,API,BLR,HYD,2026-09-25,15,Air India,"2665, 2577",2026-09-25T19:40:00,2026-09-26T04:20:00,economy,,,,21269.0,INR,BLR > DEL > HYD,2026-09-10T21:27:07.280523,verified
Ignav,API,BLR,HYD,2026-09-25,15,Air India,"2818, 2577",2026-09-25T20:00:00,2026-09-26T04:20:00,economy,,,,22198.0,INR,BLR > DEL > HYD,2026-09-10T21:27:07.280530,verified
Ignav,API,BLR,HYD,2026-10-10,30,IndiGo,855,2026-10-10T19:45:00,2026-10-10T21:00:00,economy,,,,4288.0,INR,BLR > HYD,2026-09-10T21:27:13.847522,verified
Ignav,API,BLR,HYD,2026-10-10,30,Air India Express,1250,2026-10-10T19:10:00,2026-10-10T20:20:00,economy,,,,4473.0,INR,BLR > HYD,2026-09-10T21:27:13.847543,verified
Ignav,API,BLR,HYD,2026-10-10,30,Air India Express,2018,2026-10-10T06:05:00,2026-10-10T07:25:00,economy,,,,4473.0,INR,BLR > HYD,2026-09-10T21:27:13.847550,verified
Ignav,API,BLR,HYD,2026-10-10,30,Air India Express,2051,2026-10-10T14:55:00,2026-10-10T16:05:00,economy,,,,5526.0,INR,BLR > HYD,2026-09-10T21:27:13.847557,verified
Ignav,API,BLR,HYD,2026-10-10,30,Air India Express,2506,2026-10-10T17:15:00,2026-10-10T18:40:00,economy,,,,5526.0,INR,BLR > HYD,2026-09-10T21:27:13.847563,verified
Ignav,API,BLR,HYD,2026-10-10,30,IndiGo,6784,2026-10-10T21:25:00,2026-10-10T22:40:00,economy,,,,6291.0,INR,BLR > HYD,2026-09-10T21:27:13.847570,verified
Ignav,API,BLR,HYD,2026-10-10,30,Air India Express,2819,2026-10-10T12:30:00,2026-10-10T13:45:00,economy,,,,6427.0,INR,BLR > HYD,2026-09-10T21:27:13.847576,verified
Ignav,API,BLR,HYD,2026-10-10,30,IndiGo,638,2026-10-10T18:35:00,2026-10-10T19:45:00,economy,,,,6825.0,INR,BLR > HYD,2026-09-10T21:27:13.847582,verified
Ignav,API,BLR,HYD,2026-10-10,30,IndiGo,6067,2026-10-10T16:30:00,2026-10-10T17:45:00,economy,,,,8780.0,INR,BLR > HYD,2026-09-10T21:27:13.847589,verified
Ignav,API,BLR,HYD,2026-10-10,30,IndiGo,407,2026-10-10T14:50:00,2026-10-10T16:05:00,economy,,,,9570.0,INR,BLR > HYD,2026-09-10T21:27:13.847596,verified
Ignav,API,BLR,HYD,2026-10-10,30,IndiGo,6178,2026-10-10T06:10:00,2026-10-10T07:20:00,economy,,,,11406.0,INR,BLR > HYD,2026-09-10T21:27:13.847602,verified
Ignav,API,BLR,HYD,2026-10-10,30,IndiGo,312,2026-10-10T09:15:00,2026-10-10T10:30:00,economy,,,,12468.0,INR,BLR > HYD,2026-09-10T21:27:13.847609,verified
Ignav,API,BLR,HYD,2026-10-10,30,IndiGo,537,2026-10-10T10:15:00,2026-10-10T11:30:00,economy,,,,12468.0,INR,BLR > HYD,2026-09-10T21:27:13.847616,verified
Ignav,API,BLR,HYD,2026-10-10,30,IndiGo,6404,2026-10-10T11:35:00,2026-10-10T12:50:00,economy,,,,13641.0,INR,BLR > HYD,2026-09-10T21:27:13.847622,verified
Ignav,API,BLR,HYD,2026-10-10,30,IndiGo,484,2026-10-10T08:15:00,2026-10-10T09:30:00,economy,,,,14935.0,INR,BLR > HYD,2026-09-10T21:27:13.847628,verified
Ignav,API,BLR,HYD,2026-10-25,45,IndiGo,855,2026-10-25T20:05:00,2026-10-25T21:20:00,economy,,,,4284.0,INR,BLR > HYD,2026-09-10T21:27:23.088000,verified
Ignav,API,BLR,HYD,2026-10-25,45,IndiGo,6178,2026-10-25T11:25:00,2026-10-25T12:45:00,economy,,,,4284.0,INR,BLR > HYD,2026-09-10T21:27:23.088025,verified
Ignav,API,BLR,HYD,2026-10-25,45,Air India Express,1251,2026-10-25T08:30:00,2026-10-25T09:55:00,economy,,,,4386.0,INR,BLR > HYD,2026-09-10T21:27:23.088035,verified
Ignav,API,BLR,HYD,2026-10-25,45,Air India Express,1250,2026-10-25T21:50:00,2026-10-25T23:15:00,economy,,,,4386.0,INR,BLR > HYD,2026-09-10T21:27:23.088042,verified
Ignav,API,BLR,HYD,2026-10-25,45,IndiGo,312,2026-10-25T09:15:00,2026-10-25T10:35:00,economy,,,,4393.0,INR,BLR > HYD,2026-09-10T21:27:23.088049,verified
Ignav,API,BLR,HYD,2026-10-25,45,Air India Express,2018,2026-10-25T06:00:00,2026-10-25T07:25:00,economy,,,,4592.0,INR,BLR > HYD,2026-09-10T21:27:23.088057,verified
Ignav,API,BLR,HYD,2026-10-25,45,Air India Express,2935,2026-10-25T19:45:00,2026-10-25T21:10:00,economy,,,,4592.0,INR,BLR > HYD,2026-09-10T21:27:23.088064,verified
Ignav,API,BLR,HYD,2026-10-25,45,Air India,9737,2026-10-25T06:00:00,2026-10-25T07:25:00,economy,,,,4607.0,INR,BLR > HYD,2026-09-10T21:27:23.088070,verified
Ignav,API,BLR,HYD,2026-10-25,45,Air India,9743,2026-10-25T19:45:00,2026-10-25T21:10:00,economy,,,,4607.0,INR,BLR > HYD,2026-09-10T21:27:23.088077,verified
Ignav,API,BLR,HYD,2026-10-25,45,Air India,9575,2026-10-25T21:50:00,2026-10-25T23:15:00,economy,,,,4607.0,INR,BLR > HYD,2026-09-10T21:27:23.088083,verified
Ignav,API,BLR,HYD,2026-10-25,45,IndiGo,6923,2026-10-25T14:50:00,2026-10-25T16:10:00,economy,,,,4610.0,INR,BLR > HYD,2026-09-10T21:27:23.088090,verified
Ignav,API,BLR,HYD,2026-10-25,45,IndiGo,6784,2026-10-25T21:35:00,2026-10-25T22:55:00,economy,,,,4610.0,INR,BLR > HYD,2026-09-10T21:27:23.088097,verified
Ignav,API,BLR,HYD,2026-10-25,45,Air India Express,2051,2026-10-25T14:50:00,2026-10-25T16:15:00,economy,,,,4823.0,INR,BLR > HYD,2026-09-10T21:27:23.088103,verified
Ignav,API,BLR,HYD,2026-10-25,45,Air India,9739,2026-10-25T14:50:00,2026-10-25T16:15:00,economy,,,,4838.0,INR,BLR > HYD,2026-09-10T21:27:23.088110,verified
Ignav,API,BLR,HYD,2026-10-25,45,IndiGo,638,2026-10-25T18:35:00,2026-10-25T19:50:00,economy,,,,4970.0,INR,BLR > HYD,2026-09-10T21:27:23.088116,verified
Ignav,API,BLR,HYD,2026-10-25,45,IndiGo,6404,2026-10-25T13:35:00,2026-10-25T14:55:00,economy,,,,4970.0,INR,BLR > HYD,2026-09-10T21:27:23.088123,verified
Ignav,API,BLR,HYD,2026-10-25,45,IndiGo,484,2026-10-25T07:25:00,2026-10-25T08:45:00,economy,,,,5078.0,INR,BLR > HYD,2026-09-10T21:27:23.088130,verified
Ignav,API,BLR,HYD,2026-10-25,45,Air India Express,2841,2026-10-25T17:30:00,2026-10-25T18:55:00,economy,,,,5078.0,INR,BLR > HYD,2026-09-10T21:27:23.088137,verified
Ignav,API,BLR,HYD,2026-10-25,45,IndiGo,537,2026-10-25T10:15:00,2026-10-25T11:35:00,economy,,,,5367.0,INR,BLR > HYD,2026-09-10T21:27:23.088143,verified
Ignav,API,BLR,HYD,2026-10-25,45,IndiGo,6067,2026-10-25T16:40:00,2026-10-25T18:00:00,economy,,,,5367.0,INR,BLR > HYD,2026-09-10T21:27:23.088150,verified
Ignav,API,BLR,HYD,2026-10-25,45,IndiGo,"575, 495",2026-10-25T10:50:00,2026-10-25T14:15:00,economy,,,,5407.0,INR,BLR > MAA > HYD,2026-09-10T21:27:23.088158,verified
Ignav,API,BLR,HYD,2026-10-25,45,IndiGo,"6208, 6487",2026-10-25T19:15:00,2026-10-25T22:50:00,economy,,,,5407.0,INR,BLR > MAA > HYD,2026-09-10T21:27:23.088166,verified
Ignav,API,BLR,HYD,2026-10-25,45,IndiGo,"7215, 6327",2026-10-25T11:05:00,2026-10-25T14:45:00,economy,,,,5407.0,INR,BLR > VGA > HYD,2026-09-10T21:27:23.088173,verified
Ignav,API,BLR,HYD,2026-10-25,45,IndiGo,"6269, 834",2026-10-25T07:10:00,2026-10-25T11:00:00,economy,,,,5407.0,INR,BLR > MAA > HYD,2026-09-10T21:27:23.088184,verified
Ignav,API,BLR,HYD,2026-10-25,45,IndiGo,"6858, 7582",2026-10-25T07:10:00,2026-10-25T11:05:00,economy,,,,5407.0,INR,BLR > IXE > HYD,2026-09-10T21:27:23.088191,verified
Ignav,API,BLR,HYD,2026-10-25,45,IndiGo,"6562, 6215",2026-10-25T16:50:00,2026-10-25T20:55:00,economy,,,,5407.0,INR,BLR > MAA > HYD,2026-09-10T21:27:23.088199,verified
Ignav,API,BLR,HYD,2026-10-25,45,IndiGo,"7223, 2581",2026-10-25T15:50:00,2026-10-25T20:05:00,economy,,,,5407.0,INR,BLR > VGA > HYD,2026-09-10T21:27:23.088207,verified
Ignav,API,BLR,HYD,2026-10-25,45,IndiGo,"498, 6301",2026-10-25T15:00:00,2026-10-25T19:30:00,economy,,,,5407.0,INR,BLR > CJB > HYD,2026-09-10T21:27:23.088215,verified
Ignav,API,BLR,HYD,2026-10-25,45,IndiGo,"435, 742",2026-10-25T20:00:00,2026-10-26T00:30:00,economy,,,,5407.0,INR,BLR > COK > HYD,2026-09-10T21:27:23.088222,verified
Ignav,API,BLR,HYD,2026-10-25,45,IndiGo,"6017, 6487",2026-10-25T18:15:00,2026-10-25T22:50:00,economy,,,,5407.0,INR,BLR > MAA > HYD,2026-09-10T21:27:23.088230,verified
Ignav,API,BLR,HYD,2026-10-25,45,IndiGo,"6269, 6925",2026-10-25T07:10:00,2026-10-25T11:55:00,economy,,,,5407.0,INR,BLR > MAA > HYD,2026-09-10T21:27:23.088237,verified
Ignav,API,BLR,HYD,2026-10-25,45,IndiGo,"904, 495",2026-10-25T08:55:00,2026-10-25T14:15:00,economy,,,,5463.0,INR,BLR > MAA > HYD,2026-09-10T21:27:23.088245,verified
Ignav,API,BLR,HYD,2026-10-25,45,IndiGo,"356, 2445",2026-10-25T14:30:00,2026-10-25T19:50:00,economy,,,,5463.0,INR,BLR > MAA > HYD,2026-09-10T21:27:23.088252,verified
Ignav,API,BLR,HYD,2026-10-25,45,IndiGo,"602, 6782",2026-10-25T15:55:00,2026-10-25T21:25:00,economy,,,,5463.0,INR,BLR > COK > HYD,2026-09-10T21:27:23.088260,verified
Ignav,API,BLR,HYD,2026-10-25,45,IndiGo,"6597, 742",2026-10-25T18:35:00,2026-10-26T00:30:00,economy,,,,5463.0,INR,BLR > COK > HYD,2026-09-10T21:27:23.088267,verified
Ignav,API,BLR,HYD,2026-10-25,45,IndiGo,"6562, 6487",2026-10-25T16:50:00,2026-10-25T22:50:00,economy,,,,5463.0,INR,BLR > MAA > HYD,2026-09-10T21:27:23.088274,verified
Ignav,API,BLR,HYD,2026-10-25,45,IndiGo,"356, 6215",2026-10-25T14:30:00,2026-10-25T20:55:00,economy,,,,5463.0,INR,BLR > MAA > HYD,2026-09-10T21:27:23.088281,verified
Ignav,API,BLR,HYD,2026-10-25,45,IndiGo,"109, 7550",2026-10-25T16:30:00,2026-10-25T23:10:00,economy,,,,5463.0,INR,BLR > IXE > HYD,2026-09-10T21:27:23.088288,verified
Ignav,API,BLR,HYD,2026-10-25,45,IndiGo,"217, 716",2026-10-25T06:05:00,2026-10-25T10:15:00,economy,,,,5538.0,INR,BLR > VTZ > HYD,2026-09-10T21:27:23.088295,verified
Ignav,API,BLR,HYD,2026-10-25,45,IndiGo,"144, 103",2026-10-25T16:45:00,2026-10-25T20:35:00,economy,,,,5737.0,INR,BLR > PNQ > HYD,2026-09-10T21:27:23.088303,verified
Ignav,API,BLR,HYD,2026-10-25,45,IndiGo,"356, 193",2026-10-25T14:30:00,2026-10-25T18:40:00,economy,,,,5737.0,INR,BLR > MAA > HYD,2026-09-10T21:27:23.088310,verified
Ignav,API,BLR,HYD,2026-10-25,45,IndiGo,"6563, 336",2026-10-25T23:30:00,2026-10-26T04:50:00,economy,,,,5793.0,INR,BLR > PNQ > HYD,2026-09-10T21:27:23.088317,verified
Ignav,API,BLR,HYD,2026-10-25,45,IndiGo,"575, 6158",2026-10-25T10:50:00,2026-10-25T17:00:00,economy,,,,5793.0,INR,BLR > MAA > HYD,2026-09-10T21:27:23.088327,verified
Ignav,API,BLR,HYD,2026-10-25,45,IndiGo,"6168, 985",2026-10-25T17:25:00,2026-10-25T23:50:00,economy,,,,5793.0,INR,BLR > GOI > HYD,2026-09-10T21:27:23.088335,verified
Ignav,API,BLR,HYD,2026-10-25,45,IndiGo,"105, 336",2026-10-25T21:55:00,2026-10-26T04:50:00,economy,,,,5793.0,INR,BLR > PNQ > HYD,2026-09-10T21:27:23.088344,verified
Ignav,API,BLR,HYD,2026-10-25,45,IndiGo,"6653, 6177",2026-10-25T12:25:00,2026-10-25T19:25:00,economy,,,,5793.0,INR,BLR > GOI > HYD,2026-09-10T21:27:23.088352,verified
Ignav,API,BLR,HYD,2026-10-25,45,Star Air,151,2026-10-25T12:30:00,2026-10-25T13:40:00,economy,,,,6044.0,INR,BLR > HYD,2026-09-10T21:27:23.088361,verified
Ignav,API,BLR,HYD,2026-10-25,45,IndiGo,"6876, 6473",2026-10-25T02:00:00,2026-10-25T06:35:00,economy,,,,6097.0,INR,BLR > PNQ > HYD,2026-09-10T21:27:23.088369,verified
Ignav,API,BLR,HYD,2026-10-25,45,IndiGo,"6104, 407",2026-10-25T12:15:00,2026-10-25T17:05:00,economy,,,,6097.0,INR,BLR > PNQ > HYD,2026-09-10T21:27:23.088377,verified
Ignav,API,BLR,HYD,2026-10-25,45,IndiGo,"6554, 985",2026-10-25T19:00:00,2026-10-25T23:50:00,economy,,,,6097.0,INR,BLR > GOI > HYD,2026-09-10T21:27:23.088385,verified
Ignav,API,BLR,HYD,2026-10-25,45,IndiGo,"703, 304",2026-10-25T12:40:00,2026-10-25T18:10:00,economy,,,,6153.0,INR,BLR > COK > HYD,2026-09-10T21:27:23.088394,verified
Ignav,API,BLR,HYD,2026-10-25,45,IndiGo,"6563, 6473",2026-10-25T23:30:00,2026-10-26T06:35:00,economy,,,,6153.0,INR,BLR > PNQ > HYD,2026-09-10T21:27:23.088402,verified
Ignav,API,BLR,HYD,2026-10-25,45,IndiGo,"6003, 945",2026-10-25T07:10:00,2026-10-25T12:05:00,economy,,,,6284.0,INR,BLR > GOX > HYD,2026-09-10T21:27:23.088410,verified
Ignav,API,BLR,HYD,2026-10-25,45,IndiGo,"969, 390",2026-10-25T15:25:00,2026-10-25T21:50:00,economy,,,,6284.0,INR,BLR > VTZ > HYD,2026-09-10T21:27:23.088419,verified
Ignav,API,BLR,HYD,2026-10-25,45,IndiGo,"6445, 913",2026-10-25T07:05:00,2026-10-25T11:40:00,economy,,,,6487.0,INR,BLR > COK > HYD,2026-09-10T21:27:23.088427,verified
Ignav,API,BLR,HYD,2026-10-25,45,IndiGo,"113, 764",2026-10-25T08:40:00,2026-10-25T15:25:00,economy,,,,6543.0,INR,BLR > CJB > HYD,2026-09-10T21:27:23.088436,verified
Ignav,API,BLR,HYD,2026-10-25,45,IndiGo,"703, 6235",2026-10-25T12:40:00,2026-10-25T16:45:00,economy,,,,6913.0,INR,BLR > COK > HYD,2026-09-10T21:27:23.088444,verified
Ignav,API,BLR,HYD,2026-10-25,45,IndiGo,"857, 6235",2026-10-25T10:00:00,2026-10-25T16:45:00,economy,,,,6969.0,INR,BLR > COK > HYD,2026-09-10T21:27:23.088452,verified
Ignav,API,BLR,HYD,2026-10-25,45,IndiGo,"6653, 117",2026-10-25T12:25:00,2026-10-25T18:25:00,economy,,,,7432.0,INR,BLR > GOI > HYD,2026-09-10T21:27:23.088460,verified
Ignav,API,BLR,HYD,2026-10-25,45,IndiGo,"6583, 117",2026-10-25T11:20:00,2026-10-25T18:25:00,economy,,,,7432.0,INR,BLR > GOI > HYD,2026-09-10T21:27:23.088468,verified
Ignav,API,BLR,HYD,2026-10-25,45,Air India Express,"2409, 2406",2026-10-25T12:05:00,2026-10-25T22:15:00,economy,,,,11823.0,INR,BLR > VGA > HYD,2026-09-10T21:27:23.088484,verified
Ignav,API,BLR,HYD,2026-10-25,45,Air India,"2642, 2869",2026-10-25T21:45:00,2026-10-26T23:05:00,economy,,,,14317.0,INR,BLR > BOM > HYD,2026-09-10T21:27:23.088509,verified
Ignav,API,BLR,HYD,2026-10-25,45,Air India,"2642, 2617",2026-10-25T21:45:00,2026-10-26T13:05:00,economy,,,,14626.0,INR,BLR > BOM > HYD,2026-09-10T21:27:23.088519,verified
Ignav,API,BLR,HYD,2026-10-25,45,Air India,"2622, 2617",2026-10-25T16:30:00,2026-10-26T13:05:00,economy,,,,14626.0,INR,BLR > BOM > HYD,2026-09-10T21:27:23.088527,verified
Ignav,API,BLR,HYD,2026-10-25,45,Air India,"2642, 2875",2026-10-25T21:45:00,2026-10-26T20:40:00,economy,,,,14626.0,INR,BLR > BOM > HYD,2026-09-10T21:27:23.088537,verified
Ignav,API,BLR,HYD,2026-10-25,45,Air India,"2624, 2617",2026-10-25T13:30:00,2026-10-26T13:05:00,economy,,,,14626.0,INR,BLR > BOM > HYD,2026-09-10T21:27:23.088545,verified
Ignav,API,BLR,HYD,2026-10-25,45,Air India,"2846, 2625",2026-10-25T08:30:00,2026-10-26T07:50:00,economy,,,,14904.0,INR,BLR > BOM > HYD,2026-09-10T21:27:23.088553,verified
Ignav,API,BLR,HYD,2026-10-25,45,Air India,"2610, 2617",2026-10-25T19:00:00,2026-10-26T13:05:00,economy,,,,14988.0,INR,BLR > BOM > HYD,2026-09-10T21:27:23.088562,verified
Ignav,API,BLR,HYD,2026-10-25,45,Air India,"2642, 2531",2026-10-25T21:45:00,2026-10-26T16:35:00,economy,,,,15113.0,INR,BLR > BOM > HYD,2026-09-10T21:27:23.088570,verified
Ignav,API,BLR,HYD,2026-10-25,45,Air India,"2850, 2617",2026-10-25T20:15:00,2026-10-26T13:05:00,economy,,,,15261.0,INR,BLR > BOM > HYD,2026-09-10T21:27:23.088578,verified
Ignav,API,BLR,HYD,2026-10-25,45,Air India,"2846, 2617",2026-10-25T08:30:00,2026-10-25T13:05:00,economy,,,,15294.0,INR,BLR > BOM > HYD,2026-09-10T21:27:23.088586,verified
Ignav,API,BLR,HYD,2026-10-25,45,Air India,"2610, 2531",2026-10-25T19:00:00,2026-10-26T16:35:00,economy,,,,15358.0,INR,BLR > BOM > HYD,2026-09-10T21:27:23.088595,verified
Ignav,API,BLR,HYD,2026-10-25,45,Air India,"2846, 2869",2026-10-25T08:30:00,2026-10-25T23:05:00,economy,,,,15429.0,INR,BLR > BOM > HYD,2026-09-10T21:27:23.088603,verified
Ignav,API,BLR,HYD,2026-10-25,45,Air India,"2854, 2617",2026-10-25T15:30:00,2026-10-26T13:05:00,economy,,,,15645.0,INR,BLR > BOM > HYD,2026-09-10T21:27:23.088611,verified
Ignav,API,BLR,HYD,2026-10-25,45,Air India,"2402, 2617",2026-10-25T07:15:00,2026-10-25T13:05:00,economy,,,,15725.0,INR,BLR > BOM > HYD,2026-09-10T21:27:23.088620,verified
Ignav,API,BLR,HYD,2026-10-25,45,Air India,"2642, 2625",2026-10-25T21:45:00,2026-10-26T07:50:00,economy,,,,15788.0,INR,BLR > BOM > HYD,2026-09-10T21:27:23.088628,verified
Ignav,API,BLR,HYD,2026-10-25,45,Air India,"2622, 2625",2026-10-25T16:30:00,2026-10-26T07:50:00,economy,,,,15788.0,INR,BLR > BOM > HYD,2026-09-10T21:27:23.088637,verified
Ignav,API,BLR,HYD,2026-10-25,45,Air India,"2846, 2875",2026-10-25T08:30:00,2026-10-25T20:40:00,economy,,,,15954.0,INR,BLR > BOM > HYD,2026-09-10T21:27:23.088645,verified
Ignav,API,BLR,HYD,2026-10-25,45,Air India,"2610, 2625",2026-10-25T19:00:00,2026-10-26T07:50:00,economy,,,,16149.0,INR,BLR > BOM > HYD,2026-09-10T21:27:23.088653,verified
Ignav,API,BLR,HYD,2026-10-25,45,Air India,"2622, 2869",2026-10-25T16:30:00,2026-10-25T23:05:00,economy,,,,16170.0,INR,BLR > BOM > HYD,2026-09-10T21:27:23.088661,verified
Ignav,API,BLR,HYD,2026-10-25,45,Air India,"2624, 2869",2026-10-25T13:30:00,2026-10-25T23:05:00,economy,,,,16313.0,INR,BLR > BOM > HYD,2026-09-10T21:27:23.088669,verified
Ignav,API,BLR,HYD,2026-10-25,45,Air India,"2850, 2625",2026-10-25T20:15:00,2026-10-26T07:50:00,economy,,,,16422.0,INR,BLR > BOM > HYD,2026-09-10T21:27:23.088678,verified
Ignav,API,BLR,HYD,2026-10-25,45,Air India,"2624, 2875",2026-10-25T13:30:00,2026-10-25T20:40:00,economy,,,,16690.0,INR,BLR > BOM > HYD,2026-09-10T21:27:23.088709,verified
Ignav,API,BLR,HYD,2026-10-25,45,Air India,"2483, 2869",2026-10-25T14:45:00,2026-10-25T23:05:00,economy,,,,16793.0,INR,BLR > BOM > HYD,2026-09-10T21:27:23.088719,verified
Ignav,API,BLR,HYD,2026-10-25,45,Air India,"2846, 2531",2026-10-25T08:30:00,2026-10-25T16:35:00,economy,,,,17098.0,INR,BLR > BOM > HYD,2026-09-10T21:27:23.088728,verified
Ignav,API,BLR,HYD,2026-10-25,45,Air India,"2483, 2875",2026-10-25T14:45:00,2026-10-25T20:40:00,economy,,,,17165.0,INR,BLR > BOM > HYD,2026-09-10T21:27:23.088736,verified
Ignav,API,BLR,HYD,2026-10-25,45,Air India,"2854, 2869",2026-10-25T15:30:00,2026-10-25T23:05:00,economy,,,,17331.0,INR,BLR > BOM > HYD,2026-09-10T21:27:23.088744,verified
Ignav,API,BLR,HYD,2026-10-25,45,Air India,"2854, 2875",2026-10-25T15:30:00,2026-10-25T20:40:00,economy,,,,17697.0,INR,BLR > BOM > HYD,2026-09-10T21:27:23.088752,verified
Ignav,API,BLR,HYD,2026-10-25,45,Air India,"2402, 2531",2026-10-25T07:15:00,2026-10-25T16:35:00,economy,,,,17776.0,INR,BLR > BOM > HYD,2026-09-10T21:27:23.088760,verified
Ignav,API,BLR,HYD,2026-10-25,45,Air India,"2852, 2875",2026-10-25T10:20:00,2026-10-25T20:40:00,economy,,,,17994.0,INR,BLR > BOM > HYD,2026-09-10T21:27:23.088768,verified
Ignav,API,BLR,HYD,2026-10-25,45,Air India,"2604, 2531",2026-10-25T09:00:00,2026-10-25T16:35:00,economy,,,,18226.0,INR,BLR > BOM > HYD,2026-09-10T21:27:23.088776,verified
Ignav,API,BLR,HYD,2026-10-25,45,Air India,"2852, 2531",2026-10-25T10:20:00,2026-10-25T16:35:00,economy,,,,19209.0,INR,BLR > BOM > HYD,2026-09-10T21:27:23.088785,verified
Ignav,API,BLR,HYD,2026-10-25,45,Air India,"2758, 2560",2026-10-25T00:15:00,2026-10-25T09:15:00,economy,,,,19675.0,INR,BLR > DEL > HYD,2026-09-10T21:27:23.088794,verified
Ignav,API,BLR,HYD,2026-10-25,45,Akasa Air,"1823, 1202",2026-10-25T08:10:00,2026-10-25T16:30:00,economy,,,,20115.0,INR,BLR > DEL > HYD,2026-09-10T21:27:23.088802,verified
Ignav,API,BLR,HYD,2026-10-25,45,Akasa Air,"1301, 1202",2026-10-25T05:00:00,2026-10-25T16:30:00,economy,,,,20115.0,INR,BLR > DEL > HYD,2026-09-10T21:27:23.088810,verified
Ignav,API,BLR,HYD,2026-10-25,45,Air India,"2488, 2560",2026-10-25T22:00:00,2026-10-26T09:15:00,economy,,,,21019.0,INR,BLR > DEL > HYD,2026-09-10T21:27:23.088818,verified
Ignav,API,BLR,HYD,2026-10-25,45,Air India,"2802, 2560",2026-10-25T21:00:00,2026-10-26T09:15:00,economy,,,,21019.0,INR,BLR > DEL > HYD,2026-09-10T21:27:23.088826,verified
Ignav,API,BLR,HYD,2026-10-25,45,Air India,"2818, 2560",2026-10-25T20:00:00,2026-10-26T09:15:00,economy,,,,21337.0,INR,BLR > DEL > HYD,2026-09-10T21:27:23.088834,verified
Ignav,API,BLR,HYD,2026-10-25,45,Air India,"2516, 2859",2026-10-25T05:00:00,2026-10-25T13:15:00,economy,,,,21389.0,INR,BLR > DEL > HYD,2026-09-10T21:27:23.088843,verified
Ignav,API,BLR,HYD,2026-10-25,45,Air India,"2516, 2542",2026-10-25T05:00:00,2026-10-25T11:55:00,economy,,,,21479.0,INR,BLR > DEL > HYD,2026-09-10T21:27:23.088851,verified
Ignav,API,BLR,HYD,2026-10-25,45,Air India,"2514, 2449",2026-10-25T18:00:00,2026-10-26T00:15:00,economy,,,,21492.0,INR,BLR > DEL > HYD,2026-09-10T21:27:23.088859,verified
Ignav,API,BLR,HYD,2026-10-25,45,Air India,"2418, 2449",2026-10-25T17:00:00,2026-10-26T00:15:00,economy,,,,21646.0,INR,BLR > DEL > HYD,2026-09-10T21:27:23.088867,verified
Ignav,API,BLR,HYD,2026-10-25,45,Air India,"2511, 2449",2026-10-25T16:00:00,2026-10-26T00:15:00,economy,,,,21646.0,INR,BLR > DEL > HYD,2026-09-10T21:27:23.088875,verified
Ignav,API,BLR,HYD,2026-10-25,45,Air India,"2511, 1706",2026-10-25T16:00:00,2026-10-26T01:15:00,economy,,,,21646.0,INR,BLR > DEL > HYD,2026-09-10T21:27:23.088883,verified
Ignav,API,BLR,HYD,2026-10-25,45,Air India,"9649, 2869",2026-10-25T17:00:00,2026-10-25T23:05:00,economy,,,,22116.0,INR,BLR > BOM > HYD,2026-09-10T21:27:23.088891,verified
Ignav,API,BLR,HYD,2026-10-25,45,Air India,"2804, 2465",2026-10-25T10:00:00,2026-10-25T16:45:00,economy,,,,22920.0,INR,BLR > DEL > HYD,2026-09-10T21:27:23.088899,verified
Ignav,API,BLR,HYD,2026-10-25,45,Air India,"2406, 2519",2026-10-25T11:00:00,2026-10-25T17:50:00,economy,,,,23258.0,INR,BLR > DEL > HYD,2026-09-10T21:27:23.088907,verified
Ignav,API,BLR,HYD,2026-10-25,45,Air India,"2868, 2899",2026-10-25T08:05:00,2026-10-25T14:45:00,economy,,,,23565.0,INR,BLR > DEL > HYD,2026-09-10T21:27:23.088915,verified
Ignav,API,BLR,HYD,2026-10-25,45,Air India,"2810, 2859",2026-10-25T06:00:00,2026-10-25T13:15:00,economy,,,,23880.0,INR,BLR > DEL > HYD,2026-09-10T21:27:23.088924,verified
Ignav,API,BLR,HYD,2026-10-25,45,Air India,"2810, 2542",2026-10-25T06:00:00,2026-10-25T11:55:00,economy,,,,24069.0,INR,BLR > DEL > HYD,2026-09-10T21:27:23.088932,verified
Ignav,API,BLR,HYD,2026-10-25,45,Air India,"2486, 2879",2026-10-25T13:00:00,2026-10-25T20:15:00,economy,,,,24946.0,INR,BLR > DEL > HYD,2026-09-10T21:27:23.088940,verified
Ignav,API,MAA,DEL,2026-09-11,1,IndiGo,939,2026-09-11T13:00:00,2026-09-11T15:55:00,economy,,,,11000.0,INR,MAA > DEL,2026-09-10T21:27:30.146859,verified
Ignav,API,MAA,DEL,2026-09-11,1,IndiGo,6002,2026-09-11T11:10:00,2026-09-11T13:55:00,economy,,,,11518.0,INR,MAA > DEL,2026-09-10T21:27:30.146879,verified
Ignav,API,MAA,DEL,2026-09-11,1,Air India,2526,2026-09-11T09:20:00,2026-09-11T12:15:00,economy,,,,11963.0,INR,MAA > DEL,2026-09-10T21:27:30.146886,verified
Ignav,API,MAA,DEL,2026-09-11,1,Air India,2836,2026-09-11T11:00:00,2026-09-11T14:00:00,economy,,,,11963.0,INR,MAA > DEL,2026-09-10T21:27:30.146893,verified
Ignav,API,MAA,DEL,2026-09-11,1,Air India,2468,2026-09-11T14:00:00,2026-09-11T16:55:00,economy,,,,12551.0,INR,MAA > DEL,2026-09-10T21:27:30.146899,verified
Ignav,API,MAA,DEL,2026-09-11,1,IndiGo,404,2026-09-11T09:15:00,2026-09-11T12:10:00,economy,,,,12642.0,INR,MAA > DEL,2026-09-10T21:27:30.146905,verified
Ignav,API,MAA,DEL,2026-09-11,1,IndiGo,948,2026-09-11T14:30:00,2026-09-11T17:30:00,economy,,,,12642.0,INR,MAA > DEL,2026-09-10T21:27:30.146910,verified
Ignav,API,MAA,DEL,2026-09-11,1,Air India,2484,2026-09-11T16:20:00,2026-09-11T19:20:00,economy,,,,15207.0,INR,MAA > DEL,2026-09-10T21:27:30.146916,verified
Ignav,API,MAA,DEL,2026-09-11,1,IndiGo,937,2026-09-11T06:30:00,2026-09-11T09:25:00,economy,,,,17675.0,INR,MAA > DEL,2026-09-10T21:27:30.146922,verified
Ignav,API,MAA,DEL,2026-09-11,1,IndiGo,698,2026-09-11T16:45:00,2026-09-11T19:40:00,economy,,,,18563.0,INR,MAA > DEL,2026-09-10T21:27:30.146929,verified
Ignav,API,MAA,DEL,2026-09-11,1,IndiGo,2369,2026-09-11T23:45:00,2026-09-12T02:40:00,economy,,,,18563.0,INR,MAA > DEL,2026-09-10T21:27:30.146934,verified
Ignav,API,MAA,DEL,2026-09-11,1,IndiGo,951,2026-09-11T21:50:00,2026-09-12T00:35:00,economy,,,,19498.0,INR,MAA > DEL,2026-09-10T21:27:30.146940,verified
Ignav,API,MAA,DEL,2026-09-11,1,Air India,2838,2026-09-11T21:40:00,2026-09-12T00:40:00,economy,,,,21203.0,INR,MAA > DEL,2026-09-10T21:27:30.146946,verified
Ignav,API,MAA,DEL,2026-09-11,1,Air India,538,2026-09-11T20:10:00,2026-09-11T23:00:00,economy,,,,21581.0,INR,MAA > DEL,2026-09-10T21:27:30.146951,verified
Ignav,API,MAA,DEL,2026-09-11,1,IndiGo,613,2026-09-11T19:00:00,2026-09-11T21:55:00,economy,,,,22626.0,INR,MAA > DEL,2026-09-10T21:27:30.146957,verified
Ignav,API,MAA,DEL,2026-09-11,1,Air India,2886,2026-09-11T06:55:00,2026-09-11T09:50:00,economy,,,,30632.0,INR,MAA > DEL,2026-09-10T21:27:30.146963,verified
Ignav,API,MAA,DEL,2026-09-17,7,IndiGo,951,2026-09-17T21:50:00,2026-09-18T00:35:00,economy,,,,10045.0,INR,MAA > DEL,2026-09-10T21:27:36.430586,verified
Ignav,API,MAA,DEL,2026-09-17,7,IndiGo,939,2026-09-17T13:00:00,2026-09-17T15:55:00,economy,,,,10045.0,INR,MAA > DEL,2026-09-10T21:27:36.430613,verified
Ignav,API,MAA,DEL,2026-09-17,7,IndiGo,948,2026-09-17T14:30:00,2026-09-17T17:30:00,economy,,,,10045.0,INR,MAA > DEL,2026-09-10T21:27:36.430622,verified
Ignav,API,MAA,DEL,2026-09-17,7,Air India,538,2026-09-17T20:10:00,2026-09-17T23:00:00,economy,,,,10183.0,INR,MAA > DEL,2026-09-10T21:27:36.430630,verified
Ignav,API,MAA,DEL,2026-09-17,7,Air India,2468,2026-09-17T14:00:00,2026-09-17T16:55:00,economy,,,,10183.0,INR,MAA > DEL,2026-09-10T21:27:36.430637,verified
Ignav,API,MAA,DEL,2026-09-17,7,Air India,2836,2026-09-17T11:00:00,2026-09-17T14:00:00,economy,,,,10183.0,INR,MAA > DEL,2026-09-10T21:27:36.430644,verified
Ignav,API,MAA,DEL,2026-09-17,7,Air India,2838,2026-09-17T21:40:00,2026-09-18T00:40:00,economy,,,,10183.0,INR,MAA > DEL,2026-09-10T21:27:36.430651,verified
Ignav,API,MAA,DEL,2026-09-17,7,Air India,2484,2026-09-17T16:20:00,2026-09-17T19:20:00,economy,,,,10398.0,INR,MAA > DEL,2026-09-10T21:27:36.430658,verified
Ignav,API,MAA,DEL,2026-09-17,7,IndiGo,"244, 983",2026-09-17T03:55:00,2026-09-17T09:15:00,economy,,,,10430.0,INR,MAA > AMD > DEL,2026-09-10T21:27:36.430668,verified
Ignav,API,MAA,DEL,2026-09-17,7,IndiGo,"495, 6281",2026-09-17T07:10:00,2026-09-17T12:30:00,economy,,,,10430.0,INR,MAA > HYD > DEL,2026-09-10T21:27:36.430676,verified
Ignav,API,MAA,DEL,2026-09-17,7,IndiGo,2369,2026-09-17T23:45:00,2026-09-18T02:40:00,economy,,,,10510.0,INR,MAA > DEL,2026-09-10T21:27:36.430684,verified
Ignav,API,MAA,DEL,2026-09-17,7,IndiGo,698,2026-09-17T16:45:00,2026-09-17T19:40:00,economy,,,,11000.0,INR,MAA > DEL,2026-09-10T21:27:36.430691,verified
Ignav,API,MAA,DEL,2026-09-17,7,IndiGo,613,2026-09-17T19:00:00,2026-09-17T21:55:00,economy,,,,11000.0,INR,MAA > DEL,2026-09-10T21:27:36.430698,verified
Ignav,API,MAA,DEL,2026-09-17,7,Air India,2526,2026-09-17T09:20:00,2026-09-17T12:15:00,economy,,,,11963.0,INR,MAA > DEL,2026-09-10T21:27:36.430705,verified
Ignav,API,MAA,DEL,2026-09-17,7,IndiGo,6002,2026-09-17T11:10:00,2026-09-17T13:55:00,economy,,,,12065.0,INR,MAA > DEL,2026-09-10T21:27:36.430712,verified
Ignav,API,MAA,DEL,2026-09-17,7,IndiGo,404,2026-09-17T09:15:00,2026-09-17T12:10:00,economy,,,,12065.0,INR,MAA > DEL,2026-09-10T21:27:36.430719,verified
Ignav,API,MAA,DEL,2026-09-17,7,IndiGo,937,2026-09-17T06:30:00,2026-09-17T09:25:00,economy,,,,13892.0,INR,MAA > DEL,2026-09-10T21:27:36.430726,verified
Ignav,API,MAA,DEL,2026-09-17,7,Air India,2886,2026-09-17T06:55:00,2026-09-17T09:50:00,economy,,,,14567.0,INR,MAA > DEL,2026-09-10T21:27:36.430733,verified
Ignav,API,MAA,DEL,2026-09-25,15,Air India Express,"1385, 1385, 1196",2026-09-25T08:55:00,2026-09-25T18:15:00,economy,,,,9978.0,INR,MAA > BLR > SXR > DEL,2026-09-10T21:27:47.883826,verified
Ignav,API,MAA,DEL,2026-09-25,15,IndiGo,"834, 6202",2026-09-25T09:05:00,2026-09-25T13:55:00,economy,,,,10479.0,INR,MAA > HYD > DEL,2026-09-10T21:27:47.883855,verified
Ignav,API,MAA,DEL,2026-09-25,15,IndiGo,"6925, 711",2026-09-25T12:00:00,2026-09-25T16:55:00,economy,,,,10479.0,INR,MAA > HYD > DEL,2026-09-10T21:27:47.883865,verified
Ignav,API,MAA,DEL,2026-09-25,15,IndiGo,"607, 2661",2026-09-25T05:40:00,2026-09-25T11:05:00,economy,,,,10479.0,INR,MAA > PNQ > DEL,2026-09-10T21:27:47.883873,verified
Ignav,API,MAA,DEL,2026-09-25,15,IndiGo,"372, 6031",2026-09-25T09:55:00,2026-09-25T15:25:00,economy,,,,10479.0,INR,MAA > HYD > DEL,2026-09-10T21:27:47.883881,verified
Ignav,API,MAA,DEL,2026-09-25,15,IndiGo,"834, 6031",2026-09-25T09:05:00,2026-09-25T15:25:00,economy,,,,10535.0,INR,MAA > HYD > DEL,2026-09-10T21:27:47.883889,verified
Ignav,API,MAA,DEL,2026-09-25,15,IndiGo,"253, 2375",2026-09-25T03:10:00,2026-09-25T09:40:00,economy,,,,10535.0,INR,MAA > PNQ > DEL,2026-09-10T21:27:47.883901,verified
Ignav,API,MAA,DEL,2026-09-25,15,IndiGo,"489, 6972",2026-09-25T18:15:00,2026-09-26T00:45:00,economy,,,,10535.0,INR,MAA > IDR > DEL,2026-09-10T21:27:47.883909,verified
Ignav,API,MAA,DEL,2026-09-25,15,IndiGo,"495, 6202",2026-09-25T07:10:00,2026-09-25T13:55:00,economy,,,,10535.0,INR,MAA > HYD > DEL,2026-09-10T21:27:47.883918,verified
Ignav,API,MAA,DEL,2026-09-25,15,IndiGo,"6892, 869",2026-09-25T10:55:00,2026-09-25T16:05:00,economy,,,,10558.0,INR,MAA > BLR > DEL,2026-09-10T21:27:47.883927,verified
Ignav,API,MAA,DEL,2026-09-25,15,IndiGo,"6892, 840",2026-09-25T10:55:00,2026-09-25T16:45:00,economy,,,,10558.0,INR,MAA > BLR > DEL,2026-09-10T21:27:47.883936,verified
Ignav,API,MAA,DEL,2026-09-25,15,IndiGo,"6815, 809",2026-09-25T08:55:00,2026-09-25T14:50:00,economy,,,,10614.0,INR,MAA > BLR > DEL,2026-09-10T21:27:47.883943,verified
Ignav,API,MAA,DEL,2026-09-25,15,IndiGo,"6812, 2409",2026-09-25T20:00:00,2026-09-26T02:00:00,economy,,,,10614.0,INR,MAA > CJB > DEL,2026-09-10T21:27:47.883951,verified
Ignav,API,MAA,DEL,2026-09-25,15,IndiGo,"6005, 2193",2026-09-25T15:45:00,2026-09-25T22:45:00,economy,,,,10614.0,INR,MAA > IXC > DEL,2026-09-10T21:27:47.883959,verified
Ignav,API,MAA,DEL,2026-09-25,15,IndiGo,"6348, 6028",2026-09-25T09:00:00,2026-09-25T14:25:00,economy,,,,10689.0,INR,MAA > BOM > DEL,2026-09-10T21:27:47.883967,verified
Ignav,API,MAA,DEL,2026-09-25,15,IndiGo,"6140, 762",2026-09-25T02:30:00,2026-09-25T08:10:00,economy,,,,10689.0,INR,MAA > BOM > DEL,2026-09-10T21:27:47.883974,verified
Ignav,API,MAA,DEL,2026-09-25,15,IndiGo,"321, 6358",2026-09-25T08:20:00,2026-09-25T14:25:00,economy,,,,10745.0,INR,MAA > CCU > DEL,2026-09-10T21:27:47.883984,verified
Ignav,API,MAA,DEL,2026-09-25,15,IndiGo,"5258, 6082",2026-09-25T12:45:00,2026-09-25T18:55:00,economy,,,,10745.0,INR,MAA > BOM > DEL,2026-09-10T21:27:47.883994,verified
Ignav,API,MAA,DEL,2026-09-25,15,IndiGo,"6348, 615",2026-09-25T09:00:00,2026-09-25T15:15:00,economy,,,,10745.0,INR,MAA > BOM > DEL,2026-09-10T21:27:47.884003,verified
Ignav,API,MAA,DEL,2026-09-25,15,IndiGo,"5214, 349",2026-09-25T11:00:00,2026-09-25T17:15:00,economy,,,,10745.0,INR,MAA > BOM > DEL,2026-09-10T21:27:47.884011,verified
Ignav,API,MAA,DEL,2026-09-25,15,IndiGo,"5371, 317",2026-09-25T14:45:00,2026-09-25T21:15:00,economy,,,,10745.0,INR,MAA > BOM > DEL,2026-09-10T21:27:47.884019,verified
Ignav,API,MAA,DEL,2026-09-25,15,IndiGo,"6140, 301",2026-09-25T02:30:00,2026-09-25T09:10:00,economy,,,,10745.0,INR,MAA > BOM > DEL,2026-09-10T21:27:47.884026,verified
Ignav,API,MAA,DEL,2026-09-25,15,IndiGo,"6326, 6516",2026-09-25T11:45:00,2026-09-25T18:35:00,economy,,,,10745.0,INR,MAA > CCU > DEL,2026-09-10T21:27:47.884034,verified
Ignav,API,MAA,DEL,2026-09-25,15,IndiGo,"5104, 102",2026-09-25T16:40:00,2026-09-25T23:30:00,economy,,,,10745.0,INR,MAA > BOM > DEL,2026-09-10T21:27:47.884042,verified
Ignav,API,MAA,DEL,2026-09-25,15,IndiGo,"606, 5190",2026-09-25T18:05:00,2026-09-26T00:55:00,economy,,,,10745.0,INR,MAA > CCU > DEL,2026-09-10T21:27:47.884050,verified
Ignav,API,MAA,DEL,2026-09-25,15,IndiGo,"5314, 6827",2026-09-25T06:45:00,2026-09-25T13:45:00,economy,,,,10745.0,INR,MAA > BOM > DEL,2026-09-10T21:27:47.884069,verified
Ignav,API,MAA,DEL,2026-09-25,15,Akasa Air,"1146, 1120",2026-09-25T13:35:00,2026-09-25T21:15:00,economy,,,,10822.0,INR,MAA > BOM > DEL,2026-09-10T21:27:47.884077,verified
Ignav,API,MAA,DEL,2026-09-25,15,IndiGo,939,2026-09-25T13:00:00,2026-09-25T15:55:00,economy,,,,10834.0,INR,MAA > DEL,2026-09-10T21:27:47.884085,verified
Ignav,API,MAA,DEL,2026-09-25,15,IndiGo,948,2026-09-25T14:30:00,2026-09-25T17:30:00,economy,,,,10834.0,INR,MAA > DEL,2026-09-10T21:27:47.884092,verified
Ignav,API,MAA,DEL,2026-09-25,15,IndiGo,"597, 2382",2026-09-25T17:45:00,2026-09-26T00:15:00,economy,,,,10903.0,INR,MAA > COK > DEL,2026-09-10T21:27:47.884101,verified
Ignav,API,MAA,DEL,2026-09-25,15,Air India,2468,2026-09-25T14:00:00,2026-09-25T16:55:00,economy,,,,11056.0,INR,MAA > DEL,2026-09-10T21:27:47.884108,verified
Ignav,API,MAA,DEL,2026-09-25,15,Air India,2836,2026-09-25T11:00:00,2026-09-25T14:00:00,economy,,,,11056.0,INR,MAA > DEL,2026-09-10T21:27:47.884116,verified
Ignav,API,MAA,DEL,2026-09-25,15,IndiGo,"848, 932",2026-09-25T17:50:00,2026-09-25T23:30:00,economy,,,,11310.0,INR,MAA > AMD > DEL,2026-09-10T21:27:47.884124,verified
Ignav,API,MAA,DEL,2026-09-25,15,IndiGo,6002,2026-09-25T11:10:00,2026-09-25T13:55:00,economy,,,,11352.0,INR,MAA > DEL,2026-09-10T21:27:47.884131,verified
Ignav,API,MAA,DEL,2026-09-25,15,IndiGo,404,2026-09-25T09:15:00,2026-09-25T12:10:00,economy,,,,11352.0,INR,MAA > DEL,2026-09-10T21:27:47.884138,verified
Ignav,API,MAA,DEL,2026-09-25,15,IndiGo,"183, 2624",2026-09-25T16:35:00,2026-09-25T23:15:00,economy,,,,11366.0,INR,MAA > PNQ > DEL,2026-09-10T21:27:47.884148,verified
Ignav,API,MAA,DEL,2026-09-25,15,Air India,2526,2026-09-25T09:20:00,2026-09-25T12:15:00,economy,,,,11551.0,INR,MAA > DEL,2026-09-10T21:27:47.884156,verified
Ignav,API,MAA,DEL,2026-09-25,15,IndiGo,937,2026-09-25T06:30:00,2026-09-25T09:25:00,economy,,,,11899.0,INR,MAA > DEL,2026-09-10T21:27:47.884163,verified
Ignav,API,MAA,DEL,2026-09-25,15,IndiGo,2369,2026-09-25T23:45:00,2026-09-26T02:40:00,economy,,,,11899.0,INR,MAA > DEL,2026-09-10T21:27:47.884170,verified
Ignav,API,MAA,DEL,2026-09-25,15,Air India,2484,2026-09-25T16:20:00,2026-09-25T19:20:00,economy,,,,12030.0,INR,MAA > DEL,2026-09-10T21:27:47.884177,verified
Ignav,API,MAA,DEL,2026-09-25,15,IndiGo,"973, 2708",2026-09-25T11:55:00,2026-09-25T18:05:00,economy,,,,12277.0,INR,MAA > GOX > DEL,2026-09-10T21:27:47.884186,verified
Ignav,API,MAA,DEL,2026-09-25,15,IndiGo,951,2026-09-25T21:50:00,2026-09-26T00:35:00,economy,,,,12475.0,INR,MAA > DEL,2026-09-10T21:27:47.884196,verified
Ignav,API,MAA,DEL,2026-09-25,15,IndiGo,698,2026-09-25T16:45:00,2026-09-25T19:40:00,economy,,,,12475.0,INR,MAA > DEL,2026-09-10T21:27:47.884204,verified
Ignav,API,MAA,DEL,2026-09-25,15,Air India Express,"1385, 1040",2026-09-25T08:55:00,2026-09-25T17:30:00,economy,,,,12541.0,INR,MAA > BLR > DEL,2026-09-10T21:27:47.884212,verified
Ignav,API,MAA,DEL,2026-09-25,15,Air India Express,"2786, 1040",2026-09-25T07:25:00,2026-09-25T17:30:00,economy,,,,12541.0,INR,MAA > BLR > DEL,2026-09-10T21:27:47.884220,verified
Ignav,API,MAA,DEL,2026-09-25,15,Air India Express,"2975, 1040",2026-09-25T06:30:00,2026-09-25T17:30:00,economy,,,,12541.0,INR,MAA > BLR > DEL,2026-09-10T21:27:47.884231,verified
Ignav,API,MAA,DEL,2026-09-25,15,Air India Express,"2971, 1040",2026-09-25T10:45:00,2026-09-25T17:30:00,economy,,,,12737.0,INR,MAA > BLR > DEL,2026-09-10T21:27:47.884238,verified
Ignav,API,MAA,DEL,2026-09-25,15,IndiGo,"502, 2285",2026-09-25T11:10:00,2026-09-25T17:00:00,economy,,,,13277.0,INR,MAA > PNQ > DEL,2026-09-10T21:27:47.884246,verified
Ignav,API,MAA,DEL,2026-09-25,15,Air India,2886,2026-09-25T06:55:00,2026-09-25T09:50:00,economy,,,,13428.0,INR,MAA > DEL,2026-09-10T21:27:47.884253,verified
Ignav,API,MAA,DEL,2026-09-25,15,Air India,"9481, 2486",2026-09-25T10:45:00,2026-09-25T16:45:00,economy,,,,13462.0,INR,MAA > BLR > DEL,2026-09-10T21:27:47.884261,verified
Ignav,API,MAA,DEL,2026-09-25,15,Air India,"9427, 2486",2026-09-25T06:30:00,2026-09-25T16:45:00,economy,,,,13462.0,INR,MAA > BLR > DEL,2026-09-10T21:27:47.884269,verified
Ignav,API,MAA,DEL,2026-09-25,15,Air India,"9481, 2810",2026-09-25T10:45:00,2026-09-26T08:45:00,economy,,,,13544.0,INR,MAA > BLR > DEL,2026-09-10T21:27:47.884277,verified
Ignav,API,MAA,DEL,2026-09-25,15,IndiGo,613,2026-09-25T19:00:00,2026-09-25T21:55:00,economy,,,,13726.0,INR,MAA > DEL,2026-09-10T21:27:47.884285,verified
Ignav,API,MAA,DEL,2026-09-25,15,Air India,2838,2026-09-25T21:40:00,2026-09-26T00:40:00,economy,,,,13773.0,INR,MAA > DEL,2026-09-10T21:27:47.884292,verified
Ignav,API,MAA,DEL,2026-09-25,15,Air India,"9483, 2511",2026-09-25T07:25:00,2026-09-25T18:00:00,economy,,,,13870.0,INR,MAA > BLR > DEL,2026-09-10T21:27:47.884300,verified
Ignav,API,MAA,DEL,2026-09-25,15,Air India,"9427, 2511",2026-09-25T06:30:00,2026-09-25T18:00:00,economy,,,,13870.0,INR,MAA > BLR > DEL,2026-09-10T21:27:47.884310,verified
Ignav,API,MAA,DEL,2026-09-25,15,Air India,"9483, 2804",2026-09-25T07:25:00,2026-09-25T13:00:00,economy,,,,13981.0,INR,MAA > BLR > DEL,2026-09-10T21:27:47.884318,verified
Ignav,API,MAA,DEL,2026-09-25,15,Air India,"9427, 2804",2026-09-25T06:30:00,2026-09-25T13:00:00,economy,,,,13981.0,INR,MAA > BLR > DEL,2026-09-10T21:27:47.884326,verified
Ignav,API,MAA,DEL,2026-09-25,15,Air India,"9483, 428",2026-09-25T07:25:00,2026-09-25T18:15:00,economy,,,,13981.0,INR,MAA > BLR > DEL,2026-09-10T21:27:47.884333,verified
Ignav,API,MAA,DEL,2026-09-25,15,Air India,"9427, 428",2026-09-25T06:30:00,2026-09-25T18:15:00,economy,,,,13981.0,INR,MAA > BLR > DEL,2026-09-10T21:27:47.884341,verified
Ignav,API,MAA,DEL,2026-09-25,15,Air India,538,2026-09-25T20:10:00,2026-09-25T23:00:00,economy,,,,14002.0,INR,MAA > DEL,2026-09-10T21:27:47.884348,verified
Ignav,API,MAA,DEL,2026-09-25,15,IndiGo,"244, 983",2026-09-25T03:55:00,2026-09-25T09:15:00,economy,,,,14135.0,INR,MAA > AMD > DEL,2026-09-10T21:27:47.884356,verified
Ignav,API,MAA,DEL,2026-09-25,15,Air India,"9427, 2868",2026-09-25T06:30:00,2026-09-25T12:00:00,economy,,,,14329.0,INR,MAA > BLR > DEL,2026-09-10T21:27:47.884363,verified
Ignav,API,MAA,DEL,2026-09-25,15,Air India,"9763, 2418",2026-09-25T08:55:00,2026-09-25T19:25:00,economy,,,,14414.0,INR,MAA > BLR > DEL,2026-09-10T21:27:47.884372,verified
Ignav,API,MAA,DEL,2026-09-25,15,Air India,"9483, 2418",2026-09-25T07:25:00,2026-09-25T19:25:00,economy,,,,14414.0,INR,MAA > BLR > DEL,2026-09-10T21:27:47.884383,verified
Ignav,API,MAA,DEL,2026-09-25,15,Air India,"9427, 2418",2026-09-25T06:30:00,2026-09-25T19:25:00,economy,,,,14414.0,INR,MAA > BLR > DEL,2026-09-10T21:27:47.884393,verified
Ignav,API,MAA,DEL,2026-09-25,15,IndiGo,"6081, 175",2026-09-25T07:05:00,2026-09-25T13:35:00,economy,,,,14452.0,INR,MAA > BLR > DEL,2026-09-10T21:27:47.884400,verified
Ignav,API,MAA,DEL,2026-09-25,15,IndiGo,"5367, 651",2026-09-25T18:15:00,2026-09-26T00:30:00,economy,,,,14583.0,INR,MAA > BOM > DEL,2026-09-10T21:27:47.884407,verified
Ignav,API,MAA,DEL,2026-09-25,15,Air India,"9763, 2406",2026-09-25T08:55:00,2026-09-25T14:00:00,economy,,,,14626.0,INR,MAA > BLR > DEL,2026-09-10T21:27:47.884414,verified
Ignav,API,MAA,DEL,2026-09-25,15,Air India,"9483, 2406",2026-09-25T07:25:00,2026-09-25T14:00:00,economy,,,,14626.0,INR,MAA > BLR > DEL,2026-09-10T21:27:47.884421,verified
Ignav,API,MAA,DEL,2026-09-25,15,IndiGo,"6081, 830",2026-09-25T07:05:00,2026-09-25T12:30:00,economy,,,,14938.0,INR,MAA > BLR > DEL,2026-09-10T21:27:47.884428,verified
Ignav,API,MAA,DEL,2026-09-25,15,IndiGo,"6209, 6039",2026-09-25T14:35:00,2026-09-25T19:50:00,economy,,,,15161.0,INR,MAA > BLR > DEL,2026-09-10T21:27:47.884435,verified
Ignav,API,MAA,DEL,2026-09-25,15,IndiGo,"6158, 6043",2026-09-25T16:10:00,2026-09-25T21:40:00,economy,,,,15214.0,INR,MAA > HYD > DEL,2026-09-10T21:27:47.884442,verified
Ignav,API,MAA,DEL,2026-09-25,15,Air India,"9775, 2890",2026-09-25T13:45:00,2026-09-25T20:00:00,economy,,,,15434.0,INR,MAA > HYD > DEL,2026-09-10T21:27:47.884449,verified
Ignav,API,MAA,DEL,2026-09-25,15,Air India,"9775, 1806",2026-09-25T13:45:00,2026-09-26T05:25:00,economy,,,,15434.0,INR,MAA > HYD > DEL,2026-09-10T21:27:47.884456,verified
Ignav,API,MAA,DEL,2026-09-25,15,Air India,"9775, 2559",2026-09-25T13:45:00,2026-09-26T15:15:00,economy,,,,15434.0,INR,MAA > HYD > DEL,2026-09-10T21:27:47.884465,verified
Ignav,API,MAA,DEL,2026-09-25,15,Air India,"9775, 2541",2026-09-25T13:45:00,2026-09-26T16:05:00,economy,,,,15434.0,INR,MAA > HYD > DEL,2026-09-10T21:27:47.884473,verified
Ignav,API,MAA,DEL,2026-09-25,15,IndiGo,"193, 6025",2026-09-25T20:00:00,2026-09-26T02:05:00,economy,,,,15577.0,INR,MAA > HYD > DEL,2026-09-10T21:27:47.884480,verified
Ignav,API,MAA,DEL,2026-09-25,15,Air India Express,"2507, 5976",2026-09-25T16:30:00,2026-09-26T04:10:00,economy,,,,15645.0,INR,MAA > BLR > DEL,2026-09-10T21:27:47.884487,verified
Ignav,API,MAA,DEL,2026-09-25,15,IndiGo,"6209, 6034",2026-09-25T14:35:00,2026-09-25T21:05:00,economy,,,,15847.0,INR,MAA > BLR > DEL,2026-09-10T21:27:47.884494,verified
Ignav,API,MAA,DEL,2026-09-25,15,IndiGo,"6487, 6025",2026-09-25T21:25:00,2026-09-26T02:05:00,economy,,,,15905.0,INR,MAA > HYD > DEL,2026-09-10T21:27:47.884501,verified
Ignav,API,MAA,DEL,2026-09-25,15,Air India,"9775, 2860",2026-09-25T13:45:00,2026-09-26T10:00:00,economy,,,,16164.0,INR,MAA > HYD > DEL,2026-09-10T21:27:47.884508,verified
Ignav,API,MAA,DEL,2026-09-25,15,Air India,"9785, 1874",2026-09-25T09:40:00,2026-09-25T15:30:00,economy,,,,16283.0,INR,MAA > CCU > DEL,2026-09-10T21:27:47.884515,verified
Ignav,API,MAA,DEL,2026-09-25,15,Air India,"9775, 2466",2026-09-25T13:45:00,2026-09-26T10:55:00,economy,,,,16334.0,INR,MAA > HYD > DEL,2026-09-10T21:27:47.884522,verified
Ignav,API,MAA,DEL,2026-09-25,15,Air India,"9775, 1866",2026-09-25T13:45:00,2026-09-26T12:10:00,economy,,,,16334.0,INR,MAA > HYD > DEL,2026-09-10T21:27:47.884529,verified
Ignav,API,MAA,DEL,2026-09-25,15,Air India,"9775, 1880",2026-09-25T13:45:00,2026-09-26T01:00:00,economy,,,,16419.0,INR,MAA > HYD > DEL,2026-09-10T21:27:47.884539,verified
Ignav,API,MAA,DEL,2026-09-25,15,Air India,"9775, 2776",2026-09-25T13:45:00,2026-09-26T02:00:00,economy,,,,16419.0,INR,MAA > HYD > DEL,2026-09-10T21:27:47.884549,verified
Ignav,API,MAA,DEL,2026-09-25,15,Air India Express,"2662, 5976",2026-09-25T21:25:00,2026-09-26T04:10:00,economy,,,,16556.0,INR,MAA > BLR > DEL,2026-09-10T21:27:47.884556,verified
Ignav,API,MAA,DEL,2026-09-25,15,Air India Express,"1354, 1042",2026-09-25T14:40:00,2026-09-26T00:05:00,economy,,,,16639.0,INR,MAA > GAU > DEL,2026-09-10T21:27:47.884563,verified
Ignav,API,MAA,DEL,2026-09-25,15,Air India Express,"1354, 1121",2026-09-25T14:40:00,2026-09-26T01:55:00,economy,,,,16639.0,INR,MAA > GAU > DEL,2026-09-10T21:27:47.884570,verified
Ignav,API,MAA,DEL,2026-09-25,15,Air India Express,"1354, 1087",2026-09-25T14:40:00,2026-09-25T22:10:00,economy,,,,16743.0,INR,MAA > GAU > DEL,2026-09-10T21:27:47.884577,verified
Ignav,API,MAA,DEL,2026-09-25,15,IndiGo,"562, 890",2026-09-25T18:20:00,2026-09-25T23:25:00,economy,,,,16781.0,INR,MAA > HYD > DEL,2026-09-10T21:27:47.884584,verified
Ignav,API,MAA,DEL,2026-09-25,15,Air India Express,"2661, 1672",2026-09-25T22:05:00,2026-09-26T10:20:00,economy,,,,16803.0,INR,MAA > PNQ > DEL,2026-09-10T21:27:47.884593,verified
Ignav,API,MAA,DEL,2026-09-25,15,Air India Express,"1354, 2037",2026-09-25T14:40:00,2026-09-26T03:45:00,economy,,,,16953.0,INR,MAA > GAU > DEL,2026-09-10T21:27:47.884602,verified
Ignav,API,MAA,DEL,2026-09-25,15,IndiGo,"561, 2418",2026-09-25T22:20:00,2026-09-26T04:00:00,economy,,,,17152.0,INR,MAA > PNQ > DEL,2026-09-10T21:27:47.884610,verified
Ignav,API,MAA,DEL,2026-09-25,15,IndiGo,"847, 870",2026-09-25T16:15:00,2026-09-25T22:15:00,economy,,,,17258.0,INR,MAA > BLR > DEL,2026-09-10T21:27:47.884620,verified
Ignav,API,MAA,DEL,2026-09-25,15,Air India,"9971, 2802",2026-09-25T16:30:00,2026-09-25T21:10:00,economy,,,,17689.0,INR,MAA > BLR > DEL,2026-09-10T21:27:47.884627,verified
Ignav,API,MAA,DEL,2026-09-25,15,Air India,"9971, 2665",2026-09-25T16:30:00,2026-09-25T22:40:00,economy,,,,17689.0,INR,MAA > BLR > DEL,2026-09-10T21:27:47.884634,verified
Ignav,API,MAA,DEL,2026-09-25,15,IndiGo,"495, 6281",2026-09-25T07:10:00,2026-09-25T12:30:00,economy,,,,17751.0,INR,MAA > HYD > DEL,2026-09-10T21:27:47.884641,verified
Ignav,API,MAA,DEL,2026-09-25,15,Air India,"9775, 2870",2026-09-25T13:45:00,2026-09-25T23:55:00,economy,,,,17832.0,INR,MAA > HYD > DEL,2026-09-10T21:27:47.884648,verified
Ignav,API,MAA,DEL,2026-09-25,15,Air India,"2779, 2430",2026-09-25T07:00:00,2026-09-25T12:20:00,economy,,,,17961.0,INR,MAA > BOM > DEL,2026-09-10T21:27:47.884655,verified
Ignav,API,MAA,DEL,2026-09-25,15,Air India,"2822, 2677",2026-09-25T09:35:00,2026-09-25T15:15:00,economy,,,,17961.0,INR,MAA > BOM > DEL,2026-09-10T21:27:47.884662,verified
Ignav,API,MAA,DEL,2026-09-25,15,Air India,"2828, 2432",2026-09-25T05:55:00,2026-09-25T11:50:00,economy,,,,17961.0,INR,MAA > BOM > DEL,2026-09-10T21:27:47.884669,verified
Ignav,API,MAA,DEL,2026-09-25,15,Air India,"2828, 2430",2026-09-25T05:55:00,2026-09-25T12:20:00,economy,,,,17961.0,INR,MAA > BOM > DEL,2026-09-10T21:27:47.884676,verified
Ignav,API,MAA,DEL,2026-09-25,15,Air India,"2779, 2952",2026-09-25T07:00:00,2026-09-25T13:45:00,economy,,,,17961.0,INR,MAA > BOM > DEL,2026-09-10T21:27:47.884683,verified
Ignav,API,MAA,DEL,2026-09-25,15,Air India,"2822, 2960",2026-09-25T09:35:00,2026-09-25T16:25:00,economy,,,,17961.0,INR,MAA > BOM > DEL,2026-09-10T21:27:47.884693,verified
Ignav,API,MAA,DEL,2026-09-25,15,Air India,"436, 2422",2026-09-25T21:10:00,2026-09-26T03:20:00,economy,,,,18131.0,INR,MAA > BOM > DEL,2026-09-10T21:27:47.884700,verified
Ignav,API,MAA,DEL,2026-09-25,15,Air India,"2822, 2944",2026-09-25T09:35:00,2026-09-25T16:55:00,economy,,,,18240.0,INR,MAA > BOM > DEL,2026-09-10T21:27:47.884709,verified
Ignav,API,MAA,DEL,2026-09-25,15,Air India,"640, 2940",2026-09-25T17:00:00,2026-09-25T22:20:00,economy,,,,18300.0,INR,MAA > BOM > DEL,2026-09-10T21:27:47.884718,verified
Ignav,API,MAA,DEL,2026-09-25,15,Air India,"640, 2988",2026-09-25T17:00:00,2026-09-25T22:50:00,economy,,,,18300.0,INR,MAA > BOM > DEL,2026-09-10T21:27:47.884725,verified
Ignav,API,MAA,DEL,2026-09-25,15,Air India,"640, 816",2026-09-25T17:00:00,2026-09-25T23:15:00,economy,,,,18300.0,INR,MAA > BOM > DEL,2026-09-10T21:27:47.884732,verified
Ignav,API,MAA,DEL,2026-09-25,15,Air India,"2740, 2940",2026-09-25T16:00:00,2026-09-25T22:20:00,economy,,,,18300.0,INR,MAA > BOM > DEL,2026-09-10T21:27:47.884739,verified
Ignav,API,MAA,DEL,2026-09-25,15,Air India,"640, 1895",2026-09-25T17:00:00,2026-09-25T23:45:00,economy,,,,18300.0,INR,MAA > BOM > DEL,2026-09-10T21:27:47.884746,verified
Ignav,API,MAA,DEL,2026-09-25,15,Air India,"2740, 2988",2026-09-25T16:00:00,2026-09-25T22:50:00,economy,,,,18300.0,INR,MAA > BOM > DEL,2026-09-10T21:27:47.884753,verified
Ignav,API,MAA,DEL,2026-09-25,15,Air India,"2779, 2687",2026-09-25T07:00:00,2026-09-25T14:00:00,economy,,,,18455.0,INR,MAA > BOM > DEL,2026-09-10T21:27:47.884760,verified
Ignav,API,MAA,DEL,2026-09-25,15,Air India,"2740, 816",2026-09-25T16:00:00,2026-09-25T23:15:00,economy,,,,18583.0,INR,MAA > BOM > DEL,2026-09-10T21:27:47.884770,verified
Ignav,API,MAA,DEL,2026-09-25,15,Air India,"2740, 2408",2026-09-25T16:00:00,2026-09-25T21:45:00,economy,,,,19500.0,INR,MAA > BOM > DEL,2026-09-10T21:27:47.884777,verified
Ignav,API,MAA,DEL,2026-09-25,15,Air India,"2779, 2847, 424",2026-09-25T07:00:00,2026-09-25T14:40:00,economy,,,,20367.0,INR,MAA > BOM > AMD > DEL,2026-09-10T21:27:47.884785,verified
Ignav,API,MAA,DEL,2026-09-25,15,Air India,"2828, 2847, 424",2026-09-25T05:55:00,2026-09-25T14:40:00,economy,,,,20367.0,INR,MAA > BOM > AMD > DEL,2026-09-10T21:27:47.884793,verified
Ignav,API,MAA,DEL,2026-09-25,15,Air India,"2828, 2847, 2716",2026-09-25T05:55:00,2026-09-25T15:35:00,economy,,,,20367.0,INR,MAA > BOM > AMD > DEL,2026-09-10T21:27:47.884801,verified
Ignav,API,MAA,DEL,2026-09-25,15,Air India,"2828, 2847, 1121",2026-09-25T05:55:00,2026-09-25T21:55:00,economy,,,,20367.0,INR,MAA > BOM > AMD > DEL,2026-09-10T21:27:47.884808,verified
Ignav,API,MAA,DEL,2026-09-25,15,Air India,"2828, 2847, 532",2026-09-25T05:55:00,2026-09-25T23:40:00,economy,,,,20367.0,INR,MAA > BOM > AMD > DEL,2026-09-10T21:27:47.884816,verified
Ignav,API,MAA,DEL,2026-09-25,15,Air India,"2740, 2919, 1117",2026-09-25T16:00:00,2026-09-26T10:15:00,economy,,,,20367.0,INR,MAA > BOM > AMD > DEL,2026-09-10T21:27:47.884823,verified
Ignav,API,MAA,DEL,2026-09-25,15,Air India,"2828, 2503, 2938",2026-09-25T05:55:00,2026-09-25T20:40:00,economy,,,,20734.0,INR,MAA > BOM > AMD > DEL,2026-09-10T21:27:47.884831,verified
Ignav,API,MAA,DEL,2026-09-25,15,Air India,"2828, 2503, 882",2026-09-25T05:55:00,2026-09-25T17:45:00,economy,,,,20927.0,INR,MAA > BOM > AMD > DEL,2026-09-10T21:27:47.884838,verified
Ignav,API,MAA,DEL,2026-09-25,15,IndiGo,"189, 6406",2026-09-25T19:05:00,2026-09-26T00:50:00,economy,,,,21638.0,INR,MAA > BLR > DEL,2026-09-10T21:27:47.884848,verified
Ignav,API,MAA,DEL,2026-09-25,15,IndiGo,"401, 2321",2026-09-25T08:10:00,2026-09-25T13:45:00,economy,,,,23436.0,INR,MAA > VNS > DEL,2026-09-10T21:27:47.884855,verified
Ignav,API,MAA,DEL,2026-10-10,30,IndiGo,"6812, 2409",2026-10-10T20:00:00,2026-10-11T02:00:00,economy,,,,9752.0,INR,MAA > CJB > DEL,2026-09-10T21:27:54.694061,verified
Ignav,API,MAA,DEL,2026-10-10,30,IndiGo,"6113, 6274",2026-10-10T17:00:00,2026-10-10T22:35:00,economy,,,,9883.0,INR,MAA > IXR > DEL,2026-09-10T21:27:54.694091,verified
Ignav,API,MAA,DEL,2026-10-10,30,IndiGo,"6140, 762",2026-10-10T02:30:00,2026-10-10T08:10:00,economy,,,,9883.0,INR,MAA > BOM > DEL,2026-09-10T21:27:54.694102,verified
Ignav,API,MAA,DEL,2026-10-10,30,IndiGo,6002,2026-10-10T11:10:00,2026-10-10T13:55:00,economy,,,,10045.0,INR,MAA > DEL,2026-09-10T21:27:54.694111,verified
Ignav,API,MAA,DEL,2026-10-10,30,IndiGo,951,2026-10-10T21:50:00,2026-10-11T00:35:00,economy,,,,10045.0,INR,MAA > DEL,2026-09-10T21:27:54.694119,verified
Ignav,API,MAA,DEL,2026-10-10,30,IndiGo,953,2026-10-10T02:45:00,2026-10-10T05:40:00,economy,,,,10045.0,INR,MAA > DEL,2026-09-10T21:27:54.694127,verified
Ignav,API,MAA,DEL,2026-10-10,30,IndiGo,937,2026-10-10T06:30:00,2026-10-10T09:25:00,economy,,,,10045.0,INR,MAA > DEL,2026-09-10T21:27:54.694135,verified
Ignav,API,MAA,DEL,2026-10-10,30,IndiGo,404,2026-10-10T09:15:00,2026-10-10T12:10:00,economy,,,,10045.0,INR,MAA > DEL,2026-09-10T21:27:54.694143,verified
Ignav,API,MAA,DEL,2026-10-10,30,IndiGo,939,2026-10-10T13:00:00,2026-10-10T15:55:00,economy,,,,10045.0,INR,MAA > DEL,2026-09-10T21:27:54.694151,verified
Ignav,API,MAA,DEL,2026-10-10,30,IndiGo,613,2026-10-10T19:00:00,2026-10-10T21:55:00,economy,,,,10045.0,INR,MAA > DEL,2026-09-10T21:27:54.694158,verified
Ignav,API,MAA,DEL,2026-10-10,30,IndiGo,2369,2026-10-10T23:45:00,2026-10-11T02:40:00,economy,,,,10045.0,INR,MAA > DEL,2026-09-10T21:27:54.694166,verified
Ignav,API,MAA,DEL,2026-10-10,30,IndiGo,948,2026-10-10T14:30:00,2026-10-10T17:30:00,economy,,,,10045.0,INR,MAA > DEL,2026-09-10T21:27:54.694174,verified
Ignav,API,MAA,DEL,2026-10-10,30,Air India,538,2026-10-10T20:10:00,2026-10-10T22:55:00,economy,,,,10183.0,INR,MAA > DEL,2026-09-10T21:27:54.694181,verified
Ignav,API,MAA,DEL,2026-10-10,30,Air India,2832,2026-10-10T06:55:00,2026-10-10T09:45:00,economy,,,,10183.0,INR,MAA > DEL,2026-09-10T21:27:54.694189,verified
Ignav,API,MAA,DEL,2026-10-10,30,Air India,2468,2026-10-10T14:00:00,2026-10-10T16:55:00,economy,,,,10183.0,INR,MAA > DEL,2026-09-10T21:27:54.694196,verified
Ignav,API,MAA,DEL,2026-10-10,30,Air India,2886,2026-10-10T08:05:00,2026-10-10T11:05:00,economy,,,,10183.0,INR,MAA > DEL,2026-09-10T21:27:54.694204,verified
Ignav,API,MAA,DEL,2026-10-10,30,Air India,2836,2026-10-10T11:00:00,2026-10-10T14:00:00,economy,,,,10183.0,INR,MAA > DEL,2026-09-10T21:27:54.694211,verified
Ignav,API,MAA,DEL,2026-10-10,30,Air India,2484,2026-10-10T16:20:00,2026-10-10T19:20:00,economy,,,,10183.0,INR,MAA > DEL,2026-09-10T21:27:54.694219,verified
Ignav,API,MAA,DEL,2026-10-10,30,Air India,2838,2026-10-10T21:40:00,2026-10-11T00:40:00,economy,,,,10183.0,INR,MAA > DEL,2026-09-10T21:27:54.694227,verified
Ignav,API,MAA,DEL,2026-10-10,30,IndiGo,698,2026-10-10T16:45:00,2026-10-10T19:40:00,economy,,,,10510.0,INR,MAA > DEL,2026-09-10T21:27:54.694235,verified
Ignav,API,MAA,DEL,2026-10-25,45,IndiGo,"6797, 735",2026-10-25T13:50:00,2026-10-25T19:25:00,economy,,,,9463.0,INR,MAA > RPR > DEL,2026-09-10T21:28:01.106677,verified
Ignav,API,MAA,DEL,2026-10-25,45,IndiGo,"6925, 6043",2026-10-25T10:40:00,2026-10-25T15:20:00,economy,,,,9673.0,INR,MAA > HYD > DEL,2026-09-10T21:28:01.106705,verified
Ignav,API,MAA,DEL,2026-10-25,45,IndiGo,"2445, 890",2026-10-25T18:35:00,2026-10-25T23:35:00,economy,,,,9673.0,INR,MAA > HYD > DEL,2026-09-10T21:28:01.106716,verified
Ignav,API,MAA,DEL,2026-10-25,45,IndiGo,"6892, 870",2026-10-25T17:25:00,2026-10-25T22:20:00,economy,,,,9752.0,INR,MAA > BLR > DEL,2026-09-10T21:28:01.106724,verified
Ignav,API,MAA,DEL,2026-10-25,45,IndiGo,953,2026-10-25T02:45:00,2026-10-25T05:40:00,economy,,,,10045.0,INR,MAA > DEL,2026-09-10T21:28:01.106733,verified
Ignav,API,MAA,DEL,2026-10-25,45,IndiGo,404,2026-10-25T09:00:00,2026-10-25T11:55:00,economy,,,,10045.0,INR,MAA > DEL,2026-09-10T21:28:01.106741,verified
Ignav,API,MAA,DEL,2026-10-25,45,IndiGo,2202,2026-10-25T21:30:00,2026-10-26T00:25:00,economy,,,,10045.0,INR,MAA > DEL,2026-09-10T21:28:01.106750,verified
Ignav,API,MAA,DEL,2026-10-25,45,IndiGo,6343,2026-10-25T23:45:00,2026-10-26T02:40:00,economy,,,,10045.0,INR,MAA > DEL,2026-09-10T21:28:01.106758,verified
Ignav,API,MAA,DEL,2026-10-25,45,Air India,2886,2026-10-25T08:05:00,2026-10-25T10:55:00,economy,,,,10183.0,INR,MAA > DEL,2026-09-10T21:28:01.106766,verified
Ignav,API,MAA,DEL,2026-10-25,45,Air India,2524,2026-10-25T12:20:00,2026-10-25T15:15:00,economy,,,,10183.0,INR,MAA > DEL,2026-09-10T21:28:01.106774,verified
Ignav,API,MAA,DEL,2026-10-25,45,Air India,2526,2026-10-25T09:50:00,2026-10-25T12:45:00,economy,,,,10435.0,INR,MAA > DEL,2026-09-10T21:28:01.106782,verified
Ignav,API,MAA,DEL,2026-10-25,45,Air India,2836,2026-10-25T11:00:00,2026-10-25T13:55:00,economy,,,,10435.0,INR,MAA > DEL,2026-09-10T21:28:01.106790,verified
Ignav,API,MAA,DEL,2026-10-25,45,IndiGo,6002,2026-10-25T11:00:00,2026-10-25T13:55:00,economy,,,,10510.0,INR,MAA > DEL,2026-09-10T21:28:01.106797,verified
Ignav,API,MAA,DEL,2026-10-25,45,IndiGo,2335,2026-10-25T12:30:00,2026-10-25T15:25:00,economy,,,,10510.0,INR,MAA > DEL,2026-09-10T21:28:01.106804,verified
Ignav,API,MAA,DEL,2026-10-25,45,IndiGo,948,2026-10-25T14:15:00,2026-10-25T17:10:00,economy,,,,10510.0,INR,MAA > DEL,2026-09-10T21:28:01.106812,verified
Ignav,API,MAA,DEL,2026-10-25,45,IndiGo,698,2026-10-25T16:30:00,2026-10-25T19:25:00,economy,,,,10510.0,INR,MAA > DEL,2026-09-10T21:28:01.106819,verified
Ignav,API,MAA,DEL,2026-10-25,45,Air India,538,2026-10-25T20:00:00,2026-10-25T22:45:00,economy,,,,10603.0,INR,MAA > DEL,2026-09-10T21:28:01.106827,verified
Ignav,API,MAA,DEL,2026-10-25,45,IndiGo,937,2026-10-25T05:45:00,2026-10-25T08:40:00,economy,,,,11000.0,INR,MAA > DEL,2026-09-10T21:28:01.106835,verified
Ignav,API,MAA,DEL,2026-10-25,45,IndiGo,613,2026-10-25T19:00:00,2026-10-25T21:55:00,economy,,,,11000.0,INR,MAA > DEL,2026-09-10T21:28:01.106842,verified
Ignav,API,MAA,DEL,2026-10-25,45,Air India,2508,2026-10-25T15:45:00,2026-10-25T18:40:00,economy,,,,11138.0,INR,MAA > DEL,2026-09-10T21:28:01.106849,verified
Ignav,API,MAA,DEL,2026-10-25,45,Air India,2832,2026-10-25T06:55:00,2026-10-25T09:45:00,economy,,,,11411.0,INR,MAA > DEL,2026-09-10T21:28:01.106857,verified
